Type,Air temperature [K],Process temperature [K],Rotational speed [rpm],Torque [Nm],Tool wear [min],Temp_Diff,Power,Wear_Load,Machine failure
M,305.0,314.0,1405.0,54.1,175,9.0,7959.800946522899,9467.5,0
L,302.8,311.3,1392.85,47.5,180,8.5,6928.29826862486,8550.0,0
M,304.2,312.5,1724.95,41.0,171,8.300000000000011,7406.090005339941,7011.0,0
M,304.2,312.6,1680.4,35.7,105,8.400000000000034,6282.1674311598235,3748.5000000000005,0
L,301.3,311.9,1456.3,47.7,77,10.599999999999966,7274.411196462276,3672.9,0
L,301.6,312.1,1309.15,49.2,185,10.5,6745.018276813208,9102.0,0
L,301.6,312.5,1595.35,43.9,174,10.899999999999977,7334.138632393549,7638.599999999999,0
L,300.7,311.1,1515.7,43.2,199,10.400000000000034,6856.865258466311,8596.800000000001,0
M,304.2,312.6,1930.15,30.1,99,8.400000000000034,6083.957543860761,2979.9,0
H,298.2,308.2,1365.85,57.8,151,10.0,8267.219401244824,8727.8,0
L,299.4,310.0,1710.1,37.3,13,10.600000000000023,6679.730745483854,484.9,0
L,301.6,310.3,1407.7,46.1,32,8.699999999999989,6795.785366897667,1475.2,0
L,302.9,313.9,1390.15,56.7,189,11.0,8254.168701763037,10716.300000000001,0
L,300.9,311.1,1824.85,37.6,81,10.200000000000045,7185.278976892178,3045.6,0
L,306.0,314.2,1437.4,45.1,27,8.199999999999989,6788.640338005853,1217.7,0
L,303.5,313.7,1486.0,42.5,152,10.199999999999989,6613.576134582113,6460.0,0
H,303.4,312.4,1364.5,51.8,69,9.0,7401.707483588183,3574.2,0
L,302.6,313.2,1407.7,47.1,188,10.599999999999966,6943.199366179611,8854.800000000001,0
L,303.2,312.1,1255.15,58.8,75,8.900000000000034,7728.613237540329,4410.0,0
H,301.7,312.8,1774.9,38.4,180,11.100000000000023,7137.296385096351,6912.0,0
M,304.0,312.8,1267.3,55.5,30,8.800000000000011,7365.479684304537,1665.0,0
L,306.3,315.1,1317.25,50.4,152,8.800000000000011,6952.28171054114,7660.8,0
L,306.5,314.9,1237.6,70.5,200,8.399999999999977,9136.882409994409,14100.0,1
M,306.0,314.9,1463.05,42.5,110,8.899999999999977,6511.435103432274,4675.0,0
M,303.1,312.2,1392.85,48.1,5,9.099999999999966,7015.81361517591,240.5,0
L,298.4,308.4,1951.75,29.7,72,10.0,6070.28742702744,2138.4,0
L,303.2,312.8,1417.15,54.4,90,9.600000000000023,8073.155892649726,4896.0,0
L,303.1,312.7,1480.6,47.6,60,9.599999999999966,7380.288104876008,2856.0,0
M,299.8,310.4,1556.2,40.9,58,10.599999999999966,6665.2637113140745,2372.2,0
M,304.5,313.2,1500.85,47.1,179,8.699999999999989,7402.643154600179,8430.9,0
L,303.2,314.3,1314.55,61.8,67,11.100000000000023,8507.34808291951,4140.599999999999,0
L,301.7,310.9,1457.65,45.9,177,9.199999999999989,7006.394073202899,8124.3,0
L,300.9,310.1,1554.85,40.7,94,9.200000000000045,6626.916907785582,3825.8,0
M,303.2,313.3,1217.35,61.0,35,10.100000000000023,7776.316227589986,2135.0,0
L,303.6,312.5,1325.35,52.1,103,8.899999999999977,7230.97606003252,5366.3,0
M,300.0,310.6,1884.25,35.0,133,10.600000000000023,6906.136950447662,4655.0,0
L,301.2,312.1,1808.65,35.7,114,10.900000000000034,6761.629447969064,4069.8,0
L,301.0,311.5,1395.55,46.1,160,10.5,6737.130261258819,7376.0,0
M,303.3,312.4,1355.05,47.4,62,9.099999999999966,6726.083897890021,2938.7999999999997,0
L,302.2,311.6,1286.2,59.3,144,9.400000000000034,7987.14955776995,8539.199999999999,0
L,303.5,312.5,1175.5,58.9,75,9.0,7250.4764492321265,4417.5,0
M,300.5,310.7,1276.75,61.4,104,10.199999999999989,8209.238167230173,6385.599999999999,0
L,302.9,311.9,1255.15,51.5,74,9.0,6769.10853287971,3811.0,0
L,303.5,314.2,1476.55,42.1,113,10.699999999999989,6509.668481163406,4757.3,0
L,303.1,312.8,1467.1,46.5,117,9.699999999999989,7143.997402226457,5440.5,0
M,301.6,312.5,1325.35,51.0,53,10.899999999999977,7078.306699839894,2703.0,0
L,301.3,310.9,1897.75,33.0,57,9.599999999999966,6558.153204185032,1881.0,0
M,298.1,308.2,1391.5,53.0,40,10.099999999999966,7723.029580197348,2120.0,0
L,303.9,312.6,1527.85,41.0,181,8.700000000000045,6559.839192242459,7421.0,0
L,300.4,311.1,1427.95,51.0,4,10.700000000000045,7626.263290479026,204.0,0
L,305.0,314.1,1468.45,46.6,3,9.100000000000023,7165.948757294641,139.8,0
M,303.5,312.7,1445.5,48.2,171,9.199999999999989,7296.1499704275675,8242.2,0
L,305.0,312.5,1449.55,49.2,154,7.5,7468.388834858179,7576.8,0
L,304.8,313.7,1436.05,46.7,141,8.899999999999977,7022.876962658732,6584.700000000001,0
H,303.4,313.9,1440.1,46.0,38,10.5,6937.118289999812,1748.0,0
L,301.6,310.2,1413.1,42.9,119,8.599999999999966,6348.319947666462,5105.099999999999,0
M,302.1,311.4,1129.6,70.1,83,9.299999999999955,8292.229620360053,5818.299999999999,0
L,303.4,312.7,1391.5,51.2,143,9.300000000000011,7460.738009549136,7321.6,0
L,301.7,310.6,1108.0,76.2,76,8.900000000000034,8841.447036850826,5791.2,1
M,304.7,312.5,1432.0,48.4,111,7.800000000000011,7258.000563637475,5372.4,0
M,302.4,311.5,1249.75,64.2,133,9.100000000000023,8402.079596283025,8538.6,0
L,302.5,311.5,1715.5,36.3,48,9.0,6521.17665865228,1742.3999999999999,0
L,301.0,311.5,1487.35,52.5,132,10.5,8177.133708304363,6930.0,0
L,301.6,312.2,1554.85,41.4,20,10.599999999999966,6740.893365659043,828.0,0
L,302.6,311.6,1773.55,33.4,55,9.0,6203.239104528583,1837.0,0
L,299.5,309.7,1425.25,47.4,126,10.199999999999989,7074.536788655586,5972.4,0
M,302.8,313.7,1178.2,59.4,170,10.899999999999977,7328.820439629799,10098.0,0
H,303.3,312.9,1321.3,52.0,33,9.599999999999966,7195.043046859534,1716.0,0
L,301.2,311.7,1648.0,38.4,92,10.5,6627.001207188453,3532.7999999999997,0
L,299.8,310.2,1558.9,43.7,9,10.399999999999977,7133.921267388844,393.3,0
L,301.0,312.1,1839.7,36.9,20,11.100000000000023,7108.893245915244,738.0,0
L,302.7,311.8,1864.0,31.0,6,9.100000000000023,6051.12632983442,186.0,0
L,302.9,313.5,1697.95,37.7,103,10.600000000000023,6703.395839344572,3883.1000000000004,0
M,301.8,310.7,1137.7,59.5,185,8.899999999999977,7088.8100912783975,11007.5,0
M,301.3,311.1,1244.35,57.1,117,9.800000000000011,7440.588357867786,6680.7,0
L,303.6,311.6,1423.9,44.1,156,8.0,6575.771255786365,6879.6,0
M,303.2,312.6,1569.7,35.6,108,9.400000000000034,5851.878146163346,3844.8,0
M,304.6,313.5,1916.65,31.1,159,8.899999999999977,6242.115790017982,4944.900000000001,0
H,301.8,310.7,1298.35,52.4,82,8.899999999999977,7124.455648723577,4296.8,0
M,304.0,313.1,1638.55,41.8,115,9.100000000000023,7172.401588605114,4807.0,0
H,299.6,309.9,1314.55,47.8,192,10.299999999999955,6580.117125623829,9177.599999999999,0
L,302.2,312.9,1265.95,56.2,188,10.699999999999989,7450.432538447811,10565.6,0
L,299.1,309.6,1419.85,49.1,80,10.5,7300.4995054564615,3928.0,0
L,303.3,312.8,1677.7,40.9,151,9.5,7185.652826417955,6175.9,0
L,300.7,311.0,1800.55,37.3,91,10.300000000000011,7033.032684510236,3394.2999999999997,0
M,301.5,310.6,1618.3,41.4,22,9.100000000000023,7015.974360000019,910.8,0
H,299.5,309.9,1889.65,35.3,179,10.399999999999977,6985.2940897438375,6318.7,0
M,306.2,314.8,1672.3,39.8,203,8.600000000000023,6969.889290166959,8079.4,0
L,301.0,310.3,1198.45,57.8,186,9.300000000000011,7253.980372238431,10750.8,0
L,303.5,312.9,1411.75,52.6,15,9.399999999999977,7776.284811663451,789.0,0
H,303.6,312.6,1803.25,32.9,93,9.0,6212.701058002421,3059.7,0
L,305.2,314.2,1572.4,42.1,186,9.0,6932.242538201443,7830.6,0
L,303.4,312.4,1481.95,44.0,148,9.0,6828.335408381511,6512.0,0
M,302.3,311.6,1333.45,56.0,82,9.300000000000011,7819.759218001377,4592.0,0
L,302.2,311.6,1180.9,61.4,166,9.400000000000034,7592.942511597503,10192.4,0
L,301.2,311.7,1486.0,45.4,0,10.5,7064.8554472947735,0.0,0
L,306.6,315.3,1307.8,58.0,184,8.699999999999989,7943.2447532384795,10672.0,0
L,300.9,312.1,1467.1,43.2,92,11.200000000000045,6637.004038197483,3974.4,0
L,299.6,310.1,1405.0,42.6,208,10.5,6267.791503176996,8860.800000000001,0
L,305.8,313.4,1437.4,51.4,65,7.599999999999966,7736.942646862546,3341.0,0
L,305.1,312.8,1382.05,49.2,156,7.699999999999989,7120.614528105789,7675.200000000001,0
L,302.4,311.2,1554.85,42.6,111,8.800000000000011,6936.281579156407,4728.6,0
L,306.4,314.7,1812.7,32.4,163,8.300000000000011,6150.346203415194,5281.2,0
L,300.2,310.9,1444.15,41.7,92,10.699999999999989,6306.334132647563,3836.4,0
L,305.9,314.7,1237.6,53.5,26,8.800000000000011,6933.662538080864,1391.0,0
L,301.4,312.0,1382.05,53.9,109,10.600000000000023,7800.835834652479,5875.099999999999,0
L,301.2,310.5,1224.1,55.0,190,9.300000000000011,7050.309873308654,10450.0,0
M,306.1,313.9,1580.5,44.0,95,7.7999999999999545,7282.421210531379,4180.0,0
H,301.4,310.7,1224.1,56.1,79,9.300000000000011,7191.316070774826,4431.900000000001,0
L,300.6,309.8,1454.95,48.8,71,9.199999999999989,7435.26597631383,3464.7999999999997,0
M,300.8,309.8,1276.75,58.4,101,9.0,7808.135325183095,5898.4,0
M,302.5,312.1,1171.45,61.5,199,9.600000000000023,7544.448363797915,12238.5,0
L,306.2,314.4,1174.15,67.3,137,8.199999999999989,8274.985941883275,9220.1,0
L,304.2,312.7,1777.6,33.9,3,8.5,6310.479464153973,101.69999999999999,0
L,299.2,309.4,1469.8,42.6,114,10.199999999999989,6556.868292789714,4856.400000000001,0
M,298.9,309.4,1309.15,58.0,210,10.5,7951.444310064351,12180.0,0
L,300.1,310.6,1460.35,48.0,123,10.5,7340.5197306717655,5904.0,0
L,302.7,313.4,1194.4,57.8,143,10.699999999999989,7229.466524762471,8265.4,0
L,304.3,313.3,1383.4,52.2,148,9.0,7562.177941938449,7725.6,0
L,303.2,313.7,1280.8,51.7,215,10.5,6934.265723870354,11115.5,0
M,299.4,309.6,1672.3,40.0,10,10.200000000000045,7004.913859464281,400.0,0
L,304.2,312.1,1405.0,56.0,36,7.900000000000034,8239.35033281483,2016.0,0
M,304.8,313.4,1518.4,40.7,17,8.599999999999966,6471.56358026924,691.9000000000001,0
M,300.4,311.0,2057.05,29.6,37,10.600000000000023,6376.247659159326,1095.2,0
M,301.4,312.1,1344.25,50.9,153,10.700000000000045,7165.169118717774,7787.7,0
L,305.2,314.3,1905.85,33.4,2,9.100000000000023,6665.976852846438,66.8,0
L,303.5,312.4,1576.45,39.6,84,8.899999999999977,6537.384135152151,3326.4,0
L,303.0,312.8,1348.3,54.6,155,9.800000000000011,7709.173062199914,8463.0,0
L,302.5,311.3,1500.85,37.7,168,8.800000000000011,5925.257896569569,6333.6,0
H,299.9,310.3,1425.25,51.6,169,10.400000000000034,7701.394478789627,8720.4,0
L,302.8,313.5,1376.65,54.2,62,10.699999999999989,7813.604837992996,3360.4,0
L,306.1,314.3,2324.35,25.7,219,8.199999999999989,6255.517824278196,5628.3,0
L,305.1,314.2,1256.5,53.5,54,9.099999999999966,7039.549918470108,2889.0,0
H,302.6,313.4,1256.5,64.7,50,10.799999999999955,8513.250088318056,3235.0,0
L,300.7,309.8,1463.05,43.9,68,9.100000000000023,6725.929436251219,2985.2,0
L,300.0,310.9,1367.2,56.5,193,10.899999999999977,8089.265979777334,10904.5,0
L,305.0,313.4,1772.2,32.6,124,8.399999999999977,6050.04981075179,4042.4,0
L,303.1,312.3,1819.45,32.4,211,9.199999999999989,6173.248413859865,6836.4,0
M,300.7,309.8,1511.65,41.8,100,9.100000000000023,6616.924025153288,4180.0,0
L,300.9,310.0,1442.8,50.8,125,9.100000000000023,7675.354864481571,6350.0,0
L,300.0,310.7,1248.4,54.5,121,10.699999999999989,7124.901754880388,6594.5,0
L,301.3,312.0,1318.6,50.1,154,10.699999999999989,6917.981801949247,7715.400000000001,0
L,299.9,310.3,1329.4,51.0,113,10.400000000000034,7099.936565259861,5763.0,0
H,301.8,312.4,1487.35,49.6,25,10.599999999999966,7725.444417750407,1240.0,0
L,302.9,313.8,1294.3,55.9,58,10.900000000000034,7576.6177489718975,3242.2,0
L,299.1,309.3,1387.45,48.0,158,10.199999999999989,6974.084363557054,7584.0,0
L,303.7,311.9,2075.95,27.7,169,8.199999999999989,6021.7854252462175,4681.3,0
M,303.2,312.6,1519.75,46.5,50,9.400000000000034,7400.374924704286,2325.0,0
H,300.5,309.9,1398.25,45.8,132,9.399999999999977,6706.237409899743,6045.599999999999,0
M,306.3,314.5,1241.65,53.1,143,8.199999999999989,6904.342577443687,7593.3,0
M,303.3,313.4,1450.9,47.9,15,10.099999999999966,7277.825060479177,718.5,0
L,302.1,312.2,1261.9,68.5,13,10.099999999999966,9051.991340506658,890.5,0
L,302.9,313.6,1195.75,62.6,111,10.700000000000045,7838.687313739256,6948.6,0
L,303.1,312.4,1349.65,57.7,155,9.299999999999955,8155.030509591256,8943.5,0
L,303.6,312.8,1450.9,49.0,99,9.199999999999989,7444.956742452604,4851.0,0
M,304.8,313.7,1344.25,49.7,127,8.899999999999977,6996.245681734252,6311.900000000001,0
M,301.9,311.0,1261.9,52.9,88,9.100000000000023,6990.51594033288,4655.2,0
L,303.0,311.3,1460.35,45.0,221,8.300000000000011,6881.737247504781,9945.0,0
L,300.7,309.8,1442.8,54.7,74,9.100000000000023,8264.604548959487,4047.8,0
M,299.7,310.5,1535.95,48.0,4,10.800000000000011,7720.526778049989,192.0,0
M,303.4,314.1,1148.5,56.6,76,10.700000000000045,6807.318153528995,4301.6,0
L,299.8,311.0,1487.35,45.4,171,11.199999999999989,7071.273721086057,7763.4,0
L,302.3,311.5,1612.9,35.1,16,9.199999999999989,5928.477505440724,561.6,0
L,303.8,312.4,1367.2,52.7,92,8.599999999999966,7545.2091528188585,4848.400000000001,0
L,305.4,314.4,1264.6,59.4,160,9.0,7866.25897806471,9504.0,0
M,305.9,314.8,1457.65,38.8,37,8.900000000000034,5922.616340746676,1435.6,0
M,304.9,313.0,1530.55,44.5,64,8.100000000000023,7132.407543328588,2848.0,0
L,301.8,310.9,1588.6,39.1,152,9.099999999999966,6504.590096638878,5943.2,0
L,301.6,312.6,1990.9,31.9,158,11.0,6650.721278920607,5040.2,0
L,299.9,310.0,1318.6,46.0,154,10.100000000000023,6351.839578636035,7084.0,0
M,304.8,312.7,1481.95,47.7,141,7.899999999999977,7402.536340449956,6725.700000000001,0
H,304.9,312.1,1553.5,36.9,179,7.2000000000000455,6002.970950442644,6605.099999999999,0
L,300.2,310.2,1198.45,61.0,156,10.0,7655.584821912531,9516.0,0
L,300.8,310.1,1460.35,41.9,82,9.300000000000011,6407.662014898896,3435.7999999999997,0
L,304.4,313.0,1224.1,51.8,130,8.600000000000023,6640.110026134331,6734.0,0
M,306.0,314.3,1589.95,42.8,121,8.300000000000011,7126.16467512713,5178.799999999999,0
L,304.5,313.1,1295.65,58.5,187,8.600000000000023,7937.288817166051,10939.5,0
L,301.2,311.8,1542.7,39.8,217,10.600000000000023,6429.736415679345,8636.599999999999,0
H,300.3,311.2,1622.35,41.0,29,10.899999999999977,6965.57588345358,1189.0,0
L,303.5,314.3,1406.35,50.6,107,10.800000000000011,7451.994957194195,5414.2,0
M,302.3,313.1,1777.6,33.5,171,10.800000000000011,6236.019529473691,5728.5,0
L,300.0,310.8,1463.05,45.8,157,10.800000000000011,7017.028887934073,7190.599999999999,0
M,300.8,309.7,1715.5,35.1,7,8.899999999999977,6305.600570762949,245.70000000000002,0
L,301.6,310.8,1425.25,46.3,88,9.199999999999989,6910.359774572862,4074.3999999999996,0
M,302.9,311.7,1243.0,59.2,143,8.800000000000011,7705.8660123332365,8465.6,0
M,302.3,311.3,1611.55,39.1,211,9.0,6598.55984529673,8250.1,0
L,304.1,312.6,1430.65,51.4,222,8.5,7700.61012782378,11410.8,0
M,302.9,312.5,1616.95,39.4,41,9.600000000000023,6671.468356804914,1615.3999999999999,0
M,301.9,311.0,2015.2,27.8,204,9.100000000000023,5866.668764376447,5671.2,0
H,300.8,312.1,1434.7,45.6,85,11.300000000000011,6851.009329760021,3876.0,0
L,302.7,313.5,1488.7,45.2,67,10.800000000000011,7046.512734988015,3028.4,0
H,299.9,310.7,1183.6,59.1,130,10.800000000000011,7325.226457634091,7683.0,0
L,301.5,312.1,1588.6,41.0,210,10.600000000000023,6820.669922306752,8610.0,0
H,305.4,313.2,2235.25,25.8,91,7.800000000000011,6039.130681885464,2347.8,0
L,299.8,310.1,1430.65,44.0,150,10.300000000000011,6591.961977125416,6600.0,0
M,304.8,313.8,1388.8,56.0,180,9.0,8144.348570970275,10080.0,0
L,299.9,310.5,1423.9,52.9,20,10.600000000000023,7887.943297757339,1058.0,0
H,303.0,312.0,1230.85,68.4,102,9.0,8816.370844289873,6976.8,0
L,302.7,313.0,1594.0,41.7,147,10.300000000000011,6960.701178852761,6129.900000000001,0
M,301.3,312.0,1400.95,52.9,80,10.699999999999989,7760.807755455541,4232.0,0
L,299.8,310.3,2580.8500000000004,22.9,49,10.5,6189.090942013143,1122.1,0
M,301.1,312.2,1190.35,58.5,12,11.099999999999966,7292.209889641189,702.0,0
L,302.3,311.3,1140.4,64.4,188,9.0,7690.803122756824,12107.2,0
L,303.6,312.2,1417.15,51.4,54,8.599999999999966,7627.945089746249,2775.6,0
M,303.3,312.5,1299.7,58.6,141,9.199999999999989,7975.7099717206775,8262.6,0
L,303.2,312.2,1515.7,40.8,31,9.0,6475.928299662627,1264.8,0
L,300.9,311.4,1476.55,51.2,141,10.5,7916.746466403002,7219.200000000001,0
M,304.5,312.6,1588.6,42.3,9,8.100000000000023,7036.93506618477,380.7,0
L,302.8,311.8,1453.6,47.2,24,9.0,7184.814021179447,1132.8000000000002,0
L,304.5,312.6,1186.3,63.3,192,8.100000000000023,7863.698580052035,12153.599999999999,0
L,306.5,315.1,1508.95,58.9,119,8.600000000000023,9307.193907332045,7009.099999999999,0
L,302.8,311.6,1548.1,46.1,140,8.800000000000011,7473.577698724358,6454.0,0
L,303.1,312.5,1616.95,41.8,148,9.399999999999977,7077.852216102675,6186.4,0
L,299.3,309.9,1572.4,43.4,72,10.599999999999966,7146.302284036641,3124.7999999999997,0
L,305.6,314.9,1437.4,48.1,107,9.299999999999955,7240.21286603285,5146.7,0
M,301.5,312.1,1405.0,55.5,123,10.600000000000023,8165.7847048432695,6826.5,0
L,304.7,313.1,1598.05,42.6,94,8.400000000000034,7128.99943889822,4004.4,0
L,300.5,310.3,1294.3,64.2,218,9.800000000000011,8701.589615098315,13995.6,1
M,303.1,311.4,1330.75,52.2,84,8.299999999999955,7274.373497350434,4384.8,0
M,299.7,310.8,1402.3,55.9,143,11.100000000000023,8208.831854580307,7993.7,0
M,302.7,312.6,2074.6,28.8,83,9.900000000000034,6256.8461943718885,2390.4,0
M,303.5,312.6,1689.85,35.3,14,9.100000000000023,6246.711940070183,494.19999999999993,0
M,305.4,314.5,1966.6,29.2,23,9.100000000000023,6013.502616215028,671.6,0
M,306.4,315.1,1386.1,50.8,97,8.700000000000045,7373.724270625107,4927.599999999999,0
L,300.0,310.9,1552.15,38.7,5,10.899999999999977,6290.327718077523,193.5,0
L,303.2,314.3,1487.35,45.9,58,11.100000000000023,7149.15118497467,2662.2,0
H,299.8,310.8,1421.2,52.2,134,11.0,7768.806773950356,6994.8,0
M,303.9,312.8,1463.05,47.9,107,8.900000000000034,7338.770387162493,5125.3,0
L,298.1,308.2,1573.75,39.2,131,10.099999999999966,6460.266413086932,5135.200000000001,0
M,302.7,312.2,1595.35,38.3,27,9.5,6398.576528944714,1034.1,0
M,303.4,312.0,1557.55,44.0,204,8.600000000000023,7176.675201811547,8976.0,0
M,301.0,311.0,1990.9,30.0,196,10.0,6254.596814031919,5880.0,0
L,300.1,310.7,1390.15,47.0,44,10.599999999999966,6842.079876240967,2068.0,0
L,302.9,313.4,1492.75,36.8,135,10.5,5752.591251939293,4968.0,0
L,306.5,315.0,2575.45,23.0,117,8.5,6203.111346427338,2691.0,0
L,299.4,310.0,1450.9,42.5,84,10.600000000000023,6457.360439882361,3570.0,0
L,302.4,311.6,1125.55,67.3,163,9.200000000000045,7932.470661232994,10969.9,0
M,306.0,314.3,1480.6,41.3,71,8.300000000000011,6403.485267465948,2932.2999999999997,0
M,300.4,309.8,1156.6,67.3,75,9.400000000000034,8151.299868315117,5047.5,0
L,304.3,313.0,1461.7,49.6,12,8.699999999999989,7592.215756496972,595.2,0
M,301.4,311.6,1513.0,42.5,204,10.200000000000045,6733.742053581922,8670.0,0
L,302.7,311.8,1430.65,49.8,161,9.100000000000023,7460.902419564673,8017.799999999999,0
L,302.3,311.0,1576.45,38.8,100,8.699999999999989,6405.31576878544,3879.9999999999995,0
L,303.1,312.7,1283.5,61.7,80,9.599999999999966,8292.96161144834,4936.0,0
H,300.9,310.7,1211.95,60.9,130,9.800000000000011,7729.130029531844,7917.0,0
L,302.1,312.8,1419.85,54.9,116,10.699999999999989,8162.880302435025,6368.4,0
L,299.1,309.5,1499.5,43.1,60,10.399999999999977,6767.875457763175,2586.0,0
L,303.9,312.4,1336.15,57.7,108,8.5,8073.459056340798,6231.6,0
M,298.7,309.3,1356.4,50.8,11,10.600000000000023,7215.72729289077,558.8,0
M,303.2,312.8,1403.65,49.2,71,9.600000000000023,7231.902306266554,3493.2000000000003,0
L,301.0,311.5,1486.0,41.1,68,10.5,6395.717156031173,2794.8,0
L,300.4,311.1,1550.8,40.0,32,10.700000000000045,6495.975849582735,1280.0,0
L,304.4,311.7,1550.8,39.4,133,7.300000000000011,6398.536211838993,5240.2,0
H,303.0,312.6,1302.4,55.2,201,9.600000000000023,7528.562900545038,11095.2,0
L,302.7,311.8,1288.9,57.3,163,9.100000000000023,7733.969653014698,9339.9,0
M,301.6,310.7,2108.35,28.3,178,9.099999999999966,6248.240848494931,5037.400000000001,0
H,300.2,309.2,1326.7,52.1,26,9.0,7238.341524008862,1354.6000000000001,0
L,301.3,311.7,1429.3,47.0,131,10.399999999999977,7034.769461648895,6157.0,0
L,298.0,308.0,1585.9,37.5,176,10.0,6227.814736660066,6600.0,0
L,300.7,309.8,1758.7,34.1,66,9.100000000000023,6280.2185965170465,2250.6,0
L,303.3,312.6,1642.6,38.6,139,9.300000000000011,6639.689052718751,5365.400000000001,0
H,303.3,312.8,1581.85,40.8,40,9.5,6758.558541150178,1632.0,0
L,303.6,312.8,1117.45,63.7,169,9.199999999999989,7454.116055834144,10765.300000000001,0
M,306.3,315.2,1706.05,34.5,190,8.899999999999977,6163.6712686553965,6555.0,0
M,301.5,312.3,1533.25,41.3,177,10.800000000000011,6631.192615387117,7310.099999999999,0
L,303.0,313.7,1299.7,62.7,104,10.699999999999989,8533.737461209666,6520.8,0
H,302.2,311.5,1253.8,54.8,86,9.300000000000011,7195.110067502811,4712.8,0
L,304.4,312.4,1133.65,70.8,22,8.0,8405.060967711283,1557.6,1
M,302.7,313.3,1540.0,39.2,73,10.600000000000023,6321.7221770636215,2861.6000000000004,0
M,302.8,313.7,1252.45,55.9,222,10.899999999999977,7331.634783048639,12409.8,1
M,306.3,314.9,1847.8,35.8,66,8.599999999999966,6927.341653661841,2362.7999999999997,0
M,306.3,315.1,2255.5,26.6,22,8.800000000000011,6282.797844085643,585.2,0
L,303.6,314.3,1550.8,39.9,134,10.699999999999989,6479.7359099587775,5346.599999999999,0
L,299.4,310.1,1747.9,36.8,60,10.700000000000045,6735.859487030441,2208.0,0
M,303.0,313.7,1110.7,72.0,87,10.699999999999989,8374.48070482124,6264.0,0
L,301.8,310.6,1337.5,56.1,67,8.800000000000011,7857.515925709771,3758.7000000000003,0
L,304.1,312.1,1675.0,34.6,16,8.0,6069.0334079598815,553.6,0
L,301.8,310.6,1291.6,58.6,189,8.800000000000011,7926.003692755579,11075.4,0
H,302.5,311.7,1461.7,50.4,107,9.199999999999989,7714.670849343696,5392.8,0
H,302.9,311.3,1282.15,59.2,54,8.400000000000034,7948.57289437897,3196.8,0
M,302.3,311.1,1109.35,66.0,90,8.800000000000011,7667.27678257164,5940.0,0
L,304.6,313.4,1673.65,38.9,106,8.799999999999955,6817.7780862691225,4123.4,0
L,300.8,310.1,1429.3,54.1,80,9.300000000000011,8097.468678195857,4328.0,0
L,305.1,314.3,1438.75,42.2,44,9.199999999999989,6358.086112028924,1856.8000000000002,0
L,302.3,311.6,1252.45,59.6,137,9.300000000000011,7816.912935057226,8165.2,0
L,302.3,311.1,1402.3,47.9,207,8.800000000000011,7034.043753745917,9915.3,0
L,300.0,310.6,1471.15,47.0,202,10.600000000000023,7240.747983981511,9494.0,0
L,303.2,313.0,1305.1,60.0,91,9.800000000000011,8200.185144400077,5460.0,0
L,300.1,310.7,1178.2,58.9,141,10.599999999999966,7267.130031888806,8304.9,0
L,304.1,312.5,1839.7,33.5,40,8.399999999999977,6453.873272036876,1340.0,0
M,301.8,311.1,1255.15,54.7,49,9.300000000000011,7189.713334922721,2680.3,0
L,300.5,310.5,1695.25,34.7,203,10.0,6160.157920871132,7044.1,0
M,304.7,312.1,1244.35,59.6,12,7.400000000000034,7766.358426075658,715.2,1
L,301.3,312.1,1522.45,44.2,181,10.800000000000011,7046.8321302411305,8000.200000000001,0
M,302.9,313.6,1446.85,44.4,53,10.700000000000045,6727.211729652659,2353.2,0
L,299.9,310.4,1190.35,69.8,98,10.5,8700.790603366751,6840.4,0
L,302.7,311.2,1329.4,59.3,57,8.5,8255.416437645288,3380.1,0
M,304.7,313.7,1376.65,57.0,66,9.0,8217.25970047234,3762.0,0
M,300.2,311.0,1606.15,37.7,32,10.800000000000011,6340.975427641147,1206.4,0
L,302.0,311.3,1197.1,62.1,147,9.300000000000011,7784.857170817545,9128.7,0
M,301.2,311.7,1587.25,42.6,8,10.5,7080.819973962767,340.8,0
L,303.9,312.7,1325.35,61.7,176,8.800000000000011,8563.363203531795,10859.2,0
H,302.4,311.6,1371.25,59.0,119,9.200000000000045,8472.220888262174,7021.0,0
M,303.8,312.8,1311.85,53.4,59,9.0,7335.91101424895,3150.6,0
M,306.0,314.0,1388.8,50.9,85,8.0,7402.631111828339,4326.5,0
M,302.8,313.4,1268.65,56.1,119,10.599999999999966,7453.0374423564135,6675.900000000001,0
M,300.9,311.3,1226.8,58.6,8,10.400000000000034,7528.353461034798,468.8,0
M,303.2,312.6,1340.2,49.7,184,9.400000000000034,6975.167165824991,9144.800000000001,0
M,303.5,312.7,1418.5,45.6,116,9.199999999999989,6773.650752258024,5289.6,0
M,303.3,314.0,1317.25,58.7,219,10.699999999999989,8097.201119221526,12855.300000000001,0
L,301.2,310.4,1251.1,54.9,60,9.199999999999989,7192.717221098328,3294.0,0
M,303.4,312.9,1606.15,43.3,153,9.5,7282.870981879618,6624.9,0
M,303.3,313.4,1735.75,34.9,45,10.099999999999966,6343.679291718335,1570.5,0
L,306.2,313.9,1504.9,41.3,153,7.699999999999989,6508.580966506488,6318.9,0
L,300.6,310.7,1680.4,38.3,49,10.099999999999966,6739.692230067822,1876.6999999999998,0
M,304.8,312.9,1453.6,51.2,210,8.099999999999966,7793.696565347196,10752.0,0
L,300.1,311.4,1410.4,48.2,231,11.299999999999955,7118.982994321025,11134.2,0
M,305.9,314.7,1286.2,56.4,34,8.800000000000011,7596.546965568721,1917.6,0
M,303.1,312.6,1372.6,53.5,196,9.5,7690.000969432606,10486.0,0
M,304.8,313.7,1611.55,39.5,199,8.899999999999977,6666.064293841964,7860.5,0
L,306.0,314.8,1454.95,47.4,96,8.800000000000011,7221.959165517942,4550.4,0
M,304.7,312.8,1228.15,56.3,36,8.100000000000023,7240.831236186831,2026.8,0
M,305.9,314.2,1504.9,46.2,45,8.300000000000011,7280.785487956411,2079.0,0
H,303.8,312.1,1361.8,52.1,188,8.300000000000011,7429.843587393734,9794.800000000001,0
M,305.1,312.2,2309.5,25.2,94,7.099999999999966,6094.626916111127,2368.7999999999997,0
L,299.0,309.5,1345.6,49.8,87,10.5,7017.362943952905,4332.599999999999,0
H,299.1,309.7,1268.65,70.3,100,10.599999999999966,9339.546028478713,7030.0,1
L,302.6,313.3,1486.0,48.0,201,10.699999999999989,7469.450693175092,9648.0,0
L,299.9,310.2,1467.1,45.4,115,10.300000000000011,6974.999614216798,5221.0,0
M,305.0,312.4,1326.7,51.2,191,7.399999999999977,7113.3029948033345,9779.2,0
L,304.5,311.9,1297.0,60.8,154,7.399999999999977,8257.948561324081,9363.199999999999,0
L,304.8,313.0,1303.75,55.0,164,8.199999999999989,7509.060940549103,9020.0,0
M,304.8,313.0,1457.65,45.7,171,8.199999999999989,6975.865122992864,7814.700000000001,0
L,301.8,311.2,1793.8,32.2,125,9.399999999999977,6048.650754823391,4025.0000000000005,0
M,300.5,310.6,1432.0,45.3,217,10.100000000000023,6793.128626710281,9830.099999999999,0
L,301.4,312.2,1700.65,35.6,103,10.800000000000011,6340.062794975279,3666.8,0
M,305.4,314.5,1994.95,32.0,17,9.100000000000023,6685.141615230888,544.0,0
M,301.4,311.8,1876.15,30.8,18,10.400000000000034,6051.27503188669,554.4,0
L,302.9,311.3,1781.65,36.2,207,8.400000000000034,6753.977051863695,7493.400000000001,0
L,299.0,309.6,1329.4,53.2,90,10.600000000000023,7406.208338663227,4788.0,0
H,301.2,311.5,1359.1,48.4,108,10.300000000000011,6888.511568463471,5227.2,0
L,302.2,311.2,1618.3,38.8,137,9.0,6575.357612753641,5315.599999999999,0
L,302.2,311.2,1317.25,48.4,140,9.0,6676.397515678396,6776.0,0
M,302.7,313.4,1324.0,47.7,196,10.699999999999989,6613.555190631089,9349.2,0
L,298.8,309.3,1284.85,60.7,31,10.5,8167.135066085538,1881.7,0
L,300.7,310.7,1298.35,48.0,9,10.0,6526.2189148612915,432.0,0
M,304.5,312.6,1469.8,46.6,34,8.100000000000023,7172.536677089217,1584.4,0
L,303.3,314.4,1375.3,67.1,91,11.099999999999966,9663.814415398167,6106.099999999999,1
M,300.0,310.6,1436.05,43.5,155,10.600000000000023,6541.6519887720515,6742.5,0
L,306.2,315.1,1318.6,49.2,124,8.900000000000034,6793.706679758542,6100.8,0
M,304.3,312.8,1581.85,45.8,59,8.5,7586.813264330348,2702.2,0
M,303.6,313.1,2217.7,27.8,162,9.5,6456.18862582257,4503.6,0
L,299.8,310.2,1282.15,60.7,212,10.399999999999977,8149.972545418977,12868.400000000001,1
L,301.3,310.6,1437.4,44.1,157,9.300000000000011,6638.116161996854,6923.7,0
L,300.7,310.0,1635.85,38.0,3,9.300000000000011,6509.620833674826,114.0,0
L,301.0,310.2,1550.8,40.3,46,9.199999999999989,6544.695668454604,1853.8,0
L,303.0,312.5,1471.15,44.2,12,9.5,6809.384274297507,530.4000000000001,0
L,304.8,313.5,1480.6,41.1,39,8.699999999999989,6372.475653579914,1602.9,0
M,304.5,312.4,1568.35,41.1,97,7.899999999999977,6750.150068412846,3986.7000000000003,0
M,305.5,313.3,1199.8,61.6,164,7.800000000000011,7739.594151062175,10102.4,1
L,300.3,311.7,2009.8000000000002,30.1,171,11.399999999999977,6335.019491568716,5147.1,0
L,303.2,314.3,1544.05,44.3,93,11.100000000000023,7162.979428638222,4119.9,0
L,303.0,311.7,1945.0,32.3,28,8.699999999999989,6578.861535759945,904.3999999999999,0
L,301.3,310.6,1599.4,40.4,38,9.300000000000011,6766.546564070707,1535.2,0
M,304.9,313.9,1170.1,63.7,102,9.0,7805.3256941532345,6497.400000000001,0
L,302.8,312.1,1399.6,47.9,174,9.300000000000011,7020.500347816291,8334.6,0
L,303.9,313.1,1415.8,44.3,193,9.200000000000045,6568.016757919753,8549.9,0
H,302.4,313.3,1305.1,49.8,153,10.900000000000034,6806.153669852063,7619.4,0
M,301.4,310.5,1468.45,50.9,121,9.100000000000023,7827.184372238136,6158.9,0
M,303.1,312.9,1695.25,38.3,91,9.799999999999955,6799.2521143909025,3485.2999999999997,0
L,304.2,312.6,1295.65,54.0,112,8.400000000000034,7326.728138922508,6048.0,0
L,298.7,308.9,1444.15,47.1,138,10.199999999999989,7122.981718170269,6499.8,0
L,303.3,313.2,1396.9,46.5,181,9.899999999999977,6802.160705589353,8416.5,0
M,300.7,311.3,2173.15,26.7,144,10.600000000000023,6076.165346882307,3844.7999999999997,0
L,301.5,310.9,1577.8,38.6,14,9.399999999999977,6377.755623633048,540.4,0
L,299.6,310.3,1777.6,33.7,139,10.699999999999989,6273.249496813833,4684.3,0
L,302.8,313.7,2082.7,30.3,121,10.899999999999977,6608.424969827776,3666.3,0
M,300.1,311.3,1461.7,49.9,3,11.199999999999989,7638.1364163144935,149.7,0
L,303.9,312.8,1787.05,32.1,112,8.900000000000034,6007.175972209474,3595.2000000000003,0
H,300.8,311.5,1324.0,62.3,89,10.699999999999989,8637.82994499616,5544.7,0
M,304.7,312.8,1298.35,54.8,49,8.100000000000023,7450.7665944666405,2685.2,0
L,299.5,309.7,1351.0,54.4,8,10.199999999999989,7696.315570666322,435.2,0
H,304.5,312.9,1664.2,37.0,222,8.399999999999977,6448.160809395098,8214.0,0
L,302.2,311.1,1710.1,41.5,141,8.900000000000034,7431.872009050401,5851.5,0
L,299.5,309.6,1665.55,43.8,20,10.100000000000023,7639.42028051226,876.0,0
M,304.8,312.9,1233.55,52.0,67,8.099999999999966,6717.206804248528,3484.0,1
L,300.1,310.7,1361.8,56.2,145,10.599999999999966,8014.53377373374,8149.0,0
L,300.2,310.9,1878.85,35.3,99,10.699999999999989,6945.370730302016,3494.7,0
L,298.3,308.5,1429.3,43.2,86,10.199999999999989,6466.000866877283,3715.2000000000003,0
M,301.8,311.3,1383.4,54.0,42,9.5,7822.942698557016,2268.0,0
H,300.4,309.8,1604.8,42.0,142,9.400000000000034,7058.279046673259,5964.0,0
M,305.1,312.2,1507.6,47.0,97,7.099999999999966,7420.148632464756,4559.0,0
L,301.6,310.6,1098.55,65.8,152,9.0,7569.624563725007,10001.6,0
L,301.9,312.7,1322.65,53.7,213,10.800000000000011,7437.857266654267,11438.1,0
M,306.3,315.0,1812.7,31.5,215,8.699999999999989,5979.503253320329,6772.5,0
L,302.9,311.6,1471.15,42.5,154,8.700000000000045,6547.484879132218,6545.0,0
H,303.0,313.7,1360.45,58.3,175,10.699999999999989,8305.767266703147,10202.5,0
L,304.3,312.0,2140.75,27.0,203,7.699999999999989,6052.828025855114,5481.0,0
L,301.3,311.6,1453.6,49.9,165,10.300000000000011,7595.809738492678,8233.5,0
L,303.1,311.7,1548.1,40.4,76,8.599999999999966,6549.512777190109,3070.4,0
L,300.7,309.8,1523.8,43.0,137,9.100000000000023,6861.594402607515,5891.0,0
L,304.6,312.1,1764.1,36.9,176,7.5,6816.762828243236,6494.4,0
L,300.6,310.9,1243.0,49.9,113,10.299999999999955,6495.316115125481,5638.7,0
M,306.5,315.1,1355.05,50.8,101,8.600000000000023,7208.545612084664,5130.799999999999,0
L,302.3,311.9,1494.1,44.6,157,9.599999999999966,6978.195661143051,7002.2,0
L,302.1,313.0,1522.45,43.0,133,10.899999999999977,6855.515420822819,5719.0,0
L,303.5,313.4,1392.85,47.5,75,9.899999999999977,6928.29826862486,3562.5,0
H,302.7,312.3,1298.35,50.5,0,9.600000000000023,6866.126150010316,0.0,0
H,301.9,311.1,1251.1,52.1,81,9.200000000000045,6825.875541333749,4220.1,0
L,302.7,311.4,1457.65,43.3,46,8.699999999999989,6609.5177204724505,1991.8,0
M,306.2,314.4,1484.65,41.7,149,8.199999999999989,6483.1900910814,6213.3,0
M,299.9,311.4,1475.2,50.2,134,11.5,7755.025654176609,6726.8,0
H,304.5,312.5,1882.9,31.6,119,8.0,6230.787730507914,3760.4,0
M,300.6,310.7,1172.8,64.8,59,10.099999999999966,7958.433306521035,3823.2,0
M,305.9,313.7,1224.1,52.1,192,7.800000000000011,6678.566261806925,10003.2,1
L,302.2,311.4,1348.3,50.9,55,9.199999999999989,7186.756572636917,2799.5,0
M,306.3,314.7,1432.0,46.5,180,8.399999999999977,6973.079053907904,8370.0,0
L,303.1,312.4,1414.45,55.3,118,9.299999999999955,8191.083426883852,6525.4,0
L,299.2,309.9,1314.55,58.1,138,10.699999999999989,7998.008472777082,8017.8,0
L,300.4,310.8,1268.65,56.6,75,10.400000000000034,7519.463801022691,4245.0,0
M,300.5,309.4,1372.6,54.5,182,8.899999999999977,7833.739305309852,9919.0,0
M,299.7,310.5,1224.1,54.5,185,10.800000000000011,6986.216147187665,10082.5,0
L,301.1,310.4,1283.5,54.4,36,9.299999999999955,7311.784629866931,1958.3999999999999,0
L,304.0,312.9,1557.55,47.0,160,8.899999999999977,7665.993965571424,7520.0,0
L,299.7,310.5,1446.85,52.3,163,10.800000000000011,7924.170573442209,8524.9,0
L,303.4,312.7,1232.2,54.0,151,9.300000000000011,6967.926841956018,8154.0,0
L,300.9,311.3,1299.7,51.1,166,10.400000000000034,6954.927978753014,8482.6,0
H,299.8,310.7,1515.7,41.9,93,10.899999999999977,6650.524405780982,3896.7,0
H,300.9,310.5,1864.0,32.3,153,9.600000000000023,6304.883240440379,4941.9,0
L,305.9,313.6,1508.95,49.9,137,7.7000000000000455,7885.042036941749,6836.3,0
L,302.5,311.6,1743.85,36.7,51,9.100000000000023,6701.990500230865,1871.7,0
L,299.9,310.7,1483.3,44.9,125,10.800000000000011,6974.353493327711,5612.5,0
L,302.9,313.8,2449.9,22.9,5,10.900000000000034,5875.062052749287,114.5,0
M,302.2,311.3,1286.2,49.9,221,9.100000000000023,6721.058396841829,11027.9,1
M,298.7,309.2,1492.75,42.8,8,10.5,6690.5137386685265,342.4,0
M,302.8,313.6,1232.2,62.1,81,10.800000000000011,8013.115868249421,5030.1,0
M,302.8,311.9,1351.0,54.5,28,9.099999999999966,7710.463209582988,1526.0,0
L,304.9,313.8,1091.8,67.0,138,8.900000000000034,7660.3129188561825,9246.0,0
M,299.3,309.5,1345.6,47.2,13,10.199999999999989,6650.994597481469,613.6,0
M,305.1,312.4,1356.4,51.1,35,7.2999999999999545,7258.339855644063,1788.5,0
L,305.2,314.2,1351.0,55.5,166,9.0,7851.939598749649,9213.0,0
L,305.4,314.3,1527.85,44.3,141,8.900000000000034,7087.8262491790465,6246.299999999999,0
M,300.6,310.9,1367.2,58.3,115,10.299999999999955,8346.977108336612,6704.5,0
L,301.4,311.7,1297.0,49.9,207,10.300000000000011,6777.493967270915,10329.3,0
M,300.6,309.9,1256.5,63.1,42,9.299999999999955,8302.721492625493,2650.2000000000003,0
H,302.5,313.4,1612.9,42.5,155,10.899999999999977,7178.355953881218,6587.5,0
M,305.0,313.9,1454.95,42.8,86,8.899999999999977,6521.093930045737,3680.7999999999997,0
L,299.3,310.0,1436.05,47.4,29,10.699999999999989,7128.1449256964415,1374.6,0
M,302.6,311.2,1675.0,35.7,95,8.599999999999966,6261.979556767856,3391.5000000000005,0
M,302.9,313.4,1562.95,39.7,119,10.5,6497.768128191608,4724.3,0
L,305.6,313.3,1201.15,60.6,172,7.699999999999989,7622.518512035947,10423.2,1
M,301.1,311.8,1313.2,52.9,115,10.699999999999989,7274.701270183958,6083.5,0
M,301.7,310.4,1261.9,50.5,54,8.699999999999989,6673.365878767683,2727.0,0
L,299.5,309.8,1669.6,40.3,197,10.300000000000011,7046.056156855692,7939.099999999999,0
L,299.9,310.8,1378.0,47.0,128,10.900000000000034,6782.279660079885,6016.0,0
L,304.5,312.6,1534.6,46.9,94,8.100000000000023,7536.9677080909405,4408.599999999999,0
M,304.6,313.0,1522.45,42.1,215,8.399999999999977,6712.027888759086,9051.5,0
L,299.1,309.5,1402.3,50.7,204,10.399999999999977,7445.2195890379535,10342.800000000001,0
M,304.5,312.5,1858.6,33.1,87,8.0,6442.323730244728,2879.7000000000003,0
L,299.9,310.7,1326.7,65.4,96,10.800000000000011,9086.133122268322,6278.400000000001,0
L,300.1,310.6,1263.25,55.1,11,10.5,7289.026409085552,606.1,0
L,302.5,313.3,1297.0,55.3,208,10.800000000000011,7510.930188177988,11502.4,0
M,300.9,312.1,1199.8,65.8,96,11.200000000000045,8267.29375227096,6316.799999999999,0
L,301.3,310.8,2085.4,28.7,59,9.5,6267.579969271655,1693.3,0
M,306.1,314.3,1689.85,39.3,100,8.199999999999989,6954.554652826012,3929.9999999999995,0
M,304.3,312.8,1680.4,41.4,62,8.5,7285.202567227358,2566.7999999999997,0
L,303.0,312.6,1352.35,54.3,173,9.600000000000023,7689.844413398703,9393.9,0
M,302.3,311.6,1214.65,61.2,95,9.300000000000011,7784.508454032998,5814.0,0
L,305.7,313.2,1237.6,54.7,29,7.5,7089.183940804174,1586.3000000000002,1
M,300.1,310.6,1411.75,43.5,88,10.5,6430.957971622815,3828.0,0
M,299.8,310.4,1450.9,46.2,87,10.599999999999966,7019.530642883883,4019.4,0
L,303.1,313.6,2048.95,29.4,15,10.5,6308.226942221349,441.0,0
M,303.6,313.3,1272.7,61.3,8,9.699999999999989,8169.8698224904865,490.4,0
L,301.4,312.4,1745.2,34.3,30,11.0,6268.562240574676,1029.0,0
L,302.4,311.3,1383.4,49.8,109,8.900000000000034,7214.491599780359,5428.2,0
M,300.7,311.0,1305.1,55.9,97,10.300000000000011,7639.839159532738,5422.3,0
L,299.9,311.0,1429.3,47.2,209,11.100000000000023,7064.704650847402,9864.800000000001,0
M,305.3,313.0,1432.0,41.4,82,7.699999999999989,6208.289738318005,3394.7999999999997,0
M,306.3,314.5,2561.95,23.2,146,8.199999999999989,6224.253217788445,3387.2,0
H,303.9,312.3,1572.4,49.5,11,8.400000000000034,8150.7364760325745,544.5,0
L,300.5,309.3,1319.95,54.5,185,8.800000000000011,7533.253821975623,10082.5,0
M,297.8,307.8,1542.7,44.2,184,10.0,7140.561547060982,8132.8,0
H,301.3,310.5,1232.2,55.6,85,9.199999999999989,7174.383933569529,4726.0,0
M,299.9,310.8,1232.2,56.7,220,10.900000000000034,7316.323184053818,12474.0,0
M,300.0,310.4,1552.15,44.6,80,10.399999999999977,7249.318248740504,3568.0,0
L,299.7,310.3,1633.15,38.3,124,10.600000000000023,6550.183507221651,4749.2,0
L,303.2,312.6,1579.15,37.6,47,9.400000000000034,6217.844368775124,1767.2,0
M,299.1,309.5,1511.65,43.0,201,10.399999999999977,6806.883566545249,8643.0,0
M,301.3,311.7,1359.1,55.7,101,10.399999999999977,7927.4812885003175,5625.700000000001,0
L,298.7,309.3,1707.4,37.9,42,10.600000000000023,6776.463524880538,1591.8,0
L,301.6,310.5,1621.0,43.0,74,8.899999999999977,7299.281091105645,3182.0,0
L,302.3,311.2,1773.55,33.9,63,8.899999999999977,6296.10196537482,2135.7,0
M,299.9,310.0,1341.55,50.4,190,10.100000000000023,7080.534089031289,9576.0,0
L,304.1,311.8,1541.35,41.9,89,7.699999999999989,6763.070391799509,3729.1,0
M,303.2,313.7,1303.75,57.1,219,10.5,7795.770540097342,12504.9,0
L,306.3,314.6,1526.5,49.3,134,8.300000000000011,7880.837015174919,6606.2,0
M,303.2,311.6,1271.35,59.1,160,8.400000000000034,7868.305725678525,9456.0,0
L,304.7,313.4,1328.05,51.1,29,8.699999999999989,7106.633917198537,1481.9,0
L,304.9,313.5,1429.3,45.9,79,8.600000000000023,6870.1259210571125,3626.1,0
L,302.7,313.6,1253.8,64.9,155,10.900000000000034,8521.21612009001,10059.5,0
H,305.4,314.3,1310.5,56.7,26,8.900000000000034,7781.238056080611,1474.2,0
L,300.8,311.4,1379.35,54.2,10,10.599999999999966,7828.929526957207,542.0,0
M,301.3,310.6,1422.55,45.1,210,9.300000000000011,6718.505852810787,9471.0,0
L,302.8,313.8,1486.0,47.7,121,11.0,7422.766626342747,5771.700000000001,0
M,305.8,314.4,1429.3,46.9,68,8.599999999999966,7019.801867049643,3189.2,0
L,299.1,309.4,1579.15,36.0,175,10.299999999999955,5953.255246699586,6300.0,0
L,302.9,312.5,1290.25,62.3,44,9.600000000000023,8417.643569887685,2741.2,0
L,300.1,311.5,1580.5,44.2,42,11.399999999999977,7315.523125124704,1856.4,0
H,299.8,310.0,1265.95,57.1,206,10.199999999999989,7569.745515042171,11762.6,0
L,306.3,314.8,1345.6,48.7,145,8.5,6862.360951214991,7061.5,0
L,301.5,312.2,1303.75,52.1,246,10.699999999999989,7113.128636411059,12816.6,0
M,304.8,313.6,1649.35,41.2,52,8.800000000000011,7116.044557992366,2142.4,0
H,305.3,314.4,1302.4,61.8,246,9.099999999999966,8428.717160392815,15202.8,1
M,304.0,312.7,1923.4,29.3,152,8.699999999999989,5901.546726016601,4453.6,0
L,304.9,313.4,1869.4,34.9,121,8.5,6832.13254670215,4222.9,0
L,300.5,309.7,1394.2,50.5,47,9.199999999999989,7373.014270685398,2373.5,0
L,301.2,311.6,1344.25,63.6,194,10.400000000000034,8952.942160126728,12338.4,0
L,302.6,311.6,1180.9,54.9,75,9.0,6789.129379262262,4117.5,0
H,302.6,313.5,1264.6,57.1,33,10.899999999999977,7561.673192718772,1884.3,0
H,299.9,310.6,1314.55,53.8,120,10.700000000000045,7406.073250179122,6456.0,0
M,302.4,313.3,1272.7,58.0,55,10.900000000000034,7730.056275765878,3190.0,0
H,299.1,309.4,1295.65,49.5,189,10.299999999999955,6716.167460678966,9355.5,0
M,303.3,314.0,1117.45,75.3,159,10.699999999999989,8811.537503992324,11972.699999999999,0
L,300.6,309.7,1783.0,35.0,127,9.099999999999966,6535.036318242368,4445.0,0
L,302.9,313.8,1243.0,65.2,10,10.900000000000034,8486.86594601566,652.0,0
L,304.0,312.7,1298.35,55.3,79,8.699999999999989,7518.748041496447,4368.7,0
H,303.4,313.4,1270.0,50.7,121,10.0,6742.800312399772,6134.700000000001,0
L,300.6,309.8,1305.1,62.1,113,9.199999999999989,8487.191624454079,7017.3,0
H,301.6,310.8,1511.65,54.6,192,9.199999999999989,8643.1591333342,10483.2,0
L,304.3,312.8,1484.65,51.4,29,8.5,7991.270280133908,1490.6,0
H,301.0,311.4,1521.1,41.6,143,10.399999999999977,6626.431531720601,5948.8,0
H,301.4,311.3,1253.8,50.7,58,9.900000000000034,6656.789788729791,2940.6000000000004,0
M,300.8,310.1,1722.25,36.6,89,9.300000000000011,6600.941696126926,3257.4,0
L,303.1,312.9,1384.75,55.6,75,9.799999999999955,8062.593858148357,4170.0,0
L,302.0,312.0,1303.75,56.9,56,10.0,7768.46486394989,3186.4,0
M,306.5,315.5,1735.75,34.2,126,9.0,6216.442171254071,4309.200000000001,0
L,301.4,310.3,1901.8,31.8,33,8.900000000000034,6333.161763112892,1049.4,0
L,299.9,310.4,1207.9,60.2,49,10.5,7614.75773098403,2949.8,0
L,303.5,313.0,1337.5,64.0,33,9.5,8964.011038242876,2112.0,0
M,299.6,310.4,1577.8,40.6,184,10.799999999999955,6708.209282888647,7470.400000000001,0
M,303.8,312.9,1438.75,44.9,159,9.099999999999966,6764.883090760631,7139.099999999999,0
L,304.0,312.6,1359.1,52.0,208,8.600000000000023,7400.880197522738,10816.0,0
L,305.0,313.2,1054.0,68.1,167,8.199999999999989,7516.511751125866,11372.699999999999,0
L,301.8,311.1,1415.8,52.0,55,9.300000000000011,7709.635923517542,2860.0,0
L,301.4,312.1,1344.25,56.0,181,10.700000000000045,7883.093725897748,10136.0,0
L,304.9,313.4,1355.05,52.1,56,8.5,7393.016267512027,2917.6,0
L,303.1,313.7,1418.5,51.6,198,10.599999999999966,7664.92058808145,10216.800000000001,0
M,299.1,309.5,1398.25,47.9,153,10.399999999999977,7013.728644851479,7328.7,0
L,304.5,311.7,1491.4,42.8,207,7.199999999999989,6684.463031217712,8859.599999999999,0
M,299.9,310.4,1342.9,54.8,116,10.5,7706.423121430472,6356.799999999999,0
M,302.9,313.8,1702.0,38.0,165,10.900000000000034,6772.854882119115,6270.0,0
L,303.5,312.4,1507.6,42.4,124,8.899999999999977,6693.921319500119,5257.599999999999,0
M,301.0,311.3,1681.75,34.7,118,10.300000000000011,6111.101951585328,4094.6000000000004,0
L,303.8,312.6,1436.05,46.5,47,8.800000000000011,6992.800401790814,2185.5,0
L,301.4,312.1,1560.25,46.2,58,10.700000000000045,7548.571704155751,2679.6000000000004,0
M,302.7,311.6,1498.15,43.8,36,8.900000000000034,6871.6024696043005,1576.8,0
L,303.1,311.5,1337.5,48.0,55,8.399999999999977,6723.008278682157,2640.0,0
H,302.8,311.9,1661.5,38.1,130,9.099999999999966,6629.09036630309,4953.0,0
M,300.0,310.7,1222.75,61.0,171,10.699999999999989,7810.810914926403,10431.0,0
L,304.0,312.4,1112.05,62.2,26,8.399999999999977,7243.414148946857,1617.2,0
M,303.3,312.6,1483.3,45.5,155,9.300000000000011,7067.551980989105,7052.5,0
L,299.5,310.1,1472.5,47.0,103,10.600000000000023,7247.3924524438535,4841.0,0
L,304.9,313.9,1918.0,33.9,121,9.0,6808.899421831302,4101.9,0
L,302.8,311.6,1334.8,53.4,181,8.800000000000011,7464.248215740747,9665.4,0
L,304.8,312.8,1315.9,49.4,102,8.0,6807.355852640838,5038.8,0
M,303.7,311.9,1363.15,58.8,15,8.199999999999989,8393.625570452215,882.0,0
L,300.7,310.9,1564.3,40.0,79,10.199999999999989,6552.524517347351,3160.0,0
L,303.6,312.0,1440.1,46.0,17,8.399999999999977,6937.118289999812,782.0,0
M,298.5,308.6,1276.75,59.3,124,10.100000000000023,7928.466177797218,7353.2,0
L,300.5,310.5,1710.1,33.3,124,10.0,5963.405732563334,4129.2,0
L,302.5,313.2,1427.95,45.9,58,10.699999999999989,6863.636961431123,2662.2,0
L,302.5,313.5,1558.9,44.9,35,11.0,7329.818418896089,1571.5,0
L,303.4,313.3,1575.1,40.7,170,9.900000000000034,6713.224311961327,6919.000000000001,0
M,301.4,311.6,1130.95,63.3,166,10.200000000000045,7496.7966864282635,10507.8,0
M,305.1,314.3,1511.65,44.6,46,9.199999999999989,7060.162955067864,2051.6,0
L,302.6,313.4,1731.7,37.3,71,10.799999999999955,6764.101357788662,2648.2999999999997,0
L,303.2,311.6,1639.9,38.3,129,8.400000000000034,6577.256181913961,4940.7,0
H,302.0,311.1,1487.35,52.3,40,9.100000000000023,8145.982722748916,2092.0,0
L,302.7,311.7,1788.4,35.1,104,9.0,6573.556432965584,3650.4,0
L,302.7,311.8,1224.1,67.4,26,9.100000000000023,8639.83428110915,1752.4,0
L,300.4,309.8,1429.3,45.3,100,9.400000000000034,6780.320353461595,4530.0,0
L,306.1,313.8,1685.8,38.7,90,7.699999999999989,6831.964995093959,3483.0000000000005,0
L,301.4,310.5,1502.2,42.3,126,9.100000000000023,6654.213682753847,5329.799999999999,0
L,300.7,310.7,1298.35,54.3,3,10.0,7382.785147436835,162.89999999999998,0
L,301.5,312.4,1454.95,47.8,120,10.899999999999977,7282.903968602481,5736.0,0
H,301.6,311.4,1842.4,32.6,77,9.799999999999955,6289.703064738234,2510.2000000000003,0
M,299.9,311.3,1508.95,44.0,126,11.400000000000034,6952.742477463667,5544.0,0
M,301.3,310.6,1403.65,49.1,13,9.300000000000011,7217.203317839183,638.3000000000001,0
L,302.4,311.2,1503.55,46.9,180,8.800000000000011,7384.470088296712,8442.0,0
L,304.5,311.9,1271.35,59.4,183,7.399999999999977,7908.246363879937,10870.199999999999,0
M,302.7,311.5,1614.25,36.8,92,8.800000000000011,6220.814221030316,3385.6,0
L,301.7,312.3,1432.0,49.3,158,10.600000000000023,7392.963384035691,7789.4,0
M,305.0,313.0,1372.6,51.1,181,8.0,7345.02896332722,9249.1,0
M,304.8,313.0,1484.65,43.5,70,8.199999999999989,6763.040023070525,3045.0,0
L,304.8,313.3,1668.25,42.4,127,8.5,7407.22621468299,5384.8,0
L,305.2,314.2,1519.75,42.4,228,9.0,6747.868748547565,9667.199999999999,0
L,305.0,314.0,1415.8,46.8,186,9.0,6938.672331165788,8704.8,0
M,299.4,309.7,2108.35,25.5,3,10.300000000000011,5630.0403405166335,76.5,0
L,303.0,311.8,1369.9,60.5,146,8.800000000000011,8679.063348574527,8833.0,0
H,302.2,311.2,1379.35,57.6,132,9.0,8320.043187319836,7603.2,0
M,306.7,315.7,2250.1,26.4,139,9.0,6220.629914261305,3669.6,0
L,303.4,314.0,1422.55,52.2,188,10.600000000000023,7776.186375093638,9813.6,0
M,300.7,311.5,1392.85,44.5,182,10.800000000000011,6490.721535869606,8099.0,0
L,304.6,312.9,1646.65,38.7,203,8.299999999999955,6673.303570513387,7856.1,0
L,300.8,309.7,1375.3,57.4,109,8.899999999999977,8266.809947002308,6256.599999999999,0
M,303.3,313.9,1228.15,52.3,214,10.599999999999966,6726.384967185991,11192.199999999999,0
L,301.3,311.6,1575.1,35.7,143,10.300000000000011,5888.503880516447,5105.1,0
M,301.7,310.9,1351.0,47.6,22,9.199999999999989,6734.276124333032,1047.2,0
L,300.2,310.7,1684.45,37.1,102,10.5,6544.261605069634,3784.2000000000003,0
L,300.9,311.2,1213.3,60.7,196,10.300000000000011,7712.328268421669,11897.2,0
L,300.1,310.6,1410.4,46.1,152,10.5,6808.819834817412,7007.2,0
M,298.7,309.2,1602.1,39.1,0,10.5,6559.86641937879,0.0,0
L,301.1,311.9,1577.8,36.8,199,10.799999999999955,6080.347330303009,7323.2,0
L,302.8,312.4,1749.25,33.9,7,9.599999999999966,6209.836972699898,237.29999999999998,0
L,303.8,312.8,1274.05,65.4,164,9.0,8725.550542267247,10725.6,0
M,306.0,314.8,1253.8,53.7,89,8.800000000000011,7050.682675636879,4779.3,0
M,302.1,312.8,1324.0,58.4,98,10.699999999999989,8097.099017460284,5723.2,0
L,304.7,312.8,1220.05,64.6,76,8.100000000000023,8253.511585299662,4909.599999999999,0
L,304.8,313.0,1545.4,40.7,171,8.199999999999989,6586.640119170234,6959.700000000001,0
L,304.1,312.9,1700.65,37.5,193,8.799999999999955,6678.4369329093515,7237.5,0
M,304.4,313.5,1411.75,48.8,150,9.100000000000023,7214.499977360768,7320.0,0
L,303.5,312.9,1527.85,46.4,49,9.399999999999977,7423.818012684148,2273.6,0
L,304.7,313.1,1382.05,47.6,97,8.400000000000034,6889.049828004787,4617.2,0
M,303.1,312.3,1576.45,40.7,0,9.199999999999989,6718.978138906377,0.0,0
L,300.7,310.4,1392.85,50.9,183,9.699999999999989,7424.21856574748,9314.699999999999,0
L,298.9,309.2,1757.35,33.3,144,10.300000000000011,6128.174413262484,4795.2,0
L,303.1,312.3,1622.35,38.5,217,9.199999999999989,6540.845646657631,8354.5,1
L,300.9,310.1,1410.4,58.0,156,9.200000000000045,8566.411072004554,9048.0,0
L,299.5,309.9,1550.8,39.7,170,10.399999999999977,6447.256030710864,6749.000000000001,0
L,303.7,312.7,1660.15,40.4,98,9.0,7023.560259060888,3959.2,0
M,303.3,311.7,1398.25,47.0,171,8.399999999999977,6881.946687015021,8037.0,0
L,301.4,311.0,1558.9,40.3,202,9.600000000000023,6578.879338118316,8140.599999999999,0
L,302.8,312.6,1835.65,32.4,88,9.800000000000011,6228.213718927072,2851.2,0
L,299.9,310.5,1145.8,60.1,130,10.600000000000023,7211.27251450798,7813.0,0
L,300.1,311.2,1572.4,41.1,155,11.099999999999966,6767.5811952512895,6370.5,0
L,300.3,310.4,1252.45,55.1,150,10.099999999999966,7226.7097772089455,8265.0,0
L,301.3,311.8,1369.9,47.4,141,10.5,6799.795086321199,6683.4,0
H,302.4,311.8,1287.55,56.7,119,9.400000000000034,7644.969903934827,6747.3,0
M,301.2,311.6,1827.55,32.8,78,10.400000000000034,6277.283301781041,2558.3999999999996,0
L,302.5,311.0,1360.45,59.7,2,8.5,8505.219653896705,119.4,0
L,304.4,312.8,1375.3,52.3,57,8.400000000000034,7532.302443000359,2981.1,0
L,302.7,313.5,1460.35,44.1,125,10.800000000000011,6744.102502554685,5512.5,0
L,300.2,311.3,1502.2,44.9,145,11.100000000000023,7063.2197247198055,6510.5,0
L,300.4,309.3,1425.25,44.7,12,8.900000000000034,6671.55684499799,536.4000000000001,0
L,299.8,310.7,1222.75,61.8,91,10.899999999999977,7913.247779384454,5623.8,0
L,302.9,311.8,1440.1,40.9,117,8.900000000000034,6168.00300132592,4785.3,0
L,302.3,311.5,1483.3,40.2,18,9.199999999999989,6244.298673313452,723.6,0
L,300.0,310.3,2858.95,20.8,127,10.300000000000011,6227.281713106507,2641.6,1
M,303.6,312.7,1585.9,39.0,108,9.099999999999966,6476.927326126469,4212.0,0
L,302.6,313.4,1638.55,39.4,38,10.799999999999955,6760.589057201949,1497.2,0
M,302.5,311.5,1321.3,48.8,178,9.0,6752.271167052794,8686.4,0
L,306.2,314.7,1519.75,45.2,192,8.5,7193.482722508252,8678.400000000001,0
M,300.0,310.4,1291.6,52.3,25,10.399999999999977,7073.890667766498,1307.5,0
L,305.8,313.3,1278.1,55.4,18,7.5,7414.864473621417,997.1999999999999,0
L,302.8,313.3,1195.75,68.5,112,10.5,8577.477332126822,7672.0,0
H,299.4,309.9,1499.5,44.5,63,10.5,6987.713639685877,2803.5,0
L,301.0,312.0,1832.95,34.1,22,11.0,6545.3611624983905,750.2,0
L,300.6,310.9,2281.15,23.9,78,10.299999999999955,5709.267118449964,1864.1999999999998,0
L,302.8,313.7,1518.4,39.2,123,10.899999999999977,6233.053866008703,4821.6,0
L,300.7,309.9,1785.7,35.2,188,9.199999999999989,6582.331948444612,6617.6,0
M,302.5,312.2,1345.6,66.7,68,9.699999999999989,9398.757196017246,4535.6,0
L,306.8,315.5,1830.25,33.4,170,8.699999999999989,6401.555282379093,5678.0,0
M,301.6,310.9,1283.5,60.4,112,9.299999999999955,8118.2314640434315,6764.8,0
L,299.9,311.2,1314.55,53.6,193,11.300000000000011,7378.541379360613,10344.800000000001,0
H,304.1,312.4,1245.7,53.4,156,8.299999999999955,6965.997904066714,8330.4,0
H,301.7,310.8,1973.35,29.3,104,9.100000000000023,6054.807752825652,3047.2000000000003,0
L,305.0,313.9,1160.65,67.7,172,8.899999999999977,8228.460001881162,11644.4,0
L,306.0,314.3,2024.65,29.1,112,8.300000000000011,6169.806799107857,3259.2000000000003,0
M,299.4,309.8,1881.55,32.6,157,10.400000000000034,6423.355840999904,5118.2,0
L,301.5,312.4,1710.1,36.0,116,10.899999999999977,6446.925116284686,4176.0,0
L,301.5,312.0,1233.55,56.1,37,10.5,7246.832725352739,2075.7000000000003,0
M,303.0,313.4,1168.75,59.4,60,10.399999999999977,7270.03809948848,3564.0,0
M,301.3,312.6,1611.55,41.8,9,11.300000000000011,7054.214872977065,376.2,0
L,304.0,312.6,1452.25,49.0,114,8.600000000000023,7451.883954253769,5586.0,0
H,301.6,312.6,1815.4,36.0,168,11.0,6843.896763992292,6048.0,0
L,302.2,311.0,1303.75,57.2,85,8.800000000000011,7809.423378171067,4862.0,0
L,300.1,311.5,1522.45,38.9,151,11.399999999999977,6201.849996976922,5873.9,0
L,298.3,308.4,1186.3,64.2,65,10.099999999999966,7975.504721000643,4173.0,0
L,300.8,311.6,1314.55,52.1,197,10.800000000000011,7172.052348221789,10263.7,0
L,302.5,311.7,1495.45,40.0,117,9.199999999999989,6264.126311747807,4680.0,0
M,304.6,313.5,1207.9,58.8,99,8.899999999999977,7437.670341891378,5821.2,0
H,301.6,312.0,1329.4,57.5,205,10.399999999999977,8004.830441224352,11787.5,0
L,303.3,313.2,1283.5,56.7,111,9.899999999999977,7620.9225829679235,6293.700000000001,0
L,302.6,313.5,1637.2,39.1,203,10.899999999999977,6703.584858502563,7937.3,0
M,300.4,311.1,1203.85,57.6,56,10.700000000000045,7261.4521267662185,3225.6,0
M,301.8,312.7,1341.55,53.5,146,10.899999999999977,7516.043130221707,7811.0,0
L,300.5,310.7,1437.4,53.8,114,10.199999999999989,8098.200669284143,6133.2,0
L,303.2,312.6,1351.0,48.7,82,9.400000000000034,6889.900152416359,3993.4,0
M,303.9,312.0,1626.4,37.8,44,8.100000000000023,6437.952727666034,1663.1999999999998,0
L,299.8,310.6,1437.4,43.7,120,10.800000000000011,6577.906491593255,5244.0,0
H,304.6,312.1,1886.95,32.6,171,7.5,6441.790706691169,5574.6,0
L,303.8,312.5,1426.6,56.6,72,8.699999999999989,8455.655270199795,4075.2000000000003,0
L,301.3,311.3,1355.05,52.8,63,10.0,7492.346620434454,3326.3999999999996,0
L,306.5,315.3,1448.2,44.7,117,8.800000000000011,6778.985176583821,5229.900000000001,0
M,302.0,311.3,1658.8,37.2,132,9.300000000000011,6461.979628280688,4910.400000000001,0
M,301.6,312.1,1517.05,38.9,226,10.5,6179.852565216485,8791.4,0
L,302.9,311.5,1707.4,37.2,215,8.600000000000023,6651.304567956624,7998.000000000001,0
M,302.7,311.8,1376.65,53.7,41,9.100000000000023,7741.523612550256,2201.7000000000003,0
H,301.1,311.5,1453.6,42.2,119,10.399999999999977,6423.710840969759,5021.8,0
L,304.6,313.4,1488.7,52.6,31,8.799999999999955,8200.145350893134,1630.6000000000001,0
M,306.6,315.6,1342.9,51.7,131,9.0,7270.47582806488,6772.700000000001,0
L,304.1,312.0,1511.65,38.3,79,7.899999999999977,6062.87536276007,3025.7,0
L,303.5,313.3,1218.7,55.0,71,9.800000000000011,7019.208106038114,3905.0,0
L,304.8,312.9,1950.4,30.7,135,8.099999999999966,6270.334098831301,4144.5,0
L,300.3,309.5,1531.9,41.1,116,9.199999999999989,6593.269926866859,4767.6,0
M,302.6,313.6,1332.1,59.4,76,11.0,8286.132836216986,4514.4,0
L,306.4,314.7,1205.2,70.3,156,8.300000000000011,8872.43989557604,10966.8,0
L,303.1,312.2,1257.85,55.3,71,9.099999999999966,7284.212441942701,3926.2999999999997,0
L,305.3,314.1,1405.0,44.6,84,8.800000000000011,6562.05401506324,3746.4,0
L,305.4,314.4,2138.05,27.1,192,9.0,6067.583562950251,5203.200000000001,0
L,302.2,311.3,1348.3,50.6,0,9.100000000000023,7144.3984788885655,0.0,0
H,306.6,315.4,1687.15,37.6,65,8.799999999999955,6643.090350365038,2444.0,0
L,299.9,310.8,1224.1,57.4,188,10.900000000000034,7357.959758689394,10791.199999999999,0
H,299.2,309.4,1639.9,42.2,109,10.199999999999989,7247.00289495481,4599.8,0
H,299.4,309.9,1486.0,40.6,79,10.5,6317.910377977265,3207.4,0
M,300.4,309.6,1569.7,38.3,64,9.200000000000045,6295.700365113936,2451.2,0
L,302.8,313.8,1311.85,53.9,53,11.0,7404.599319625813,2856.7,0
M,304.8,313.9,1433.35,50.3,159,9.099999999999966,7550.0330683384445,7997.7,0
L,304.7,313.5,1396.9,48.4,93,8.800000000000011,7080.098454849993,4501.2,0
L,302.8,312.2,1245.7,56.8,36,9.399999999999977,7409.525860505417,2044.8,0
H,301.3,312.2,1361.8,52.9,107,10.899999999999977,7543.929477411296,5660.3,0
L,302.2,311.3,1546.75,42.2,8,9.100000000000023,6835.356867962285,337.6,0
L,300.5,310.2,1441.45,45.9,9,9.699999999999989,6928.52655769102,413.09999999999997,0
H,303.9,312.4,1571.05,46.6,16,8.5,7666.630661682552,745.6,0
M,301.1,311.4,1373.95,44.9,179,10.299999999999955,6460.198868844879,8037.099999999999,0
L,302.5,313.5,1758.7,36.3,83,11.0,6685.393989840726,3012.8999999999996,0
L,305.0,313.4,1502.2,45.6,209,8.399999999999977,7173.336736018333,9530.4,0
M,304.3,313.0,1768.15,34.7,33,8.699999999999989,6425.0601550144775,1145.1000000000001,0
L,304.8,313.5,1352.35,57.6,28,8.699999999999989,8157.183024157741,1612.8,0
M,303.2,311.8,1409.05,46.8,173,8.600000000000023,6905.591360523488,8096.4,0
L,306.0,313.7,2042.2,30.3,157,7.699999999999989,6479.918122332686,4757.1,0
L,302.9,313.1,1405.0,45.4,162,10.200000000000045,6679.759019817738,7354.8,0
L,302.8,313.8,1305.1,54.0,182,11.0,7380.166629960069,9828.0,0
M,302.6,311.5,1371.25,50.8,50,8.899999999999977,7294.725781757939,2540.0,0
M,303.1,311.5,1463.05,48.2,93,8.399999999999977,7384.733458480838,4482.6,0
L,305.5,313.2,1252.45,56.2,65,7.699999999999989,7370.9816602385245,3653.0,1
L,304.7,312.1,1365.85,53.1,15,7.400000000000034,7594.971456852944,796.5,0
L,301.6,310.2,1514.35,41.3,123,8.599999999999966,6549.451516133364,5079.9,0
H,300.8,311.0,1858.6,33.9,181,10.199999999999989,6598.029439737047,6135.9,0
L,300.0,310.5,1463.05,46.5,93,10.5,7124.276054343547,4324.5,0
L,306.6,315.6,1263.25,54.7,134,9.0,7236.111516823589,7329.8,0
H,305.8,313.8,1835.65,35.7,44,8.0,6862.568819928904,1570.8000000000002,0
H,303.0,311.4,1425.25,42.3,40,8.399999999999977,6313.352450635682,1692.0,0
M,302.9,313.5,1390.15,40.6,144,10.600000000000023,5910.392403731558,5846.400000000001,0
L,304.6,313.2,1368.55,54.9,198,8.599999999999966,7867.950725708668,10870.199999999999,0
H,302.0,311.2,1924.75,30.6,162,9.199999999999989,6167.716069196894,4957.2,0
H,304.7,313.6,1229.5,52.2,142,8.900000000000034,6720.903411604252,7412.400000000001,0
M,303.2,311.5,1602.1,39.3,90,8.300000000000011,6593.420723314231,3536.9999999999995,0
M,301.4,311.8,2026.0,29.7,105,10.400000000000034,6301.218049011191,3118.5,0
H,300.4,310.7,1483.3,43.9,120,10.300000000000011,6819.022680558719,5268.0,0
L,300.7,310.6,1224.1,62.1,38,9.900000000000034,7960.44078422668,2359.8,0
L,304.4,311.7,1319.95,50.8,140,7.300000000000011,7021.8219111259,7112.0,0
L,306.4,315.4,1344.25,56.5,174,9.0,7953.478491307549,9831.0,0
L,302.5,311.8,1249.75,47.6,105,9.300000000000011,6229.5792645338315,4998.0,0
L,301.6,312.6,1187.65,57.7,78,11.0,7176.17307058575,4500.6,0
L,304.5,313.0,1600.75,42.2,18,8.5,7073.9922459289655,759.6,0
H,303.2,312.3,1245.7,58.7,12,9.100000000000023,7657.3797185152835,704.4000000000001,0
L,302.7,311.5,2344.6,25.8,39,8.800000000000011,6334.569196621701,1006.2,0
H,300.0,310.5,1653.4,36.0,158,10.5,6233.171152134437,5688.0,0
L,305.1,313.9,1359.1,47.1,84,8.799999999999955,6703.489563525403,3956.4,0
L,305.4,313.2,1761.4,31.8,196,7.800000000000011,5865.6173780350455,6232.8,0
M,306.8,315.4,1589.95,40.1,53,8.599999999999966,6676.616903565372,2125.3,0
L,304.1,312.8,1276.75,50.4,3,8.699999999999989,6738.527746390891,151.2,0
L,303.4,312.4,1811.35,35.8,90,9.0,6790.691798008646,3221.9999999999995,0
M,300.5,309.7,1405.0,49.3,160,9.199999999999989,7253.570917995913,7888.0,0
L,300.0,310.9,1531.9,38.4,155,10.899999999999977,6160.135406123781,5952.0,0
M,302.0,312.7,1319.95,49.3,101,10.699999999999989,6814.484649970608,4979.299999999999,0
H,303.3,313.7,1379.35,46.7,39,10.399999999999977,6745.590570274936,1821.3000000000002,0
M,304.7,313.6,1546.75,45.7,79,8.900000000000034,7402.270352271953,3610.3,0
M,306.2,314.3,1768.15,34.4,190,8.100000000000023,6369.512084510029,6536.0,0
H,303.5,312.9,1415.8,45.3,21,9.399999999999977,6716.278987218167,951.3,0
H,298.9,309.5,1291.6,60.8,94,10.600000000000023,8223.566971323193,5715.2,0
L,305.1,312.4,1392.85,55.7,189,7.2999999999999545,8124.341338155888,10527.300000000001,0
H,301.9,311.0,1567.0,41.7,130,9.100000000000023,6842.797206563536,5421.0,0
L,305.9,313.7,1145.8,59.3,51,7.800000000000011,7115.282198175094,3024.2999999999997,1
M,300.8,311.5,1480.6,57.9,199,10.699999999999989,8977.28322000674,11522.1,0
L,303.6,312.8,1382.05,57.3,116,9.199999999999989,8292.910822367106,6646.799999999999,0
L,302.9,313.2,1295.65,51.6,22,10.300000000000011,7001.095777192619,1135.2,0
L,302.2,311.6,1494.1,44.8,174,9.400000000000034,7009.488018367907,7795.2,0
L,304.7,313.5,1398.25,53.6,87,8.800000000000011,7848.347711149045,4663.2,0
M,304.9,312.3,1257.85,62.3,165,7.400000000000034,8206.264649783549,10279.5,1
M,300.2,311.1,1735.75,36.1,167,10.900000000000034,6561.800069657075,6028.7,0
L,301.3,310.3,1603.45,35.9,12,9.0,6028.072799343602,430.79999999999995,0
L,306.0,314.0,1241.65,62.5,30,8.0,8126.580246520347,1875.0,1
L,299.7,310.1,1329.4,57.7,210,10.400000000000034,8032.673329715568,12117.0,1
L,305.9,314.9,1272.7,62.1,109,9.0,8276.49128836312,6768.900000000001,0
H,303.4,312.7,1291.6,48.6,207,9.300000000000011,6573.443335630053,10060.2,0
L,304.9,313.3,1426.6,46.2,120,8.400000000000034,6901.965962601245,5544.0,0
M,301.2,311.9,1365.85,48.2,137,10.699999999999989,6894.117216955027,6603.400000000001,0
M,300.6,311.0,2154.25,25.8,129,10.399999999999977,5820.287337636398,3328.2000000000003,0
L,300.5,310.9,1274.05,61.9,88,10.399999999999977,8258.586828231535,5447.2,0
L,303.1,313.9,1384.75,52.2,126,10.799999999999955,7569.55754308173,6577.200000000001,0
L,299.8,310.2,1957.15,32.4,47,10.399999999999977,6640.453506931125,1522.8,0
L,306.3,315.2,1201.15,55.8,176,8.899999999999977,7018.754669498447,9820.8,0
L,303.1,312.6,1433.35,42.8,62,9.5,6424.282610832712,2653.6,0
M,303.9,312.6,1329.4,48.6,101,8.700000000000045,6765.8219033652795,4908.6,0
L,303.3,313.1,1395.55,49.1,176,9.800000000000011,7175.555224030542,8641.6,0
M,304.0,312.5,1426.6,46.2,200,8.5,6901.965962601245,9240.0,0
M,301.7,311.0,1936.9,31.9,137,9.300000000000011,6470.331028751481,4370.3,0
L,302.9,313.5,1411.75,52.6,149,10.600000000000023,7776.284811663451,7837.400000000001,0
L,300.3,311.7,1486.0,45.3,25,11.399999999999977,7049.294091683993,1132.5,0
L,302.9,311.7,1406.35,43.7,177,8.800000000000011,6435.813826667715,7734.900000000001,0
L,303.8,312.6,1498.15,47.0,72,8.800000000000011,7373.63735322836,3384.0,0
L,302.6,311.6,1510.3,42.8,32,9.0,6769.172935529107,1369.6,0
L,302.9,312.6,1265.95,56.7,24,9.700000000000045,7516.717525444677,1360.8000000000002,0
L,302.2,311.2,1187.65,72.8,71,9.0,9054.166369820494,5168.8,0
M,300.6,310.6,1321.3,49.9,11,10.0,6904.474000736362,548.9,0
L,300.0,310.3,1337.5,50.3,29,10.300000000000011,7045.15242536901,1458.6999999999998,0
L,306.2,314.7,2082.7,30.4,166,8.5,6630.234953226547,5046.4,0
M,299.9,310.3,1490.05,55.8,18,10.400000000000034,8706.902048275535,1004.4,0
L,302.9,313.3,1415.8,59.2,175,10.400000000000034,8777.123974466127,10360.0,0
M,299.2,309.8,1654.75,40.4,113,10.600000000000023,7000.714597283982,4565.2,0
L,302.6,311.3,1672.3,35.1,203,8.699999999999989,6146.811911679907,7125.3,0
M,303.3,312.7,1519.75,44.2,167,9.399999999999977,7034.334874665149,7381.400000000001,0
L,304.9,313.9,1139.05,78.0,139,9.0,9303.920891385778,10842.0,1
L,299.5,309.7,1918.0,30.8,118,10.199999999999989,6186.256701840829,3634.4,0
L,304.3,313.2,1857.25,34.2,204,8.899999999999977,6651.584169702794,6976.8,0
L,303.2,313.7,1976.0500000000002,27.7,13,10.5,5732.001777286443,360.09999999999997,0
L,298.1,308.2,1625.05,36.2,35,10.099999999999966,6160.329137670753,1267.0,0
L,303.9,312.4,1502.2,47.4,199,8.5,7456.494765071688,9432.6,0
L,301.2,310.5,1649.35,43.2,77,9.300000000000011,7461.483614205588,3326.4,0
M,302.4,312.4,1854.55,34.6,175,10.0,6719.59755625791,6055.0,0
L,301.3,311.7,1569.7,48.4,169,10.399999999999977,7955.924221188368,8179.599999999999,0
L,299.8,310.7,1464.4,44.7,116,10.899999999999977,6854.816940056171,5185.200000000001,0
L,304.3,312.2,3200.0,13.8,215,7.899999999999977,4624.424386084175,2967.0,1
L,300.0,310.5,1708.75,34.8,136,10.5,6227.107878313007,4732.799999999999,0
L,302.3,311.7,1364.5,59.9,89,9.399999999999977,8559.117341060468,5331.099999999999,0
M,300.4,309.5,1614.25,40.4,126,9.100000000000023,6829.372133957195,5090.4,0
L,301.4,312.1,1526.5,49.4,80,10.700000000000045,7896.822485793934,3952.0,0
H,304.2,312.1,1638.55,37.3,72,7.900000000000034,6400.253092224179,2685.6,0
H,303.1,313.7,1469.8,41.3,92,10.599999999999966,6356.776067892375,3799.6,0
H,306.1,314.4,1395.55,58.7,2,8.299999999999955,8578.515104900058,117.4,0
M,302.6,311.2,1364.5,52.3,98,8.599999999999966,7473.152536518571,5125.4,0
L,303.2,313.1,2687.5,21.8,163,9.900000000000034,6135.268653073066,3553.4,0
H,298.1,308.3,1434.7,43.8,60,10.199999999999989,6580.574750953703,2628.0,0
M,300.1,310.3,1378.0,44.7,68,10.199999999999989,6450.380868203635,3039.6000000000004,0
M,301.2,311.5,1279.45,54.0,113,10.300000000000011,7235.1192971438295,6102.0,0
M,306.7,315.4,1191.7,62.5,75,8.699999999999989,7799.658261006159,4687.5,0
L,300.9,310.0,1433.35,55.9,25,9.100000000000023,8390.593409942725,1397.5,0
M,305.0,314.0,1356.4,51.2,189,9.0,7272.544043228494,9676.800000000001,0
L,301.2,312.1,1332.1,62.6,66,10.900000000000034,8732.523830760663,4131.6,0
L,300.1,310.4,1224.1,65.5,88,10.299999999999955,8396.278121849395,5764.0,0
L,302.3,311.2,1410.4,55.5,216,8.899999999999977,8197.169215452632,11988.0,0
L,304.5,313.1,1604.8,44.0,23,8.600000000000023,7394.387572705319,1012.0,0
M,300.9,309.8,1580.5,39.6,173,8.900000000000034,6554.179089478242,6850.8,0
L,304.1,311.9,1283.5,51.7,102,7.7999999999999545,6948.883554487506,5273.400000000001,0
M,305.1,313.6,1054.0,76.2,187,8.5,8410.54618848445,14249.4,1
L,301.2,311.7,1936.9,29.7,29,10.5,6024.101302630689,861.3,0
M,302.7,311.8,1405.0,47.2,122,9.100000000000023,6944.595280515357,5758.400000000001,0
L,302.0,311.3,1526.5,44.6,14,9.300000000000011,7129.519896081165,624.4,0
L,304.1,312.4,1504.9,43.3,156,8.299999999999955,6823.76648546564,6754.799999999999,0
L,302.3,312.8,1494.1,40.2,161,10.5,6289.763802196203,6472.200000000001,0
L,304.8,313.5,1463.05,45.8,57,8.699999999999989,7017.028887934073,2610.6,0
L,302.2,312.3,1429.3,45.7,4,10.100000000000023,6840.190731858607,182.8,0
L,303.7,312.8,1062.1,72.6,45,9.100000000000023,8074.7790488540795,3266.9999999999995,0
L,302.5,313.5,1545.4,40.0,79,11.0,6473.356382476888,3160.0,0
L,299.8,310.2,1765.45,37.4,123,10.399999999999977,6914.4181886825245,4600.2,0
L,303.3,312.5,1333.45,52.5,89,9.199999999999989,7331.024266876291,4672.5,0
L,300.1,311.6,1423.9,57.8,222,11.5,8618.58454840027,12831.599999999999,1
M,304.4,312.7,1384.75,55.0,73,8.300000000000011,7975.587449607187,4015.0,0
L,301.1,311.6,1274.05,58.3,196,10.5,7778.2812937948065,11426.8,0
L,298.8,309.3,1513.0,39.4,5,10.5,6242.574986144182,197.0,0
L,303.1,314.0,1409.05,50.2,3,10.899999999999977,7407.279621758101,150.60000000000002,0
L,300.0,310.6,1337.5,51.3,34,10.600000000000023,7185.215097841556,1744.1999999999998,0
L,304.9,313.3,1276.75,58.5,51,8.400000000000034,7821.505419917998,2983.5,0
L,303.5,314.2,1560.25,43.9,67,10.699999999999989,7172.777008927217,2941.2999999999997,0
L,303.8,312.0,1490.05,49.5,197,8.199999999999989,7723.864720244426,9751.5,0
L,303.1,312.2,1351.0,53.9,17,9.099999999999966,7625.577376082992,916.3,0
L,304.5,312.6,1276.75,58.0,84,8.100000000000023,7754.654946243485,4872.0,0
L,304.7,312.8,1206.55,55.8,54,8.100000000000023,7050.308826111102,3013.2,0
L,301.8,311.0,1313.2,54.6,158,9.199999999999989,7508.481840303291,8626.800000000001,0
L,303.7,312.3,1418.5,53.7,76,8.600000000000023,7976.865030619647,4081.2000000000003,0
M,304.8,313.0,1477.9,44.6,143,8.199999999999989,6902.533543673996,6377.8,0
L,300.3,310.9,1463.05,45.6,106,10.599999999999966,6986.386840388511,4833.6,0
L,299.3,310.1,1228.15,56.3,201,10.800000000000011,7240.831236186831,11316.3,0
L,301.4,312.2,1506.25,50.5,179,10.800000000000011,7965.57362302387,9039.5,0
L,299.1,309.4,1272.7,50.7,48,10.299999999999955,6757.135399678104,2433.6000000000004,0
L,300.3,309.3,1303.75,58.7,24,9.0,8014.2159492769515,1408.8000000000002,0
M,298.7,308.8,1457.65,50.3,129,10.100000000000023,7678.030977823654,6488.7,0
L,301.7,310.4,1290.25,55.7,24,8.699999999999989,7525.886787202955,1336.8000000000002,0
L,302.4,311.4,1237.6,68.9,57,9.0,8929.520539696665,3927.3,0
L,300.1,311.5,2098.9,28.5,220,11.399999999999977,6264.1943795886355,6270.0,0
L,304.7,312.7,1513.0,44.4,100,8.0,7034.779933624408,4440.0,0
L,302.1,313.1,1450.9,45.2,131,11.0,6867.59275018077,5921.200000000001,0
L,300.5,310.4,1977.4,30.0,13,9.899999999999977,6212.185313208457,390.0,0
L,302.9,313.2,1699.3,36.7,20,10.300000000000011,6530.775271406549,734.0,0
L,305.0,313.2,1483.3,48.1,165,8.199999999999989,7471.412094188483,7936.5,0
L,299.5,310.1,1361.8,51.5,122,10.600000000000023,7344.279169880562,6283.0,0
M,300.7,309.8,1527.85,42.5,127,9.100000000000023,6799.8333090318165,5397.5,0
L,301.5,311.1,1279.45,53.1,179,9.600000000000023,7114.533975524765,9504.9,0
H,306.7,315.5,1594.0,40.2,91,8.800000000000011,6710.316244361655,3658.2000000000003,0
L,300.2,310.7,1866.7,32.9,17,10.5,6431.304070413486,559.3,0
M,306.4,315.0,1388.8,49.0,11,8.600000000000023,7126.30499959899,539.0,0
M,299.9,311.0,1418.5,49.8,144,11.100000000000023,7397.539637334422,7171.2,0
L,305.4,314.3,1463.05,42.9,185,8.900000000000034,6572.719198523401,7936.5,0
L,298.5,308.7,1985.5,29.0,127,10.199999999999989,6029.71113991245,3683.0,0
L,303.5,313.6,1341.55,51.3,131,10.100000000000023,7206.972197763991,6720.299999999999,0
M,306.3,314.6,1670.95,37.3,167,8.300000000000011,6526.809010681392,6229.099999999999,0
H,301.0,309.9,1098.55,62.2,141,8.899999999999977,7155.4809705728785,8770.2,0
M,303.1,311.8,1465.75,50.5,130,8.699999999999989,7751.395543865386,6565.0,0
H,303.2,311.5,1648.0,38.5,29,8.300000000000011,6644.259022832172,1116.5,0
M,303.6,313.1,1546.75,43.7,174,9.5,7078.319789809285,7603.8,0
L,301.5,312.2,1249.75,56.0,174,10.699999999999989,7328.916781804508,9744.0,0
M,301.1,312.0,1438.75,45.5,27,10.899999999999977,6855.282419367677,1228.5,0
L,304.5,312.8,1577.8,37.0,235,8.300000000000011,6113.39269622857,8695.0,1
M,305.9,313.4,1565.65,37.6,122,7.5,6164.688621076384,4587.2,0
M,306.3,314.4,1553.5,41.4,203,8.099999999999966,6735.040578545405,8404.199999999999,0
M,301.2,310.4,1342.9,51.2,132,9.199999999999989,7200.161748489785,6758.400000000001,0
L,304.4,312.9,1826.2,32.2,54,8.5,6157.902780944631,1738.8000000000002,0
L,305.5,313.2,1643.95,37.8,186,7.699999999999989,6507.4227660148645,7030.799999999999,0
L,305.3,313.1,1490.05,40.3,76,7.800000000000011,6288.318145976776,3062.7999999999997,0
L,304.8,312.2,1279.45,63.4,57,7.399999999999977,8494.565989609608,3613.7999999999997,0
M,302.1,311.2,1626.4,38.8,92,9.099999999999966,6608.268937392648,3569.6,0
L,304.4,312.8,1739.8,39.5,66,8.400000000000034,7196.561483308769,2607.0,0
M,303.4,313.5,1876.15,29.8,12,10.100000000000023,5854.8050633189405,357.6,0
L,303.0,313.4,1348.3,49.5,66,10.399999999999977,6989.085468477943,3267.0,0
M,303.2,313.8,1297.0,50.4,224,10.600000000000023,6845.404728466015,11289.6,0
M,300.7,310.3,1610.2,41.3,191,9.600000000000023,6963.995662348824,7888.299999999999,0
M,303.2,313.9,1241.65,63.1,36,10.699999999999989,8204.595416886943,2271.6,0
M,304.3,312.3,1299.7,60.5,26,8.0,8234.30807660582,1573.0,0
L,300.2,311.6,1395.55,55.9,18,11.400000000000034,8169.318472979782,1006.1999999999999,0
L,300.9,310.8,1365.85,48.1,111,9.900000000000034,6879.814069202008,5339.1,0
H,298.0,307.9,1548.1,45.2,197,9.899999999999977,7327.672711113686,8904.400000000001,0
M,304.7,313.5,1345.6,55.0,90,8.800000000000011,7750.09963689578,4950.0,0
L,305.1,312.4,1232.2,65.2,67,7.2999999999999545,8413.126483250599,4368.400000000001,1
L,302.4,312.4,1298.35,46.4,144,10.0,6308.678284365916,6681.599999999999,0
L,300.9,311.1,1318.6,56.0,135,10.200000000000045,7732.674269643868,7560.0,0
L,304.4,312.7,1247.05,58.3,20,8.300000000000011,7613.44192726095,1166.0,0
M,306.2,314.9,1511.65,40.6,9,8.699999999999989,6426.964483761328,365.40000000000003,0
L,303.2,312.1,1221.4,54.9,165,8.900000000000034,7021.968518783069,9058.5,0
L,300.5,311.1,1857.25,31.5,122,10.600000000000023,6126.459103673626,3843.0,0
L,303.2,314.0,1490.05,40.4,5,10.800000000000011,6303.92191308838,202.0,0
L,303.4,312.7,1324.0,52.1,141,9.300000000000011,7223.610596056179,7346.1,0
L,301.4,312.3,1400.95,51.8,124,10.900000000000034,7599.429900427163,6423.2,0
L,306.6,315.3,1382.05,47.9,70,8.699999999999989,6932.468209273724,3353.0,0
L,303.3,314.0,1263.25,57.3,177,10.699999999999989,7580.058316526353,10142.1,0
L,302.3,312.4,1689.85,36.3,103,10.099999999999966,6423.67261825914,3738.8999999999996,0
H,304.4,312.3,1629.1,40.4,100,7.900000000000034,6892.197703843684,4040.0,0
M,305.4,314.3,1839.7,33.0,180,8.900000000000034,6357.546805290056,5940.0,0
L,299.5,310.3,1411.75,56.1,137,10.800000000000011,8293.718211679081,7685.7,0
L,302.5,312.5,1303.75,60.4,142,10.0,8246.314196530288,8576.8,0
H,304.8,313.7,1363.15,53.4,130,8.899999999999977,7622.78240581885,6942.0,0
L,302.1,311.1,1297.0,58.6,85,9.0,7959.141212065644,4981.0,0
L,302.5,312.1,1375.3,48.9,60,9.600000000000023,7042.630773665729,2934.0,0
M,302.6,313.4,1523.8,37.8,210,10.799999999999955,6031.820195780559,7937.999999999999,0
H,303.1,314.1,1225.45,54.9,138,11.0,7045.252432735149,7576.2,0
L,303.7,312.6,1337.5,59.2,112,8.900000000000034,8291.71021037466,6630.400000000001,0
M,302.7,312.1,1490.05,46.7,45,9.400000000000034,7286.959241119491,2101.5,0
L,303.4,313.0,2101.6,28.2,138,9.600000000000023,6206.22885353725,3891.6,0
M,303.2,311.5,1587.25,38.5,14,8.300000000000011,6399.332605576678,539.0,0
L,303.3,313.9,1503.55,39.8,21,10.599999999999966,6266.565234844544,835.8,0
L,304.3,312.7,1486.0,49.7,72,8.399999999999977,7733.993738558376,3578.4,0
M,304.9,312.4,1538.65,42.3,149,7.5,6815.674266388768,6302.7,0
M,303.3,312.9,1452.25,49.7,115,9.599999999999966,7558.339439314536,5715.5,0
L,301.5,312.2,1668.25,36.8,49,10.699999999999989,6428.913318404105,1803.1999999999998,0
L,300.4,311.2,1392.85,47.7,10,10.800000000000011,6957.4700508085425,477.0,0
L,302.3,311.1,1789.75,32.8,113,8.800000000000011,6147.447560593482,3706.3999999999996,0
L,302.8,313.6,1252.45,55.4,197,10.800000000000011,7266.05665439883,10913.8,0
M,302.8,313.3,1430.65,48.7,98,10.5,7296.10337013654,4772.6,0
M,300.3,309.3,1832.95,34.0,222,9.0,6526.166554983733,7548.0,0
L,302.2,312.6,1742.5,34.1,144,10.400000000000034,6222.369309393844,4910.400000000001,0
L,300.2,311.2,1275.4,52.5,159,11.0,7011.8777231797385,8347.5,0
L,301.3,310.2,1345.6,61.4,21,8.899999999999977,8651.92941282547,1289.3999999999999,0
L,299.8,310.7,1411.75,51.6,189,10.899999999999977,7628.4466973732715,9752.4,0
L,305.8,313.4,1635.85,38.5,7,7.599999999999966,6595.273739381074,269.5,0
L,300.5,310.6,1328.05,65.0,43,10.100000000000023,9039.74960113317,2795.0,0
M,300.7,311.0,1723.6,34.6,168,10.300000000000011,6245.125959378896,5812.8,0
M,304.4,313.0,1378.0,56.1,43,8.600000000000023,8095.4444453293945,2412.3,0
L,303.9,312.1,2012.5,29.8,205,8.200000000000045,6280.305513913795,6109.0,0
L,306.5,315.0,1283.5,50.4,113,8.5,6774.153407082599,5695.2,0
L,300.9,311.5,1355.05,55.9,112,10.600000000000023,7932.2381833766285,6260.8,0
L,301.7,312.2,1569.7,41.2,156,10.5,6772.398303986794,6427.200000000001,0
L,303.0,313.4,1287.55,53.1,29,10.399999999999977,7159.5749893992825,1539.9,0
M,300.7,311.4,1683.1,42.4,73,10.699999999999989,7473.161961296531,3095.2,0
H,305.0,313.3,1278.1,55.5,130,8.300000000000011,7428.2487055232605,7215.0,0
L,300.0,310.5,1251.1,47.9,110,10.5,6275.613021686883,5269.0,0
L,303.6,313.3,1598.05,37.5,51,9.699999999999989,6275.5276750864605,1912.5,0
L,301.4,310.7,1427.95,49.8,165,9.300000000000011,7446.821801291285,8217.0,0
L,305.2,312.5,1614.25,38.8,195,7.300000000000011,6558.901950434138,7565.999999999999,0
L,301.0,311.4,1311.85,53.1,148,10.399999999999977,7294.698031022833,7858.8,0
M,304.8,313.7,1414.45,45.1,114,8.899999999999977,6680.250679068025,5141.400000000001,0
M,303.1,311.8,1351.0,50.9,12,8.699999999999989,7201.148208583011,610.8,0
L,300.8,310.4,1460.35,45.3,160,9.599999999999966,6927.615495821479,7248.0,0
M,305.1,313.0,1191.7,56.6,111,7.899999999999977,7063.370521167178,6282.6,1
M,303.5,313.1,1314.55,55.4,167,9.600000000000023,7626.3282167272,9251.8,0
L,303.6,312.1,1407.7,53.8,42,8.5,7930.873161368643,2259.6,0
M,306.1,314.0,1618.3,43.7,81,7.899999999999977,7405.750713333355,3539.7000000000003,0
H,300.4,309.7,1581.85,43.9,92,9.300000000000011,7272.076469521883,4038.7999999999997,0
M,301.8,310.8,1622.35,36.4,188,9.0,6184.072247749032,6843.2,0
L,301.9,311.1,2039.5,30.1,55,9.200000000000045,6428.635811053038,1655.5,0
L,306.2,314.6,1282.15,52.1,136,8.400000000000034,6995.2812127895995,7085.6,0
L,300.9,311.4,1267.3,51.2,119,10.5,6794.820897953015,6092.8,0
L,305.3,314.2,1754.65,35.4,44,8.899999999999977,6504.62674855317,1557.6,0
H,301.1,310.4,1297.0,58.5,164,9.299999999999955,7945.559059826625,9594.0,0
H,300.3,309.8,1641.25,38.7,48,9.5,6651.41923608848,1857.6000000000001,0
L,301.0,310.8,1159.3,66.7,26,9.800000000000011,8097.4875277517785,1734.2,0
M,301.7,312.4,1425.25,47.8,34,10.699999999999989,7134.237521049305,1625.1999999999998,0
L,306.0,314.9,1118.8,72.4,113,8.899999999999977,8482.417450818177,8181.200000000001,0
H,303.3,311.9,2152.9,27.2,194,8.599999999999966,6132.271573681542,5276.8,0
L,298.2,308.2,1373.95,54.2,92,10.0,7798.280149028786,4986.400000000001,0
L,299.7,309.9,1164.7,57.6,167,10.199999999999989,7025.304890181182,9619.2,0
L,303.5,314.1,1658.8,38.7,200,10.600000000000023,6722.543322969426,7740.000000000001,0
L,301.8,311.2,2475.55,23.4,207,9.399999999999977,6066.1923610034855,4843.799999999999,0
L,298.1,308.2,1325.35,52.5,51,10.099999999999966,7286.492191011656,2677.5,0
L,303.0,313.9,1330.75,51.1,16,10.899999999999977,7121.082101812397,817.6,0
M,301.2,311.8,1517.05,50.1,200,10.600000000000023,7959.141735664421,10020.0,0
L,302.7,311.4,1500.85,46.3,51,8.699999999999989,7276.908239023104,2361.2999999999997,0
L,302.5,312.5,1445.5,50.2,186,10.0,7598.894782478504,9337.2,0
L,301.1,312.1,1720.9,35.2,5,11.0,6343.470375806873,176.0,0
L,303.7,312.6,1272.7,53.3,64,8.900000000000034,7103.65516376416,3411.2,0
L,299.6,309.8,1325.35,51.7,179,10.199999999999989,7175.459929053383,9254.300000000001,0
M,299.8,310.3,1367.2,67.6,207,10.5,9678.484605892882,13993.199999999999,1
M,304.5,312.7,2309.5,25.8,17,8.199999999999989,6239.737080780439,438.6,0
H,306.6,315.3,1677.7,40.5,134,8.699999999999989,7115.377493152255,5427.0,0
L,305.0,314.0,2167.75,26.9,40,9.0,6106.468102421282,1076.0,0
M,303.3,312.7,1357.75,51.0,139,9.399999999999977,7251.345623199621,7089.0,0
M,304.2,312.8,1653.4,39.6,137,8.600000000000023,6856.4882673478805,5425.2,0
L,303.2,311.8,1552.15,39.5,123,8.600000000000023,6420.360332404706,4858.5,0
L,304.3,312.3,1398.25,49.4,63,8.0,7233.365241245575,3112.2,0
L,298.0,308.1,1521.1,43.1,129,10.100000000000023,6865.365360989374,5559.900000000001,0
M,305.9,313.8,1442.8,50.6,204,7.900000000000034,7645.136931944242,10322.4,0
M,302.2,312.2,1341.55,50.8,30,10.0,7136.728804023601,1524.0,0
L,298.3,308.4,1228.15,56.0,99,10.099999999999966,7202.247766011769,5544.0,0
H,302.5,312.1,1711.45,36.7,55,9.600000000000023,6577.470333813181,2018.5000000000002,0
M,301.2,312.1,1430.65,58.7,53,10.900000000000034,8794.276546755953,3111.1000000000004,0
L,298.4,308.6,1306.45,58.2,51,10.200000000000045,7962.4074212278265,2968.2000000000003,0
M,302.7,311.5,1365.85,54.9,23,8.800000000000011,7852.428116407282,1262.7,0
M,300.9,311.1,1378.0,47.6,78,10.200000000000045,6868.861953612819,3712.8,0
M,300.3,309.5,1294.3,54.9,113,9.199999999999989,7441.078969920522,6203.7,0
L,300.6,310.6,1340.2,52.9,205,10.0,7424.2724964213685,10844.5,0
H,304.8,313.7,1353.7,52.5,152,8.899999999999977,7442.35445653788,7980.0,0
L,306.0,313.7,1584.55,39.0,141,7.699999999999989,6471.4138310194185,5499.0,0
L,301.4,312.3,1417.15,44.3,161,10.900000000000034,6574.2795228746845,7132.299999999999,0
L,303.2,312.9,1450.9,47.4,61,9.699999999999989,7201.8561141276205,2891.4,0
L,302.1,313.0,1492.75,41.2,139,10.899999999999977,6440.401075540732,5726.8,0
L,300.0,310.4,1342.9,52.5,4,10.399999999999977,7382.978355385033,210.0,0
L,301.2,312.3,1356.4,48.0,86,11.100000000000023,6818.010040526713,4128.0,0
L,303.3,313.3,1803.25,34.9,116,10.0,6590.372854841474,4048.3999999999996,0
L,303.2,312.8,1996.3000000000002,30.0,74,9.600000000000023,6271.561414361305,2220.0,0
L,299.9,310.6,1367.2,49.3,196,10.700000000000045,7058.421465540222,9662.8,0
L,304.5,311.7,1306.45,44.3,209,7.199999999999989,6060.732796570322,9258.699999999999,0
L,303.9,312.7,1579.15,44.5,121,8.800000000000011,7358.884957725877,5384.5,0
H,300.6,310.5,1276.75,52.8,111,9.899999999999977,7059.410020028551,5860.799999999999,0
L,301.5,310.4,1518.4,46.6,5,8.899999999999977,7409.701789694019,233.0,0
L,302.7,312.4,1838.35,33.8,35,9.699999999999989,6506.890789658855,1183.0,0
M,299.8,310.5,1706.05,35.7,138,10.699999999999989,6378.059834521671,4926.6,0
L,301.1,311.5,1355.05,52.3,7,10.399999999999977,7421.396368347006,366.09999999999997,0
M,302.5,312.5,1814.05,33.7,123,10.0,6401.883578811394,4145.1,0
M,304.2,311.9,1364.5,47.2,192,7.699999999999989,6744.4129966286155,9062.400000000001,0
L,302.5,313.1,1321.3,55.8,179,10.600000000000023,7720.834654130039,9988.199999999999,0
L,303.9,312.8,1272.7,60.7,125,8.900000000000034,8089.903723086013,7587.5,0
M,300.8,311.1,1406.35,48.6,176,10.300000000000011,7157.449701969129,8553.6,0
L,303.8,313.1,1589.95,48.9,0,9.300000000000011,8141.809640507398,0.0,0
L,304.8,312.1,1271.35,57.9,48,7.300000000000011,7708.543172872869,2779.2,0
M,300.5,309.5,1324.0,53.1,95,9.0,7362.259551834609,5044.5,0
M,305.9,314.9,1317.25,47.9,63,9.0,6607.426466962711,3017.7,0
L,302.9,313.1,1542.7,43.5,191,10.200000000000045,7027.475730704811,8308.5,0
L,302.9,313.7,1251.1,55.2,3,10.800000000000011,7232.02168678739,165.60000000000002,0
L,302.7,312.2,1307.8,57.6,21,9.5,7888.463754940284,1209.6000000000001,0
M,299.8,310.5,1454.95,57.3,176,10.699999999999989,8730.343041860297,10084.8,0
M,304.2,311.8,1130.95,76.2,111,7.600000000000023,9024.579897406536,8458.2,1
L,304.0,312.4,1321.3,62.4,7,8.399999999999977,8634.051656231442,436.8,0
L,304.5,312.8,1351.0,50.7,229,8.300000000000011,7172.852930749679,11610.300000000001,0
M,301.1,312.0,1477.9,44.9,12,10.899999999999977,6948.963141501399,538.8,0
L,306.2,315.0,1764.1,37.0,42,8.800000000000011,6835.236440243896,1554.0,0
H,305.8,313.4,1626.4,38.6,50,7.599999999999966,6574.205695447326,1930.0,0
L,298.7,308.8,1272.7,61.3,132,10.100000000000023,8169.8698224904865,8091.599999999999,0
L,302.9,312.4,1403.65,54.3,48,9.5,7981.5507160624775,2606.3999999999996,0
M,301.6,310.2,1334.8,53.2,45,8.599999999999966,7436.292229914003,2394.0,0
M,302.0,310.9,1352.35,50.9,74,8.899999999999977,7208.3440265560575,3766.6,0
L,300.1,311.4,2040.85,30.1,108,11.299999999999955,6432.891098302324,3250.8,0
L,300.0,310.5,1349.65,49.9,32,10.5,7052.6173731127155,1596.8,0
L,302.4,311.4,1905.85,30.5,22,9.0,6087.194431491508,671.0,0
L,304.2,312.1,3035.8,20.6,10,7.900000000000034,6548.909591400621,206.0,0
M,299.7,310.5,1238.95,62.0,43,10.800000000000011,8044.037517541154,2666.0,0
M,303.9,312.5,1507.6,47.9,83,8.600000000000023,7562.236585001315,3975.7,0
M,305.0,312.4,1531.9,40.7,181,7.399999999999977,6529.101849719737,7366.700000000001,0
M,300.5,309.6,1153.9,66.5,155,9.100000000000023,8035.602341266265,10307.5,0
L,300.5,309.7,1344.25,51.6,148,9.199999999999989,7263.707790291496,7636.8,0
L,300.3,311.2,1249.75,55.3,15,10.899999999999977,7237.3053220319525,829.5,0
L,299.8,310.6,1148.5,53.9,184,10.800000000000011,6482.587428890686,9917.6,0
M,300.0,310.6,1091.8,68.7,77,10.600000000000023,7854.67906754358,5289.900000000001,0
L,304.2,312.5,1513.0,47.1,114,8.300000000000011,7462.570605263731,5369.400000000001,0
H,301.1,311.7,1654.75,35.5,54,10.599999999999966,6151.618024841124,1917.0,0
M,300.7,310.9,1546.75,43.2,142,10.199999999999989,6997.3321491936185,6134.400000000001,0
H,300.1,311.0,1225.45,63.6,46,10.899999999999977,8161.713200764218,2925.6,0
L,301.3,312.6,1831.6,33.4,209,11.300000000000011,6406.277096137438,6980.599999999999,0
M,305.0,312.4,1434.7,45.6,45,7.399999999999977,6851.009329760021,2052.0,0
L,300.7,310.4,1438.75,42.9,181,9.699999999999989,6463.55199540381,7764.9,0
L,301.4,311.6,1642.6,41.7,195,10.200000000000045,7172.928328973366,8131.500000000001,0
L,303.2,312.4,1480.6,55.3,203,9.199999999999989,8574.158239488303,11225.9,0
L,305.9,314.7,1468.45,43.5,98,8.800000000000011,6689.244011637701,4263.0,0
L,301.8,311.3,1460.35,45.8,45,9.5,7004.079243015977,2061.0,0
L,302.8,312.6,1332.1,61.8,86,9.800000000000011,8620.926082124743,5314.8,0
L,303.4,313.5,1429.3,49.1,129,10.100000000000023,7349.088948233209,6333.900000000001,0
M,305.1,313.6,1446.85,47.0,184,8.5,7121.147551659347,8648.0,0
L,304.5,312.4,1373.95,55.2,159,7.899999999999977,7942.159856575441,8776.800000000001,0
L,302.6,312.1,1515.7,51.5,17,9.5,8174.272240995718,875.5,0
L,303.8,312.6,1322.65,48.7,54,8.800000000000011,6745.319346109177,2629.8,0
M,300.5,309.5,1329.4,60.9,92,9.0,8478.15954557501,5602.8,0
L,300.6,309.6,1225.45,51.3,155,9.0,6583.268666654156,7951.5,0
M,299.9,310.7,1824.85,31.0,135,10.800000000000011,5924.033199033444,4185.0,0
L,305.2,312.5,1221.4,49.8,10,7.300000000000011,6369.654503376992,498.0,1
M,302.6,313.4,1209.25,56.5,203,10.799999999999955,7154.728559132344,11469.5,0
L,304.7,312.8,1751.95,37.7,16,8.100000000000023,6916.584316817175,603.2,0
L,299.8,310.3,1383.4,46.2,37,10.5,6692.962086543225,1709.4,0
L,304.0,313.1,1322.65,60.1,121,9.100000000000023,8324.305804951982,7272.1,0
H,305.8,314.6,1681.75,37.0,125,8.800000000000011,6516.160582382049,4625.0,0
M,299.5,309.9,1938.25,32.2,97,10.399999999999977,6535.732704613914,3123.4,0
M,300.8,311.3,1255.15,65.0,198,10.5,8543.535041498662,12870.0,0
L,298.8,309.4,1384.75,47.9,51,10.599999999999966,6946.01161520335,2442.9,0
M,304.7,312.9,1788.4,35.6,54,8.199999999999989,6667.196837993584,1922.4,0
L,303.0,311.8,1213.3,70.7,153,8.800000000000011,8982.893057288502,10817.1,0
L,306.1,314.4,1237.6,61.1,7,8.299999999999955,7918.6314219951555,427.7,0
M,302.2,312.3,1639.9,42.5,6,10.100000000000023,7298.521872881027,255.0,0
M,301.9,311.1,1369.9,56.6,70,9.200000000000045,8119.5865376746815,3962.0,0
M,303.1,311.4,1357.75,47.4,78,8.299999999999955,6739.485932150235,3697.2,0
L,300.9,309.9,1349.65,53.3,23,9.0,7533.156432603361,1225.8999999999999,0
L,304.2,312.7,1465.75,47.8,92,8.5,7336.964494985454,4397.599999999999,0
M,302.7,312.4,1463.05,43.7,80,9.699999999999989,6695.287388705657,3496.0,0
L,306.0,313.6,1325.35,54.2,139,7.600000000000023,7522.4357476729865,7533.8,0
L,300.6,310.2,1450.9,47.3,151,9.599999999999966,7186.66232485731,7142.299999999999,0
L,302.4,312.2,1136.35,77.6,62,9.800000000000011,9234.267593465487,4811.2,1
H,302.1,312.1,1464.4,44.8,62,10.0,6870.152100995892,2777.6,0
H,300.8,310.6,1330.75,57.5,91,9.800000000000011,8012.959312215516,5232.5,0
M,306.3,314.7,1988.2,28.2,131,8.399999999999977,5871.347643035193,3694.2,0
L,303.6,312.1,1310.5,54.9,35,8.5,7534.214625728845,1921.5,0
L,299.1,309.6,1653.4,36.8,108,10.5,6371.686066626312,3974.3999999999996,0
H,300.7,309.6,1368.55,56.6,204,8.900000000000034,8111.584901185986,11546.4,0
M,304.8,313.0,1527.85,41.5,158,8.199999999999989,6639.837231172244,6557.0,0
L,302.8,313.6,1503.55,45.7,107,10.800000000000011,7195.528422924515,4889.900000000001,0
M,304.3,312.9,1214.65,52.6,142,8.599999999999966,6690.606939250583,7469.2,0
L,301.8,312.5,1126.9,67.8,15,10.699999999999989,8000.9893206065635,1017.0,0
L,300.3,309.3,1189.0,69.0,186,9.0,8591.313429772006,12834.0,1
M,303.8,313.1,1873.45,33.4,22,9.300000000000011,6552.653322646148,734.8,0
L,305.0,312.3,1491.4,45.3,168,7.300000000000011,7074.9106381813635,7610.4,0
L,303.0,313.9,1525.15,39.1,149,10.899999999999977,6244.79137976129,5825.900000000001,0
M,302.3,311.7,1498.15,45.7,124,9.399999999999977,7169.685681756086,5666.8,0
L,301.9,311.1,1373.95,48.5,215,9.200000000000045,6978.165816012842,10427.5,0
M,302.1,312.6,1602.1,42.2,151,10.5,7079.9581303781315,6372.200000000001,0
H,300.2,310.2,1407.7,51.0,151,10.0,7518.113963379197,7701.0,0
L,302.8,313.7,1529.2,41.6,59,10.899999999999977,6661.7179004057225,2454.4,0
L,302.3,311.6,1351.0,51.1,12,9.300000000000011,7229.443486416344,613.2,0
L,304.2,312.5,2725.3,21.7,149,8.300000000000011,6193.02264521911,3233.2999999999997,0
M,306.6,315.5,1540.0,41.6,108,8.899999999999977,6708.766391985883,4492.8,0
L,300.5,310.6,1170.1,58.8,170,10.100000000000023,7204.916025372216,9996.0,0
L,303.1,312.5,1382.05,45.7,98,9.399999999999977,6614.066746634849,4478.6,0
M,300.5,310.5,1668.25,41.0,58,10.0,7162.647990613269,2378.0,0
L,299.9,310.2,1313.2,58.0,52,10.300000000000011,7976.042980541958,3016.0,0
H,299.8,310.4,1913.95,31.1,90,10.599999999999966,6233.322472180585,2799.0,0
M,302.2,311.0,1375.3,57.0,158,8.800000000000011,8209.201515315879,9006.0,0
M,302.8,311.9,1414.45,46.5,33,9.099999999999966,6887.619879748629,1534.5,0
H,304.5,311.9,1739.8,35.2,192,7.399999999999977,6413.13833449288,6758.400000000001,0
L,304.8,313.2,1602.1,44.4,114,8.399999999999977,7449.055473667986,5061.599999999999,0
L,303.6,314.2,1283.5,62.9,81,10.599999999999966,8454.250978283639,5094.9,0
L,300.6,309.9,1445.5,48.8,50,9.299999999999955,7386.973414042847,2440.0,0
L,299.4,309.9,1232.2,64.5,110,10.5,8322.801505669688,7095.0,0
M,303.8,313.5,1622.35,40.4,0,9.699999999999989,6863.640626622551,0.0,0
H,303.4,314.0,1283.5,50.7,212,10.600000000000023,6814.475748791424,10748.400000000001,0
H,304.6,312.9,1357.75,50.5,198,8.299999999999955,7180.253999442762,9999.0,0
M,305.0,312.3,1706.05,35.3,186,7.300000000000011,6306.596979232912,6565.799999999999,0
L,305.2,314.4,1233.55,55.8,11,9.199999999999989,7208.079609174381,613.8,0
L,304.1,312.6,1873.45,31.5,146,8.5,6179.897594711188,4599.0,0
M,303.6,313.2,1545.4,43.0,208,9.599999999999966,6958.8581111626545,8944.0,0
L,302.0,311.3,1453.6,49.5,181,9.300000000000011,7534.921484075903,8959.5,0
M,301.4,311.3,1531.9,38.7,65,9.900000000000034,6208.261463984124,2515.5,0
L,299.8,310.7,1498.15,44.7,114,10.899999999999977,7012.799780623568,5095.8,0
L,305.1,314.0,1801.9,36.5,196,8.899999999999977,6887.350226379195,7154.0,0
L,299.3,310.0,1646.65,37.8,41,10.699999999999989,6518.110464222376,1549.8,0
L,301.2,311.9,1548.1,50.5,146,10.699999999999989,8186.890971487635,7373.0,0
M,304.2,313.1,1407.7,49.4,108,8.900000000000034,7282.251564528086,5335.2,0
L,302.9,312.0,1128.25,74.1,40,9.100000000000023,8754.91972118933,2964.0,0
L,304.2,312.8,1413.1,55.6,145,8.600000000000023,8227.659419353271,8062.0,0
M,304.6,313.0,1221.4,68.3,207,8.399999999999977,8735.891618085312,14138.099999999999,1
L,303.0,312.5,2952.1000000000004,20.2,17,9.5,6244.692419592702,343.4,1
M,302.2,312.6,1519.75,46.0,139,10.400000000000034,7320.801000782735,6394.0,0
M,300.6,309.7,1313.2,55.4,142,9.099999999999966,7618.496226241801,7866.8,0
L,299.6,310.3,1791.1,31.8,169,10.699999999999989,5964.520997955358,5374.2,0
H,301.3,311.8,1409.05,43.9,171,10.5,6477.680784764554,7506.9,0
M,304.3,311.5,1735.75,38.1,220,7.199999999999989,6925.334699554974,8382.0,0
L,304.2,313.2,1450.9,44.7,130,9.0,6791.623803829213,5811.0,0
L,300.7,309.8,1460.35,39.1,194,9.100000000000023,5979.46503060971,7585.400000000001,0
M,303.2,313.7,1693.9,38.8,44,10.5,6882.529976051036,1707.1999999999998,0
L,301.8,311.1,1382.05,49.1,118,9.300000000000011,7106.141734349476,5793.8,0
L,303.2,314.4,1382.05,46.6,56,11.199999999999989,6744.321890441661,2609.6,0
L,303.6,314.3,1668.25,37.7,83,10.699999999999989,6586.14217673464,3129.1000000000004,0
L,301.7,310.4,1434.7,47.4,0,8.699999999999989,7121.443908566336,0.0,0
L,306.6,315.2,1303.75,55.5,150,8.599999999999966,7577.325130917731,8325.0,0
L,302.8,311.3,1213.3,61.5,192,8.5,7813.9734515310165,11808.0,0
L,301.3,311.1,1391.5,50.4,158,9.800000000000011,7344.16397814993,7963.2,0
L,304.7,313.3,1463.05,45.3,207,8.600000000000023,6940.423769070165,9377.099999999999,1
L,302.2,312.4,1576.45,44.2,108,10.199999999999989,7296.777241760735,4773.6,0
L,304.9,312.9,1218.7,54.1,148,8.0,6904.348337030218,8006.8,1
M,299.8,310.3,1634.5,39.1,8,10.5,6692.52959395458,312.8,0
L,301.0,311.7,1603.45,45.8,78,10.699999999999989,7690.410423675125,3572.3999999999996,0
M,305.2,313.1,1148.5,68.7,125,7.900000000000034,8262.59288246364,8587.5,1
M,305.4,313.1,1997.65,29.8,58,7.7000000000000455,6233.9638806806925,1728.4,0
L,301.8,310.6,1171.45,56.2,65,8.800000000000011,6894.27639098281,3653.0,0
M,298.9,309.5,1670.95,39.4,72,10.600000000000023,6894.270107797502,2836.7999999999997,0
H,301.9,311.3,1468.45,45.5,39,9.400000000000034,6996.79546044863,1774.5,0
L,303.9,312.8,1236.25,61.2,4,8.900000000000034,7922.939592720779,244.8,0
M,306.4,314.7,1402.3,51.3,174,8.300000000000011,7533.328696600532,8926.199999999999,0
L,306.4,315.1,1410.4,45.2,195,8.700000000000045,6675.892766458721,8814.0,0
L,303.6,312.1,1508.95,44.8,7,8.5,7079.155977053914,313.59999999999997,0
H,301.3,310.6,1454.95,45.7,170,9.300000000000011,6962.94375240865,7769.000000000001,0
L,300.6,310.2,1630.45,40.1,25,9.599999999999966,6846.687021867456,1002.5,0
L,303.4,312.9,1055.35,74.4,109,9.5,8222.38992127565,8109.6,0
M,301.3,310.6,1554.85,43.1,52,9.300000000000011,7017.693334780309,2241.2000000000003,0
L,304.8,313.0,1325.35,55.9,174,8.199999999999989,7758.379304334315,9726.6,0
L,302.8,312.2,1411.75,60.3,2,9.399999999999977,8914.638291697835,120.6,0
L,300.1,310.6,1525.15,40.7,83,10.5,6500.332714994489,3378.1000000000004,0
M,303.6,314.3,1897.75,33.9,131,10.699999999999989,6737.011927935533,4440.9,0
L,300.7,311.0,1407.7,48.6,89,10.300000000000011,7164.32036510253,4325.400000000001,0
L,305.3,312.6,1382.05,49.1,205,7.300000000000011,7106.141734349476,10065.5,0
M,300.0,311.5,1494.1,50.4,60,11.5,7885.674020663896,3024.0,0
M,299.3,309.4,1384.75,51.9,30,10.099999999999966,7526.0543388111455,1557.0,0
L,304.5,312.7,1634.5,39.9,37,8.199999999999989,6829.461145749046,1476.3,0
M,303.7,312.7,1459.0,49.1,53,9.0,7501.798625531555,2602.3,0
L,302.8,311.5,1387.45,46.7,35,8.699999999999989,6785.20291204405,1634.5,0
L,300.4,309.8,1133.65,67.5,55,9.400000000000034,8013.299651419655,3712.5,0
L,301.3,311.9,1745.2,38.6,83,10.599999999999966,7054.416982104447,3203.8,0
L,301.9,312.7,1491.4,49.2,3,10.800000000000011,7684.00890504466,147.60000000000002,0
L,298.8,309.4,1622.35,42.0,60,10.599999999999966,7135.467978171961,2520.0,0
L,304.0,312.6,1396.9,54.8,20,8.600000000000023,8016.309820780569,1096.0,0
L,303.9,313.1,1371.25,45.1,41,9.200000000000045,6476.223085773288,1849.1000000000001,0
L,300.7,310.3,1834.3,39.6,96,9.600000000000023,7606.66289391328,3801.6000000000004,0
L,303.0,312.6,1480.6,44.2,30,9.600000000000023,6853.124668813436,1326.0,0
L,304.2,313.2,1542.7,45.9,75,9.0,7415.198529640249,3442.5,0
M,299.8,310.3,1481.95,49.7,6,10.5,7712.915222649116,298.20000000000005,0
M,304.2,312.1,1616.95,42.6,5,7.900000000000034,7213.313502535263,213.0,0
H,301.3,310.8,1348.3,57.9,4,9.5,8175.112093431777,231.6,0
H,302.7,311.9,1970.65,30.9,165,9.199999999999989,6376.7089496806275,5098.5,0
L,300.5,310.5,1292.95,54.6,201,10.0,7392.69844305524,10974.6,0
H,303.0,311.5,1604.8,42.2,62,8.5,7091.889899276465,2616.4,0
L,300.9,311.6,1706.05,35.3,163,10.700000000000045,6306.596979232912,5753.9,1
M,304.8,313.5,1463.05,50.3,21,8.699999999999989,7706.474957709256,1056.3,0
L,302.9,312.1,1426.6,50.2,196,9.200000000000045,7499.538773216072,9839.2,0
M,303.2,313.3,1405.0,47.8,50,10.100000000000023,7032.87403408123,2390.0,0
L,299.9,310.6,1406.35,44.4,71,10.700000000000045,6538.904665996487,3152.4,0
L,306.4,314.6,1322.65,61.4,172,8.200000000000045,8504.365664293706,10560.8,0
L,301.8,312.6,1395.55,53.1,107,10.800000000000011,7760.1218410595075,5681.7,0
L,303.9,312.6,2282.5,26.0,99,8.700000000000045,6214.593867576209,2574.0,0
L,299.9,310.6,1390.15,50.3,107,10.700000000000045,7322.48122925363,5382.099999999999,0
M,302.0,312.8,1765.45,39.3,114,10.800000000000011,7265.685422866931,4480.2,0
M,297.9,307.9,1446.85,48.6,178,10.0,7363.569595971156,8650.800000000001,0
L,303.5,313.3,1209.25,58.9,60,9.800000000000011,7458.64623244062,3534.0,0
L,306.9,315.6,1514.35,47.1,0,8.700000000000045,7469.229210893013,0.0,0
L,304.5,312.5,2067.85,30.0,106,8.0,6496.342368725654,3180.0,0
M,303.2,311.6,1340.2,51.0,61,8.400000000000034,7157.616206379768,3111.0,0
M,299.7,310.4,1257.85,49.9,97,10.699999999999989,6572.915024465475,4840.3,0
H,303.7,312.9,1554.85,43.9,71,9.199999999999989,7147.952143778551,3116.9,0
M,301.3,312.5,1662.85,40.8,4,11.199999999999989,7104.63638786963,163.2,0
H,301.3,312.0,1463.05,46.3,53,10.699999999999989,7093.634006797984,2453.8999999999996,0
L,302.4,312.9,1141.75,59.1,173,10.5,7066.219422105208,10224.300000000001,0
M,304.4,313.4,1375.3,47.9,153,9.0,6898.60969444966,7328.7,0
L,303.3,314.5,1318.6,55.3,123,11.199999999999989,7636.015841273319,6801.9,0
M,301.1,312.1,1365.85,49.9,61,11.0,7137.270728756345,3043.9,0
M,306.4,315.2,1517.05,48.7,74,8.800000000000011,7736.730589358429,3603.8,0
L,301.4,312.1,1279.45,50.7,179,10.700000000000045,6792.973117873929,9075.300000000001,0
L,303.3,314.0,1391.5,45.3,164,10.699999999999989,6601.004527979997,7429.2,0
L,302.6,313.3,1382.05,53.2,40,10.699999999999989,7699.526278358291,2128.0,0
L,302.6,312.5,1594.0,37.2,95,9.899999999999977,6209.546375379441,3534.0000000000005,0
L,301.2,312.1,1612.9,39.1,49,10.900000000000034,6604.087477570721,1915.9,0
L,304.6,313.0,1538.65,43.1,142,8.399999999999977,6944.5759073606605,6120.2,0
L,300.8,311.2,1506.25,45.6,137,10.399999999999977,7192.676380393831,6247.2,0
M,301.2,311.4,1253.8,56.3,157,10.199999999999989,7392.056510956355,8839.1,0
H,300.0,310.8,1859.95,32.0,179,10.800000000000011,6232.752273113958,5728.0,0
L,301.6,310.3,1454.95,42.1,128,8.699999999999989,6414.440524647793,5388.8,0
L,303.7,312.4,1274.05,57.9,74,8.699999999999989,7724.914012190726,4284.599999999999,0
M,302.8,311.6,1454.95,46.4,54,8.800000000000011,7069.597157806592,2505.6,0
L,305.8,313.3,1220.05,56.1,32,7.5,7167.523218812864,1795.2,1
L,301.1,311.4,1648.0,43.6,185,10.299999999999955,7524.407620661889,8066.0,0
L,305.1,312.3,1394.2,48.4,105,7.199999999999989,7066.413677250955,5082.0,0
M,301.7,310.5,1457.65,45.3,135,8.800000000000011,6914.807222572794,6115.5,0
M,301.9,310.6,1477.9,47.1,109,8.700000000000045,7289.446858902358,5133.900000000001,0
L,303.9,312.7,1255.15,58.6,25,8.800000000000011,7702.325437412641,1465.0,0
L,305.0,312.4,1218.7,63.1,187,7.399999999999977,8052.946027109183,11799.7,1
L,303.1,314.2,1163.35,62.7,52,11.099999999999966,7638.473090327203,3260.4,0
M,305.8,313.8,1471.15,48.6,205,8.0,7487.241532372371,9963.0,0
L,299.3,309.6,1541.35,45.6,126,10.300000000000011,7360.286631648153,5745.6,0
M,301.2,312.0,1367.2,48.2,69,10.800000000000011,6900.931331420665,3325.8,0
H,301.1,311.4,1236.25,53.3,56,10.299999999999955,6900.207194314011,2984.7999999999997,0
L,299.7,310.7,1372.6,57.9,146,11.0,8322.449647292484,8453.4,0
L,303.1,313.7,1498.15,42.9,76,10.599999999999966,6730.405158585035,3260.4,0
M,303.2,312.6,1218.7,62.5,19,9.400000000000034,7976.3728477705845,1187.5,0
L,300.5,309.7,1565.65,38.8,17,9.199999999999989,6361.434002600098,659.5999999999999,0
L,303.0,313.6,1468.45,45.7,90,10.600000000000023,7027.550605329723,4113.0,0
M,302.9,311.7,1672.3,40.3,167,8.800000000000011,7057.450713410262,6730.099999999999,0
L,298.3,308.4,1286.2,55.6,84,10.099999999999966,7488.7945263407955,4670.400000000001,0
L,303.6,312.2,1634.5,42.1,52,8.599999999999966,7206.022913183831,2189.2000000000003,0
L,303.5,313.0,1603.45,39.2,182,9.5,6582.185340787444,7134.400000000001,0
M,298.2,308.3,1216.0,58.4,46,10.100000000000023,7436.610577969566,2686.4,0
L,302.9,311.8,1488.7,46.9,150,8.900000000000034,7311.536444047299,7035.0,0
M,302.5,313.4,1472.5,43.4,120,10.899999999999977,6692.2730305545365,5208.0,0
L,302.7,311.8,1499.5,41.8,19,9.100000000000023,6563.740003120666,794.1999999999999,0
L,301.4,310.7,1228.15,58.7,185,9.300000000000011,7549.498997587337,10859.5,0
M,304.7,313.4,1249.75,63.1,9,8.699999999999989,8258.118730926151,567.9,0
M,300.9,310.2,1372.6,45.6,188,9.300000000000011,6554.468116002371,8572.800000000001,0
L,306.4,314.7,1560.25,41.9,165,8.300000000000011,6845.999013076319,6913.5,0
H,300.4,309.5,1935.55,31.3,146,9.100000000000023,6344.207079284138,4569.8,0
H,303.4,314.0,2271.7,25.8,173,10.600000000000023,6137.610186797541,4463.400000000001,0
M,303.9,312.0,1677.7,40.1,207,8.100000000000023,7045.102159886554,8300.7,0
M,301.4,311.9,1353.7,52.1,112,10.5,7385.6508035356865,5835.2,0
H,305.9,314.2,1495.45,44.8,85,8.300000000000011,7015.821469157545,3807.9999999999995,0
L,303.6,312.6,1310.5,55.6,10,9.0,7630.279293087866,556.0,0
L,298.6,309.1,1959.85,30.7,20,10.5,6300.714870587841,614.0,0
L,301.0,310.1,1641.25,36.6,48,9.100000000000023,6290.489510099183,1756.8000000000002,0
L,305.1,314.1,1803.25,34.8,198,9.0,6571.48926499952,6890.4,0
L,299.9,310.2,1383.4,54.5,25,10.300000000000011,7895.377353173284,1362.5,0
L,300.8,310.0,1527.85,45.8,101,9.199999999999989,7327.820365968404,4625.799999999999,0
H,299.4,309.8,1488.7,45.8,104,10.400000000000034,7140.050514655996,4763.2,0
M,303.4,312.5,1695.25,37.3,32,9.100000000000023,6621.7259495243,1193.6,0
L,302.7,313.5,1411.75,49.8,128,10.800000000000011,7362.338091650947,6374.4,0
L,304.6,313.5,1346.95,52.9,97,8.899999999999977,7461.66530298072,5131.3,0
L,302.1,311.1,1245.7,59.4,164,9.0,7748.6942977820745,9741.6,0
M,304.7,312.6,1226.8,59.5,126,7.900000000000034,7643.976637057516,7497.0,1
M,300.5,310.2,2219.05,27.0,143,9.699999999999989,6274.216060153588,3861.0,0
L,305.1,313.6,1359.1,45.0,135,8.5,6404.607863240831,6075.0,0
M,302.8,313.1,1391.5,52.2,166,10.300000000000011,7606.455548798143,8665.2,0
L,302.8,312.4,1201.15,62.4,52,9.599999999999966,7848.929952987511,3244.7999999999997,0
M,300.0,311.4,1662.85,42.4,148,11.399999999999977,7383.249579550792,6275.2,0
L,303.0,313.5,1421.2,45.6,73,10.5,6786.543848508357,3328.8,0
L,303.2,312.2,1270.0,58.6,83,9.0,7793.453615515319,4863.8,0
L,305.5,313.3,1240.3,64.2,146,7.800000000000011,8338.54716804948,9373.2,1
L,302.5,311.4,2111.05,28.0,55,8.899999999999977,6189.921893270018,1540.0,0
L,300.4,309.5,1560.25,46.3,21,9.100000000000023,7564.910603948295,972.3,0
M,304.2,312.0,1275.4,58.6,195,7.800000000000011,7826.591134825385,11427.0,0
L,299.4,309.9,1592.65,37.9,177,10.5,6321.03469187126,6708.3,0
L,303.2,311.5,1394.2,51.6,240,8.300000000000011,7533.61458153201,12384.0,0
L,303.2,312.5,1229.5,60.6,199,9.300000000000011,7802.428098529073,12059.4,0
L,305.5,314.7,1491.4,49.8,111,9.199999999999989,7777.716330715937,5527.799999999999,0
L,301.4,310.7,1332.1,52.7,108,9.300000000000011,7351.501691391165,5691.6,0
L,302.3,311.1,1573.75,43.4,205,8.800000000000011,7152.437814489102,8897.0,0
L,302.2,311.3,1333.45,46.5,127,9.100000000000023,6493.19292209043,5905.5,0
L,303.1,312.5,1517.05,46.3,14,9.399999999999977,7355.454338548157,648.1999999999999,0
L,302.7,311.4,1459.0,45.0,194,8.699999999999989,6875.375522381262,8730.0,0
M,302.2,311.1,1222.75,54.1,102,8.900000000000034,6927.292958975712,5518.2,0
M,301.2,311.6,1673.65,34.2,189,10.400000000000034,5994.036260935836,6463.8,0
H,302.9,313.4,1348.3,60.4,105,10.5,8528.09620800137,6342.0,0
M,304.3,312.7,1164.7,51.3,68,8.399999999999977,6256.912167817614,3488.3999999999996,0
L,302.9,313.8,1114.75,67.2,198,10.900000000000034,7844.682519719856,13305.6,1
M,299.6,309.9,1641.25,34.9,183,10.299999999999955,5998.308303345942,6386.7,0
M,300.0,311.4,1332.1,56.3,139,11.399999999999977,7853.691560252801,7825.7,0
H,303.2,311.5,2107.0,27.7,2,8.300000000000011,6111.853315828311,55.4,0
L,304.0,313.1,1380.7,57.5,107,9.100000000000023,8313.727538888568,6152.5,0
L,301.5,310.6,1326.7,45.7,126,9.100000000000023,6349.178649658445,5758.200000000001,0
L,306.5,315.2,1171.45,55.1,144,8.699999999999989,6759.335038134392,7934.400000000001,0
L,305.5,313.0,1232.2,52.2,115,7.5,6735.662613890817,6003.0,1
M,305.2,314.0,2021.95,29.4,71,8.800000000000011,6225.1004006073645,2087.4,0
L,299.6,309.8,1471.15,48.4,92,10.199999999999989,7456.429838823514,4452.8,0
H,300.5,309.6,1548.1,40.2,118,9.100000000000023,6517.089446609961,4743.6,0
M,304.9,313.9,1284.85,58.1,188,9.0,7817.307204935251,10922.800000000001,0
H,304.0,312.9,1454.95,48.4,124,8.899999999999977,7374.32117322929,6001.599999999999,0
H,301.3,311.6,1444.15,48.2,152,10.300000000000011,7289.335855961932,7326.400000000001,0
M,300.5,310.7,1414.45,50.6,96,10.199999999999989,7494.915396027539,4857.6,0
L,303.3,312.8,1603.45,37.2,149,9.5,6246.3595580942065,5542.8,0
L,305.6,313.2,1279.45,53.3,144,7.599999999999966,7141.330713662334,7675.2,0
L,303.8,312.7,1774.9,32.3,174,8.899999999999977,6003.507115588856,5620.2,0
L,300.4,311.4,1500.85,43.7,39,11.0,6868.269763397618,1704.3000000000002,0
M,302.3,311.2,1249.75,66.2,65,8.899999999999977,8663.826624204616,4303.0,0
M,304.7,313.2,1383.4,49.9,166,8.5,7228.978530703613,8283.4,0
L,303.5,313.5,1502.2,39.8,195,10.0,6260.938642401965,7760.999999999999,0
M,299.2,309.5,1442.8,50.1,55,10.300000000000011,7569.59210060092,2755.5,0
L,300.6,309.7,1137.7,56.3,42,9.099999999999966,6707.563161999558,2364.6,0
M,300.6,309.7,1319.95,55.7,103,9.099999999999966,7699.123630899858,5737.1,0
L,303.4,312.8,1703.35,37.1,14,9.400000000000034,6617.6900501619875,519.4,0
L,300.9,310.0,1476.55,45.8,7,9.100000000000023,7081.777112524559,320.59999999999997,0
L,302.9,311.5,1218.7,58.4,30,8.600000000000023,7453.1227889568345,1752.0,0
L,305.1,314.3,1621.0,39.8,52,9.199999999999989,6756.078777348945,2069.6,0
M,304.1,312.4,1256.5,52.9,161,8.299999999999955,6960.601695085396,8516.9,0
L,304.0,312.5,1548.1,40.9,155,8.5,6630.571103640482,6339.5,0
L,300.5,309.5,1581.85,43.2,31,9.0,7156.12080827666,1339.2,0
L,300.9,310.3,1317.25,50.7,186,9.400000000000034,6993.664339770551,9430.2,0
L,300.6,310.1,1400.95,48.4,59,9.5,7100.625621248547,2855.6,0
M,304.9,312.1,1259.2,56.9,107,7.2000000000000455,7503.01128029584,6088.3,1
L,303.9,313.3,2533.6000000000004,23.9,50,9.400000000000034,6341.0995205509635,1195.0,0
L,304.3,311.6,1330.75,51.7,138,7.300000000000011,7204.695590287691,7134.6,0
L,303.5,312.9,1394.2,52.3,194,9.399999999999977,7635.814779343491,10146.199999999999,0
L,303.3,311.9,1168.75,73.3,192,8.599999999999966,8971.275971254303,14073.599999999999,1
H,300.7,311.0,1454.95,47.1,100,10.300000000000011,7176.250563204537,4710.0,0
L,302.8,313.8,1406.35,46.4,51,11.0,6833.449921221554,2366.4,0
L,301.9,311.3,1256.5,51.6,28,9.400000000000034,6789.547211085189,1444.8,0
L,305.4,314.2,1518.4,48.6,139,8.800000000000011,7727.714742041402,6755.400000000001,0
L,304.3,312.0,1614.25,40.6,201,7.699999999999989,6863.180906897578,8160.6,0
L,300.7,310.8,1646.65,39.5,30,10.100000000000023,6811.252998327616,1185.0,0
L,303.7,314.4,1395.55,61.5,97,10.699999999999989,8987.711736820333,5965.5,0
L,300.2,309.2,1649.35,40.7,31,9.0,7029.684793939061,1261.7,0
L,300.0,310.4,1341.55,43.9,13,10.399999999999977,6167.369970406223,570.6999999999999,0
H,302.3,312.9,1324.0,55.2,168,10.599999999999966,7653.42235896931,9273.6,0
M,304.0,312.6,1351.0,49.9,140,8.600000000000023,7059.67181941635,6986.0,0
L,300.3,311.8,1467.1,44.8,198,11.5,6882.819002575166,8870.4,0
H,303.7,312.7,1633.15,34.2,64,9.0,5848.988928119596,2188.8,0
M,300.7,310.8,1567.0,39.9,39,10.100000000000023,6547.424665273023,1556.1,0
L,300.5,310.7,1430.65,55.0,208,10.199999999999989,8239.952471406768,11440.0,0
H,302.8,313.8,2287.9,26.5,204,11.0,6349.090685064144,5406.0,0
L,300.9,310.9,1595.35,42.9,93,10.0,7167.073971063401,3989.7,0
H,301.5,312.1,1330.75,58.0,45,10.600000000000023,8082.637219278259,2610.0,0
H,305.5,314.5,1689.85,38.0,89,9.0,6724.505771180367,3382.0,0
L,299.7,310.5,1522.45,43.8,95,10.800000000000011,6983.059893768359,4161.0,0
L,301.2,312.2,1237.6,53.5,28,11.0,6933.662538080864,1498.0,0
L,301.1,311.7,1228.15,62.0,6,10.599999999999966,7973.917169513029,372.0,0
L,300.8,311.2,1264.6,60.1,26,10.399999999999977,7958.958999691736,1562.6000000000001,0
L,300.7,309.5,1382.05,59.3,180,8.800000000000011,8582.366697493357,10674.0,0
L,300.6,309.6,1368.55,54.5,143,9.0,7810.625037361065,7793.5,0
L,303.6,313.7,1298.35,54.3,135,10.099999999999966,7382.785147436835,7330.5,0
H,302.4,312.1,1351.0,59.4,185,9.700000000000045,8403.697516499624,10989.0,0
L,303.5,313.5,1346.95,47.8,197,10.0,6742.298704772749,9416.599999999999,0
L,301.2,311.6,1444.15,46.5,61,10.400000000000034,7032.243097556635,2836.5,0
L,301.3,310.4,1742.5,35.7,130,9.099999999999966,6514.327986667456,4641.0,0
L,304.8,313.9,1333.45,59.9,173,9.099999999999966,8364.349592112188,10362.699999999999,0
L,299.7,310.1,1641.25,39.3,0,10.400000000000034,6754.542014942564,0.0,0
M,305.2,314.4,1317.25,52.5,49,9.199999999999989,7241.960115147021,2572.5,0
L,302.8,313.8,1754.65,34.3,187,11.0,6302.505578400387,6414.099999999999,0
L,299.7,310.1,1387.45,52.3,152,10.400000000000034,7598.846087792372,7949.599999999999,0
H,301.3,312.5,1144.45,63.8,202,11.199999999999989,7646.208215039117,12887.599999999999,0
L,303.8,313.0,1525.15,38.4,151,9.199999999999989,6132.992045596765,5798.4,0
H,300.6,311.5,1463.05,48.2,65,10.899999999999977,7384.733458480838,3133.0,0
M,300.8,310.4,1403.65,52.2,196,9.599999999999966,7672.871959087686,10231.2,0
L,303.3,312.5,1398.25,47.0,47,9.199999999999989,6881.946687015021,2209.0,0
L,303.9,312.6,1499.5,46.2,157,8.700000000000045,7254.6600034491585,7253.400000000001,0
L,302.5,313.3,1449.55,47.2,43,10.800000000000011,7164.795792790772,2029.6000000000001,0
L,302.2,311.4,1286.2,47.9,91,9.199999999999989,6451.677298772017,4358.9,0
M,303.3,313.4,1897.75,30.2,53,10.099999999999966,6001.703841405696,1600.6,0
L,303.4,314.7,1309.15,51.8,112,11.300000000000011,7101.462332091954,5801.599999999999,0
L,305.2,314.4,1318.6,59.9,60,9.199999999999989,8271.199799136924,3594.0,0
L,300.4,310.6,1769.5,35.5,118,10.200000000000045,6578.207037290447,4189.0,0
L,300.9,310.9,1417.15,45.9,194,10.0,6811.725284423206,8904.6,0
H,306.4,315.2,1665.55,37.1,201,8.800000000000011,6470.83315997728,7457.1,0
M,304.0,312.6,1608.85,39.9,137,8.600000000000023,6722.287283168157,5466.3,0
M,305.9,313.5,1503.55,44.4,114,7.600000000000023,6990.841618771301,5061.599999999999,0
H,304.2,312.1,1371.25,46.3,49,7.900000000000034,6648.539442822688,2268.7,0
M,299.4,310.0,1612.9,41.3,67,10.600000000000023,6975.672962242219,2767.1,0
M,301.4,310.9,1760.05,37.9,50,9.5,6985.424989437735,1895.0,0
M,304.8,312.1,1734.4,41.4,112,7.300000000000011,7519.31405177287,4636.8,0
L,300.8,311.4,1257.85,60.3,12,10.599999999999966,7942.821161829021,723.5999999999999,0
L,302.7,312.2,1257.85,51.9,193,9.5,6836.358512420003,10016.699999999999,0
L,305.1,314.1,1211.95,59.0,206,9.0,7487.991325819028,12154.0,0
M,303.6,313.1,1577.8,45.7,153,9.5,7550.866113990423,6992.1,0
L,302.1,311.0,1384.75,56.8,72,8.899999999999977,8236.606675230696,4089.6,0
M,303.8,312.0,1687.15,40.4,202,8.199999999999989,7137.788567945413,8160.799999999999,0
H,301.4,312.2,1788.4,34.8,216,10.800000000000011,6517.372189948784,7516.799999999999,0
L,304.8,313.6,1805.95,34.4,79,8.800000000000011,6505.681276487225,2717.6,0
L,306.3,314.6,1818.1,36.1,170,8.300000000000011,6873.114622868229,6137.0,0
M,302.1,311.4,1614.25,38.3,80,9.299999999999955,6474.380018083182,3064.0,0
M,304.7,313.3,1635.85,39.0,2,8.600000000000023,6680.926645087321,78.0,0
L,304.0,312.7,1318.6,52.0,222,8.699999999999989,7180.340393240735,11544.0,0
M,302.6,313.3,1446.85,48.2,130,10.699999999999989,7302.964084893203,6266.0,0
L,304.5,312.8,1360.45,44.6,0,8.300000000000011,6353.9831920233355,0.0,0
L,305.1,313.0,1638.55,46.0,99,7.899999999999977,7893.073518560652,4554.0,0
L,305.9,313.9,1256.5,49.6,34,8.0,6526.386466469484,1686.4,1
M,299.8,310.1,1245.7,60.0,214,10.300000000000011,7826.9639371536105,12840.0,0
M,302.5,313.4,1222.75,69.8,10,10.899999999999977,8937.616423964966,698.0,0
M,301.4,311.6,1384.75,54.0,199,10.200000000000045,7830.5767687052385,10746.0,0
L,300.0,311.4,1831.6,32.7,98,11.399999999999977,6272.01380370342,3204.6000000000004,0
L,304.7,312.6,1371.25,51.6,0,7.900000000000034,7409.6033531242065,0.0,0
L,301.4,311.9,1422.55,52.2,115,10.5,7776.186375093638,6003.0,0
L,303.5,312.9,1746.55,36.9,129,9.399999999999977,6748.94683842652,4760.099999999999,0
M,306.5,315.2,1337.5,61.9,7,8.699999999999989,8669.879426050531,433.3,0
L,304.8,312.9,1552.15,41.5,104,8.099999999999966,6745.441868222667,4316.0,0
H,302.9,313.3,2132.65,28.3,26,10.400000000000034,6320.25557689317,735.8000000000001,0
M,305.0,313.0,1270.0,60.1,116,8.0,7992.944749018271,6971.6,0
M,302.2,311.6,1391.5,50.7,163,9.400000000000034,7387.879239924633,8264.1,0
L,302.8,312.3,2310.85,24.8,32,9.5,6001.392823732991,793.6,0
L,304.0,312.5,1376.65,56.1,189,8.5,8087.513494675407,10602.9,0
M,301.7,310.2,1657.45,36.2,14,8.5,6283.1528440555,506.80000000000007,0
H,300.1,310.6,1395.55,47.8,19,10.5,6985.571073496128,908.1999999999999,0
H,299.9,310.7,1727.65,34.8,158,10.800000000000011,6295.984155650311,5498.4,0
L,301.9,311.3,1288.9,67.0,38,9.400000000000034,9043.210589039874,2546.0,0
L,300.9,311.7,1446.85,47.8,165,10.800000000000011,7242.358573815251,7886.999999999999,0
L,299.7,310.5,1440.1,50.9,212,10.800000000000011,7676.072194804141,10790.8,0
L,300.5,310.3,1236.25,64.8,216,9.800000000000011,8388.994862880823,13996.8,1
M,298.1,308.1,1626.4,36.1,110,10.0,6148.4151711307895,3971.0,0
H,298.9,309.5,1552.15,43.1,75,10.600000000000023,7005.507096877035,3232.5,0
M,300.6,310.5,1249.75,59.1,116,9.899999999999977,7734.624675082973,6855.6,0
L,306.7,315.3,1649.35,43.7,180,8.600000000000023,7547.843378258894,7866.000000000001,0
H,301.1,310.3,1256.5,60.1,181,9.199999999999989,7907.980375701936,10878.1,0
L,299.9,310.7,1608.85,39.9,131,10.800000000000011,6722.287283168157,5226.9,0
M,306.2,314.9,1295.65,49.9,48,8.699999999999989,6770.43952096728,2395.2,0
M,301.5,310.9,1353.7,47.6,105,9.399999999999977,6747.734707261011,4998.0,0
L,304.4,312.4,1940.95,31.4,163,8.0,6382.232393164414,5118.2,0
M,303.4,311.9,1375.3,50.9,209,8.5,7330.672932097864,10638.1,0
L,305.1,314.4,1595.35,41.0,15,9.299999999999955,6849.651114536117,615.0,0
L,302.1,312.9,1384.75,48.9,137,10.799999999999955,7091.022296105299,6699.3,0
M,303.6,312.6,1166.05,56.8,103,9.0,6935.761121973463,5850.4,0
L,304.4,311.6,1349.65,51.2,225,7.2000000000000455,7236.352895859139,11520.0,0
L,303.4,312.7,1746.55,33.3,164,9.300000000000011,6090.513000531249,5461.2,0
M,299.8,310.3,1423.9,46.2,2,10.5,6888.90322034762,92.4,0
L,299.0,309.5,1511.65,43.1,206,10.5,6822.713528327912,8878.6,0
L,301.4,310.6,1788.4,32.1,213,9.200000000000045,6011.714002797586,6837.3,0
H,300.2,309.6,1473.85,46.3,63,9.400000000000034,7145.998073148017,2916.8999999999996,0
M,299.5,309.7,1419.85,55.1,199,10.199999999999989,8192.617571296356,10964.9,0
L,302.5,311.3,1280.8,64.5,122,8.800000000000011,8651.066522043284,7869.0,0
L,303.3,312.7,1602.1,35.8,0,9.399999999999977,6006.220404444007,0.0,0
L,301.6,310.2,1178.2,68.3,36,8.599999999999966,8426.909697419447,2458.7999999999997,0
H,300.2,311.3,1287.55,56.9,147,11.100000000000023,7671.936288075691,8364.3,0
L,303.6,313.7,1849.15,32.5,7,10.099999999999966,6293.382393334363,227.5,0
L,303.8,312.6,1336.15,52.2,76,8.800000000000011,7303.891901923565,3967.2000000000003,0
L,300.8,310.8,1360.45,57.0,166,10.0,8120.5614785948455,9462.0,0
M,305.1,312.5,1479.25,47.9,184,7.399999999999977,7420.030822740246,8813.6,0
L,299.6,310.5,1321.3,48.0,35,10.899999999999977,6641.578197101109,1680.0,0
