Type,Air temperature [K],Process temperature [K],Rotational speed [rpm],Torque [Nm],Tool wear [min],Temp_Diff,Power,Wear_Load,Machine failure
M,302.5,312.0,1487,56.1,175,9.5,8735.795275910601,9817.5,0
L,300.3,309.3,1478,49.5,180,9.0,7661.402004309428,8910.0,0
M,301.7,310.5,1724,43.0,171,8.800000000000011,7763.084886530618,7353.0,0
M,301.7,310.6,1691,37.7,105,8.900000000000034,6675.957692706895,3958.5000000000005,0
L,298.8,309.9,1525,49.7,77,11.099999999999966,7936.972039906813,3826.9,0
L,299.1,310.1,1416,51.2,185,11.0,7592.0984703712365,9472.0,0
L,299.1,310.5,1628,45.9,174,11.399999999999977,7825.2046452675995,7986.599999999999,0
L,298.2,309.1,1569,45.2,199,10.900000000000034,7426.599369380127,8994.800000000001,0
M,301.7,310.6,1876,32.1,99,8.900000000000034,6306.181765403864,3177.9,0
H,295.7,306.2,1458,59.8,151,10.5,9130.347897274944,9029.8,0
L,296.9,308.0,1713,39.3,13,11.100000000000023,7049.828162435103,510.9,0
L,299.1,308.3,1489,48.1,32,9.199999999999989,7500.123109449641,1539.2,0
L,300.4,311.9,1476,58.7,189,11.5,9073.045247273465,11094.300000000001,0
L,298.4,309.1,1798,39.6,81,10.700000000000045,7456.130340323872,3207.6,0
L,303.5,312.2,1511,47.1,27,8.699999999999989,7452.706004331459,1271.7,0
L,301.0,311.7,1547,44.5,152,10.699999999999989,7209.065022070058,6764.0,0
H,300.9,310.4,1457,53.8,69,9.5,8208.62555666272,3712.2,0
L,300.1,311.2,1489,49.1,188,11.099999999999966,7656.050824822814,9230.800000000001,0
L,300.7,310.1,1376,60.8,75,9.400000000000034,8760.938489114833,4560.0,0
H,299.2,310.8,1761,40.4,180,11.600000000000023,7450.224146135121,7272.0,0
M,301.5,310.8,1385,57.5,30,9.300000000000011,8339.619498341905,1725.0,0
L,303.8,313.1,1422,52.4,152,9.300000000000011,7802.962169280185,7964.8,0
L,304.0,312.9,1363,72.5,200,8.899999999999977,10348.14440153698,14500.0,1
M,303.5,312.9,1530,44.5,110,9.399999999999977,7129.844527322035,4895.0,0
M,300.6,310.2,1478,50.1,5,9.599999999999966,7754.267483149542,250.5,0
L,295.9,306.4,1892,31.7,72,10.5,6280.713920958762,2282.4,0
L,300.7,310.8,1496,56.4,90,10.100000000000023,8835.666506368221,5076.0,0
L,300.6,310.7,1543,49.6,60,10.099999999999966,8014.496074621898,2976.0,0
M,297.3,308.4,1599,42.9,58,11.099999999999966,7183.471513918812,2488.2,0
M,302.0,311.2,1558,49.1,179,9.199999999999989,8010.830883192709,8788.9,0
L,300.7,312.3,1420,63.8,67,11.600000000000023,9487.190934820695,4274.599999999999,0
L,299.2,308.9,1526,47.9,177,9.699999999999989,7654.532388373578,8478.3,0
L,298.4,308.1,1598,42.7,94,9.700000000000045,7145.510602687937,4013.8,0
M,300.7,311.3,1348,63.0,35,10.600000000000023,8893.220483781986,2205.0,0
L,301.1,310.5,1428,54.1,103,9.399999999999977,8090.103737818292,5572.3,0
M,297.5,308.6,1842,37.0,133,11.100000000000023,7137.070190425292,4921.0,0
L,298.7,310.1,1786,37.7,114,11.400000000000034,7051.011495667956,4297.8,0
L,298.5,309.5,1480,48.1,160,11.0,7454.78992745834,7696.0,0
M,300.8,310.4,1450,49.4,62,9.599999999999966,7501.076059221229,3062.7999999999997,0
L,299.7,309.6,1399,61.3,144,9.900000000000034,8980.630063380366,8827.199999999999,0
L,301.0,310.5,1317,60.9,75,9.5,8399.079375298848,4567.5,0
M,298.0,308.7,1392,63.4,104,10.699999999999989,9241.81160462431,6593.599999999999,0
L,300.4,309.9,1376,53.5,74,9.5,7709.049492888873,3959.0,0
L,301.0,312.2,1540,44.1,113,11.199999999999989,7111.937449196574,4983.3,0
L,300.6,310.8,1533,48.5,117,10.199999999999989,7785.966153024264,5674.5,0
M,299.1,310.5,1428,53.0,53,11.399999999999977,7925.60994647633,2809.0,0
L,298.8,308.9,1852,35.0,57,10.099999999999966,6787.934526856346,1995.0,0
M,295.6,306.2,1477,55.0,40,10.599999999999966,8506.90930714556,2200.0,0
L,301.4,310.6,1578,43.0,181,9.200000000000045,7105.654263889393,7783.0,0
L,297.9,309.1,1504,53.0,4,11.200000000000045,8347.421120098319,212.0,0
L,302.5,312.1,1534,48.6,3,9.600000000000023,7807.109071582923,145.8,0
M,301.0,310.7,1517,50.2,171,9.699999999999989,7974.765399529499,8584.2,0
L,302.5,310.5,1520,51.2,154,8.0,8149.710222432402,7884.8,0
L,302.3,311.7,1510,48.7,141,9.399999999999977,7700.7766322344205,6866.700000000001,0
H,300.9,311.9,1513,48.0,38,11.0,7605.167495810171,1824.0,0
L,299.1,308.2,1493,44.9,119,9.099999999999966,7019.962088274976,5343.099999999999,0
M,299.6,309.4,1283,72.1,83,9.799999999999955,9687.027643515541,5984.299999999999,0
L,300.9,310.7,1477,53.2,143,9.800000000000011,8228.501366184435,7607.6,0
L,299.2,308.6,1267,78.2,76,9.400000000000034,10375.570505402819,5943.2,1
M,302.2,310.5,1507,50.4,111,8.300000000000011,7953.758616652494,5594.4,0
M,299.9,309.5,1372,66.2,133,9.600000000000023,9511.318366400266,8804.6,0
L,300.0,309.5,1717,38.3,48,9.5,6886.4862883994565,1838.3999999999999,0
L,298.5,309.5,1548,54.5,132,11.0,8834.786860425216,7194.0,0
L,299.1,310.2,1598,43.4,20,11.099999999999966,7262.650120764787,868.0,0
L,300.1,309.6,1760,35.4,55,9.5,6524.459622975282,1947.0,0
L,297.0,307.7,1502,49.4,126,10.699999999999989,7770.080166172611,6224.4,0
M,300.3,311.7,1319,61.4,170,11.399999999999977,8480.896919973837,10438.0,0
H,300.8,310.9,1425,54.0,33,10.099999999999966,8058.185156457819,1782.0,0
L,298.7,309.7,1667,40.4,92,11.0,7052.540404092702,3716.7999999999997,0
L,297.3,308.2,1601,45.7,9,10.899999999999977,7661.894187158492,411.3,0
L,298.5,310.1,1809,38.9,20,11.600000000000023,7369.139639745968,778.0,0
L,300.2,309.8,1827,33.0,6,9.600000000000023,6313.658755919407,198.0,0
L,300.4,311.5,1704,39.7,103,11.100000000000023,7084.165770138839,4089.1000000000004,0
M,299.3,308.7,1289,61.5,185,9.399999999999977,8301.501507478348,11377.5,0
M,298.8,309.1,1368,59.1,117,10.300000000000011,8466.466537718348,6914.7,0
L,301.1,309.6,1501,46.1,156,8.5,7246.19864723549,7191.6,0
M,300.7,310.6,1609,37.6,108,9.900000000000034,6335.377633131225,4060.8,0
M,302.1,311.5,1866,33.1,159,9.399999999999977,6467.973787063738,5262.900000000001,0
H,299.3,308.7,1408,54.4,82,9.399999999999977,8021.030587341364,4460.8,0
M,301.5,311.1,1660,43.8,115,9.600000000000023,7613.963955240222,5037.0,0
H,297.1,307.9,1420,49.8,192,10.799999999999955,7405.36220304186,9561.599999999999,0
L,299.7,310.9,1384,58.2,188,11.199999999999989,8435.05061118245,10941.6,0
L,296.6,307.6,1498,51.1,80,11.0,8016.066870948692,4088.0,0
L,300.8,310.8,1689,42.9,151,10.0,7587.7944884358185,6477.9,0
L,298.2,309.0,1780,39.3,91,10.800000000000011,7325.565749640679,3576.2999999999997,0
M,299.0,308.6,1645,43.4,22,9.600000000000023,7476.25747725787,954.8,0
H,297.0,307.9,1846,37.3,179,10.899999999999977,7210.562514568268,6676.7,0
M,303.7,312.8,1685,41.8,203,9.100000000000023,7375.726512342996,8485.4,0
L,298.5,308.3,1334,59.8,186,9.800000000000011,8353.829969111643,11122.8,0
L,301.0,310.9,1492,54.6,15,9.899999999999977,8530.806355263867,819.0,0
H,301.1,310.6,1782,34.9,93,9.5,6512.710066450856,3245.7,0
L,302.7,312.2,1611,44.1,186,9.5,7439.825474451741,8202.6,0
L,300.9,310.4,1544,46.0,148,9.5,7437.6158876187155,6808.0,0
M,299.8,309.6,1434,58.0,82,9.800000000000011,8709.751472812342,4756.0,0
L,299.7,309.6,1321,63.4,166,9.900000000000034,8770.426098928672,10524.4,0
L,298.7,309.7,1547,47.4,0,11.0,7678.869259463388,0.0,0
L,304.1,313.3,1415,60.0,184,9.199999999999989,8890.707209659115,11040.0,0
L,298.4,310.1,1533,45.2,92,11.700000000000045,7256.199383849417,4158.400000000001,0
L,297.1,308.1,1487,44.6,208,11.0,6945.035103486859,9276.800000000001,0
L,303.3,311.4,1511,53.4,65,8.099999999999966,8449.564769242035,3471.0,0
L,302.6,310.8,1470,51.2,156,8.199999999999989,7881.627649326073,7987.200000000001,0
L,299.9,309.2,1598,44.6,111,9.300000000000011,7463.460723182247,4950.6,0
L,303.9,312.7,1789,34.4,163,8.800000000000011,6444.621281672054,5607.2,0
L,297.7,308.9,1516,43.7,92,11.199999999999989,6937.600000873364,4020.4,0
L,303.4,312.7,1363,55.5,26,9.300000000000011,7921.682955659342,1443.0,0
L,298.9,310.0,1470,55.9,109,11.100000000000023,8605.136437447802,6093.099999999999,0
L,298.7,308.5,1353,57.0,190,9.800000000000011,8076.0922345832805,10830.0,0
M,303.6,311.9,1617,46.0,95,8.299999999999955,7789.264825310533,4370.0,0
H,298.9,308.7,1353,58.1,79,9.800000000000011,8231.946646127872,4589.900000000001,0
L,298.1,307.8,1524,50.8,71,9.699999999999989,8107.319665559963,3606.7999999999997,0
M,298.3,307.8,1392,60.4,101,9.5,8804.50190724461,6100.4,0
M,300.0,310.1,1314,63.5,199,10.100000000000023,8737.71164742929,12636.5,0
L,303.7,312.4,1316,69.3,137,8.699999999999989,9550.316003206828,9494.1,0
L,301.7,310.7,1763,35.9,3,9.0,6627.89132510697,107.69999999999999,0
L,296.7,307.4,1535,44.6,114,10.699999999999989,7169.219155247028,5084.400000000001,0
M,296.4,307.4,1416,60.0,210,11.0,8896.990394966293,12600.0,0
L,297.6,308.6,1528,50.0,123,11.0,8000.589291142006,6150.0,0
L,300.2,311.4,1331,59.8,143,11.199999999999989,8335.043245043176,8551.4,0
L,301.8,311.3,1471,54.2,148,9.5,8349.117580131257,8021.6,0
L,300.7,311.7,1395,53.7,215,11.0,7844.713935646392,11545.5,0
M,296.9,307.6,1685,42.0,10,10.700000000000045,7411.017069818322,420.0,0
L,301.7,310.1,1487,58.0,36,8.400000000000034,9031.660000050177,2088.0,0
M,302.3,311.4,1571,42.7,17,9.099999999999966,7024.779197010482,725.9000000000001,0
M,297.9,309.0,1970,31.6,37,11.100000000000023,6519.01419570906,1169.2,0
M,298.9,310.1,1442,52.9,153,11.200000000000045,7988.211416086862,8093.7,0
L,302.7,312.3,1858,35.4,2,9.600000000000023,6887.753397436405,70.8,0
L,301.0,310.4,1614,41.6,84,9.399999999999977,7031.135686146245,3494.4,0
L,300.5,310.8,1445,56.6,155,10.300000000000011,8564.714611971613,8773.0,0
L,300.0,309.3,1558,39.7,168,9.300000000000011,6477.189125514268,6669.6,0
H,297.4,308.3,1502,53.6,169,10.900000000000034,8430.694269369473,9058.4,0
L,300.3,311.5,1466,56.2,62,11.199999999999989,8627.776848504673,3484.4,0
L,303.6,312.3,2168,27.7,219,8.699999999999989,6288.798286054,6066.3,0
L,302.6,312.2,1377,55.5,54,9.599999999999966,8003.050205387318,2997.0,0
H,300.1,311.4,1377,66.7,50,11.299999999999955,9618.08015674476,3335.0,0
L,298.2,307.8,1530,45.9,68,9.600000000000023,7354.154242788346,3121.2,0
L,297.5,308.9,1459,58.5,193,11.399999999999977,8937.98817909564,11290.5,0
L,302.5,311.4,1759,34.6,124,8.899999999999977,6373.390904239661,4290.400000000001,0
L,300.6,310.3,1794,34.4,211,9.699999999999989,6462.633079552635,7258.4,0
M,298.2,307.8,1566,43.8,100,9.600000000000023,7182.811779461558,4380.0,0
L,298.4,308.0,1515,52.8,125,9.600000000000023,8376.742651531824,6600.0,0
L,297.5,308.7,1371,56.5,121,11.199999999999989,8111.7493112015245,6836.5,0
L,298.8,310.0,1423,52.1,154,11.199999999999989,7763.744620987872,8023.400000000001,0
L,297.4,308.3,1431,53.0,113,10.900000000000034,7942.260387540356,5989.0,0
H,299.3,310.4,1548,51.6,25,11.099999999999966,8364.67893574204,1290.0,0
L,300.4,311.8,1405,57.9,58,11.400000000000034,8518.899719106763,3358.2,0
L,296.6,307.3,1474,50.0,158,10.699999999999989,7717.845952318925,7900.0,0
L,301.2,309.9,1984,29.7,169,8.699999999999989,6170.590626474927,5019.3,0
M,300.7,310.6,1572,48.5,50,9.900000000000034,7984.0435698331,2425.0,0
H,298.0,307.9,1482,47.8,132,9.899999999999977,7418.305564774649,6309.599999999999,0
M,303.8,312.5,1366,55.1,143,8.699999999999989,7881.899920689384,7879.3,0
M,300.8,311.4,1521,49.9,15,10.599999999999966,7948.0095020964245,748.5,0
L,299.6,310.2,1381,70.5,13,10.599999999999966,10195.567718327635,916.5,0
L,300.4,311.6,1332,64.6,111,11.200000000000045,9010.841712732388,7170.599999999999,0
L,300.6,310.4,1446,59.7,155,9.799999999999955,9040.058524410773,9253.5,0
L,301.1,310.8,1521,51.0,99,9.699999999999989,8123.216124387128,5049.0,0
M,302.3,311.7,1442,51.7,127,9.399999999999977,7807.004351827804,6565.900000000001,0
M,299.4,309.0,1381,54.9,88,9.600000000000023,7939.527201931732,4831.2,0
L,300.5,309.3,1528,47.0,221,8.800000000000011,7520.5539336734855,10387.0,0
L,298.2,307.8,1515,56.7,74,9.600000000000023,8995.479324656333,4195.8,0
M,297.2,308.5,1584,50.0,4,11.300000000000011,8293.804605477053,200.0,0
M,300.9,312.1,1297,58.6,76,11.200000000000045,7959.141212065644,4453.6,0
L,297.3,309.0,1548,47.4,171,11.699999999999989,7683.8329758560585,8105.4,0
L,299.8,309.5,1641,37.1,16,9.699999999999989,6375.453883415519,593.6,0
L,301.3,310.4,1459,54.7,92,9.099999999999966,8357.400912761223,5032.400000000001,0
L,302.9,312.4,1383,61.4,160,9.5,8892.403669692052,9824.0,0
M,303.4,312.8,1526,40.8,37,9.400000000000034,6519.935729554112,1509.6,0
M,302.4,311.0,1580,46.5,64,8.600000000000023,7693.760408641403,2976.0,0
L,299.3,308.9,1623,41.1,152,9.599999999999966,6985.362681183441,6247.2,0
L,299.1,310.6,1921,33.9,158,11.5,6819.549420926971,5356.2,0
L,297.4,308.0,1423,48.0,154,10.600000000000023,7152.778153693241,7392.0,0
M,302.3,310.7,1544,49.7,141,8.399999999999977,8035.858904666308,7007.700000000001,0
H,302.4,310.1,1597,38.9,179,7.7000000000000455,6505.536763225159,6963.099999999999,0
L,297.7,308.2,1334,63.0,156,10.5,8800.857659766447,9828.0,0
L,298.3,308.1,1528,43.9,82,9.800000000000011,7024.517397622681,3599.7999999999997,0
L,301.9,311.0,1353,53.8,130,9.100000000000023,7622.697582817202,6994.0,0
M,303.5,312.3,1624,44.8,121,8.800000000000011,7618.90672768187,5420.799999999999,0
L,302.0,311.1,1406,60.5,187,9.100000000000023,8907.776529743618,11313.5,0
L,298.7,309.8,1589,41.8,217,11.100000000000023,6955.507078998825,9070.599999999999,0
H,297.8,309.2,1648,43.0,29,11.399999999999977,7420.860726799569,1247.0,0
L,301.0,312.3,1488,52.6,107,11.300000000000011,8196.289569509627,5628.2,0
M,299.8,311.1,1763,35.5,171,11.300000000000011,6554.042953796586,6070.5,0
L,297.5,308.8,1530,47.8,157,11.300000000000011,7658.574570921197,7504.599999999999,0
M,298.3,307.7,1717,37.1,7,9.399999999999977,6670.721704950911,259.7,0
L,299.1,308.8,1502,48.3,88,9.699999999999989,7597.062186763908,4250.4,0
M,300.4,309.7,1367,61.2,143,9.300000000000011,8760.896601212784,8751.6,0
M,299.8,309.3,1640,41.1,211,9.5,7058.530374085547,8672.1,0
L,301.6,310.6,1506,53.4,222,9.0,8421.604594625085,11854.8,0
M,300.4,310.5,1644,41.4,41,10.100000000000023,7127.394085052234,1697.3999999999999,0
M,299.4,309.0,1939,29.8,204,9.600000000000023,6050.937834275205,6079.2,0
H,298.3,310.1,1509,47.6,85,11.800000000000011,7521.85245863697,4046.0,0
L,300.2,311.5,1549,47.2,67,11.300000000000011,7656.354512112661,3162.4,0
H,297.4,308.7,1323,61.1,130,11.300000000000011,8465.052821024234,7943.0,0
L,299.0,310.1,1623,43.0,210,11.100000000000023,7308.286990045935,9030.0,0
H,302.9,311.2,2102,27.8,91,8.300000000000011,6119.36172227039,2529.8,0
L,297.3,308.1,1506,46.0,150,10.800000000000011,7254.56575566955,6900.0,0
M,302.3,311.8,1475,58.0,180,9.5,8958.775050486893,10440.0,0
L,297.4,308.5,1501,54.9,20,11.100000000000023,8629.42094866005,1098.0,0
H,300.5,310.0,1358,70.4,102,9.5,10011.543692655858,7180.8,0
L,300.2,311.0,1627,43.7,147,10.800000000000011,7445.564117032298,6423.900000000001,0
M,298.8,310.0,1484,54.9,80,11.199999999999989,8531.686001206872,4392.0,0
L,297.3,308.3,2358,24.9,49,11.0,6148.536646046727,1220.1,0
M,298.6,310.2,1328,60.5,12,11.599999999999966,8413.604005333944,726.0,0
L,299.8,309.3,1291,66.4,188,9.5,8976.828736269523,12483.2,0
L,301.1,310.2,1496,53.4,54,9.099999999999966,8365.684245391187,2883.6,0
M,300.8,310.5,1409,60.6,141,9.699999999999989,8941.538178794199,8544.6,0
L,300.7,310.2,1569,42.8,31,9.5,7032.266659501536,1326.8,0
L,298.4,309.4,1540,53.2,141,11.0,8579.480097443486,7501.200000000001,0
M,302.0,310.6,1623,44.3,9,8.600000000000023,7529.235201372905,398.7,0
L,300.3,309.8,1523,49.2,24,9.5,7846.818802724299,1180.8000000000002,0
L,302.0,310.6,1325,65.3,192,8.600000000000023,9060.615012340762,12537.599999999999,0
L,304.0,313.1,1564,60.9,119,9.100000000000023,9974.305347735304,7247.099999999999,0
L,300.3,309.6,1593,48.1,140,9.300000000000011,8023.973212460226,6734.0,0
L,300.6,310.5,1644,43.8,148,9.899999999999977,7540.576350852364,6482.4,0
L,296.8,307.9,1611,45.4,72,11.099999999999966,7659.140057598843,3268.7999999999997,0
L,303.1,312.9,1511,50.1,107,9.799999999999955,7927.4006542888765,5360.7,0
M,299.0,310.1,1487,57.5,123,11.100000000000023,8953.80086211871,7072.5,0
L,302.2,311.1,1630,44.6,94,8.900000000000034,7612.916757689026,4192.400000000001,0
L,298.0,308.3,1405,66.2,218,10.300000000000011,9740.089143434674,14431.6,1
M,300.6,309.4,1432,54.2,84,8.799999999999955,8127.760961759322,4552.8,0
M,297.2,308.8,1485,57.9,143,11.600000000000023,9003.961624821026,8279.699999999999,0
M,300.2,310.6,1983,30.8,83,10.400000000000034,6395.905651590388,2556.4,0
M,301.0,310.6,1698,37.3,14,9.600000000000023,6632.467578405698,522.1999999999999,0
M,302.9,312.5,1903,31.2,23,9.600000000000023,6217.588852572631,717.6,0
M,303.9,313.1,1473,52.8,97,9.200000000000045,8144.516122578466,5121.599999999999,0
L,297.5,308.9,1596,40.7,5,11.399999999999977,6802.302077258764,203.5,0
L,300.7,312.3,1548,47.9,58,11.600000000000023,7764.886066318676,2778.2,0
H,297.3,308.8,1499,54.2,134,11.5,8508.040280500854,7262.8,0
M,301.4,310.8,1530,49.9,107,9.400000000000034,7995.039144120664,5339.3,0
L,295.6,306.2,1612,41.2,131,10.599999999999966,6954.899704419133,5397.200000000001,0
M,300.2,310.2,1628,40.3,27,10.0,6870.495581792685,1088.1,0
M,300.9,310.0,1600,46.0,204,9.100000000000023,7707.373976806959,9384.0,0
M,298.5,309.0,1921,32.0,196,10.5,6437.332786715725,6272.0,0
L,297.6,308.7,1476,49.0,44,11.099999999999966,7573.751569274273,2156.0,0
L,300.4,311.4,1552,38.8,135,11.0,6305.972325893624,5238.0,0
L,304.0,313.0,2354,25.0,117,9.0,6162.7575887919775,2925.0,0
L,296.9,308.0,1521,44.5,84,11.100000000000023,7087.904265396612,3738.0,0
L,299.9,309.6,1280,69.3,163,9.700000000000045,9289.0611581343,11295.9,0
M,303.5,312.3,1543,43.3,71,8.800000000000011,6996.525807079196,3074.2999999999997,0
M,297.9,307.8,1303,69.3,75,9.900000000000034,9455.973975819525,5197.5,0
L,301.8,311.0,1529,51.6,12,9.199999999999989,8262.011687822725,619.2,0
M,298.9,309.6,1567,44.5,204,10.700000000000045,7302.2656041265545,9078.0,0
L,300.2,309.8,1506,51.8,161,9.600000000000023,8169.271872688754,8339.8,0
L,299.8,309.0,1614,40.8,100,9.199999999999989,6895.921538335739,4079.9999999999995,0
L,300.6,310.7,1397,63.7,80,10.099999999999966,9318.895816367893,5096.0,0
H,298.4,308.7,1344,62.9,130,10.300000000000011,8852.756770403748,8177.0,0
L,299.6,310.8,1498,56.9,116,11.199999999999989,8925.913991330344,6600.4,0
L,296.6,307.5,1557,45.1,60,10.899999999999977,7353.494508331092,2706.0,0
L,301.4,310.4,1436,59.7,108,9.0,8977.540830604335,6447.6,0
M,296.2,307.3,1451,52.8,11,11.100000000000023,8022.87365503147,580.8,0
M,300.7,310.8,1486,51.2,71,10.100000000000023,7967.4140727200975,3635.2000000000003,0
L,298.5,309.5,1547,43.1,68,11.0,6982.262976431898,2930.8,0
L,297.9,309.1,1595,42.0,32,11.200000000000045,7015.176395466007,1344.0,0
L,301.9,309.7,1595,41.4,133,7.800000000000011,6914.9595898164935,5506.2,0
H,300.5,310.6,1411,57.2,201,10.100000000000023,8451.847659903644,11497.2,0
L,300.2,309.8,1401,59.3,163,9.600000000000023,8700.04395151275,9665.9,0
M,299.1,308.7,2008,30.3,178,9.599999999999966,6371.401228892388,5393.400000000001,0
H,297.7,307.2,1429,54.1,26,9.5,8095.7690765702655,1406.6000000000001,0
L,298.8,309.7,1505,49.0,131,10.899999999999977,7722.558341299309,6419.0,0
L,295.5,306.0,1621,39.5,176,10.5,6705.153560434255,6952.0,0
L,298.2,307.8,1749,36.1,66,9.600000000000023,6611.890146524686,2382.6,0
L,300.8,310.6,1663,40.6,139,9.800000000000011,7070.447482218165,5643.400000000001,0
H,300.8,310.8,1618,42.8,40,10.0,7251.8849299384865,1712.0,0
L,301.1,310.8,1274,65.7,169,9.699999999999989,8765.231999074738,11103.300000000001,0
M,303.8,313.2,1710,36.5,190,9.399999999999977,6536.083515793564,6935.0,0
M,299.0,310.3,1582,43.3,177,11.300000000000011,7173.366057549765,7664.099999999999,0
L,300.5,311.7,1409,64.7,104,11.199999999999989,9546.49373214496,6728.8,0
H,299.7,309.5,1375,56.8,86,9.800000000000011,8178.6128748454275,4884.8,0
L,301.9,310.4,1286,72.8,22,8.5,9803.947250106643,1601.6,1
M,300.2,311.3,1587,41.2,73,11.100000000000023,6847.038356645882,3007.6000000000004,0
M,300.3,311.7,1374,57.9,222,11.399999999999977,8330.938230642483,12853.8,1
M,303.8,312.9,1815,37.8,66,9.099999999999966,7184.5082394944975,2494.7999999999997,0
M,303.8,313.1,2117,28.6,22,9.300000000000011,6340.383237425945,629.2,0
L,301.1,312.3,1595,41.9,134,11.199999999999989,6998.473594524422,5614.599999999999,0
L,296.9,308.1,1741,38.8,60,11.200000000000045,7073.903234137112,2328.0,0
M,300.5,311.7,1269,74.0,87,11.199999999999989,9833.81332426677,6438.0,0
L,299.3,308.6,1437,58.1,67,9.300000000000011,8743.020939013857,3892.7000000000003,0
L,301.6,310.1,1687,36.6,16,8.5,6465.837504059297,585.6,0
L,299.3,308.6,1403,60.6,189,9.300000000000011,8903.46207583269,11453.4,0
H,300.0,309.7,1529,52.4,107,9.699999999999989,8390.104892285091,5606.8,0
H,300.4,309.3,1396,61.2,54,8.900000000000034,8946.753222599156,3304.8,0
M,299.8,309.1,1268,68.0,90,9.300000000000011,9029.356165437544,6120.0,0
L,302.1,311.4,1686,40.9,106,9.299999999999955,7221.202041688426,4335.4,0
L,298.3,308.1,1505,56.1,80,9.800000000000011,8841.541284630433,4488.0,0
L,302.6,312.3,1512,44.2,44,9.699999999999989,6998.463122548911,1944.8000000000002,0
L,299.8,309.6,1374,61.6,137,9.800000000000011,8863.312521719812,8439.2,0
L,299.8,309.1,1485,49.9,207,9.300000000000011,7759.890933999468,10329.3,0
L,297.5,308.6,1536,49.0,202,11.100000000000023,7881.627649326073,9898.0,0
L,300.7,311.0,1413,62.0,91,10.300000000000011,9174.078867012913,5642.0,0
L,297.6,308.7,1319,60.9,141,11.099999999999966,8411.834241472421,8586.9,0
L,301.6,310.5,1809,35.5,40,8.899999999999977,6725.050313906991,1420.0,0
M,299.3,309.1,1376,56.7,49,9.800000000000011,8170.151518631759,2778.3,0
L,298.0,308.5,1702,36.7,203,10.5,6541.151951941356,7450.1,0
M,302.2,310.1,1368,61.6,12,7.900000000000034,8824.608100227586,739.2,1
L,298.8,310.1,1574,46.2,181,11.300000000000011,7615.094928595515,8362.2,0
M,300.4,311.6,1518,46.4,53,11.200000000000045,7375.956895804259,2459.2,0
L,297.4,308.4,1328,71.8,98,11.0,9985.070538561606,7036.4,0
L,300.2,309.2,1431,61.3,57,9.0,9186.048335023092,3494.1,0
M,302.2,311.7,1466,59.0,66,9.5,9057.630499319852,3894.0,0
M,297.7,309.0,1636,39.7,32,11.300000000000011,6801.464319217806,1270.4,0
L,299.5,309.3,1333,64.1,147,9.800000000000011,8947.810892125863,9422.699999999999,0
M,298.7,309.7,1622,44.6,8,11.0,7575.552749062331,356.8,0
L,301.4,310.7,1428,63.7,176,9.300000000000011,9525.685916802684,11211.2,0
H,299.9,309.6,1462,61.0,119,9.700000000000045,9339.117201081497,7259.0,0
M,301.3,310.8,1418,55.4,59,9.5,8226.490746886137,3268.6,0
M,303.5,312.0,1475,52.9,85,8.5,8171.0206925992525,4496.5,0
M,300.3,311.4,1386,58.1,119,11.099999999999966,8432.725832618795,6913.900000000001,0
M,298.4,309.3,1355,60.6,8,10.900000000000034,8598.853252140623,484.8,0
M,300.7,310.6,1439,51.7,184,9.900000000000034,7790.762317808744,9512.800000000001,0
M,301.0,310.7,1497,47.6,116,9.699999999999989,7462.036534512619,5521.6,0
M,300.8,312.0,1422,60.7,219,11.199999999999989,9038.927551055482,13293.300000000001,0
L,298.7,308.4,1373,56.9,60,9.699999999999989,8181.094733041763,3414.0,0
M,300.9,310.9,1636,45.3,153,10.0,7760.86482772208,6930.9,0
M,300.8,311.4,1732,36.9,45,10.599999999999966,6692.723325501551,1660.5,0
L,303.7,311.9,1561,43.3,153,8.199999999999989,7078.144384219458,6624.9,0
L,298.1,308.7,1691,40.3,49,10.599999999999966,7136.368568065989,1974.6999999999998,0
M,302.3,310.9,1523,53.2,210,8.599999999999966,8484.771550913265,11172.0,0
L,297.6,309.4,1491,50.2,231,11.799999999999955,7838.085175147317,11596.2,0
M,303.4,312.7,1399,58.4,34,9.300000000000011,8555.771544884394,1985.6,0
M,300.6,310.6,1463,55.5,196,10.0,8502.877596573455,10878.0,0
M,302.3,311.7,1640,41.5,199,9.399999999999977,7127.2265334440435,8258.5,0
L,303.5,312.8,1524,49.4,96,9.300000000000011,7883.889596036656,4742.4,0
M,302.2,310.8,1356,58.3,36,8.600000000000023,8278.59929703368,2098.7999999999997,0
M,303.4,312.2,1561,48.2,45,8.800000000000011,7879.135319154226,2169.0,0
H,301.3,310.1,1455,54.1,188,8.800000000000011,8243.067884121578,10170.800000000001,0
M,302.6,310.2,2157,27.2,94,7.599999999999966,6143.949920772487,2556.7999999999997,0
L,296.5,307.5,1443,51.8,87,11.0,7827.529423831255,4506.599999999999,0
H,296.6,307.7,1386,72.3,100,11.099999999999966,10493.736277079843,7230.0,1
L,300.1,311.3,1547,50.0,201,11.199999999999989,8100.073058505683,10050.0,0
L,297.4,308.2,1533,47.4,115,10.800000000000011,7609.37722996598,5451.0,0
M,302.5,310.4,1429,53.2,191,7.899999999999977,7961.088999510871,10161.2,0
L,302.0,309.9,1407,62.8,154,7.899999999999977,9252.995674471089,9671.199999999999,0
L,302.3,311.0,1412,57.0,164,8.699999999999989,8428.264771050697,9348.0,0
M,302.3,311.0,1526,47.7,171,8.699999999999989,7622.571919111058,8156.700000000001,0
L,299.3,309.2,1775,34.2,125,9.899999999999977,6357.0127345389465,4275.0,0
M,298.0,308.6,1507,47.3,217,10.600000000000023,7464.539336659979,10264.099999999999,0
L,298.9,310.2,1706,37.6,103,11.300000000000011,6717.311524003648,3872.8,0
M,302.9,312.5,1924,34.0,17,9.600000000000023,6850.347500907663,578.0,0
M,298.9,309.8,1836,32.8,18,10.900000000000034,6306.3074291100065,590.4,0
L,300.4,309.3,1766,38.2,207,8.900000000000034,7064.520344078393,7907.400000000001,0
L,296.5,307.6,1431,55.2,90,11.100000000000023,8271.939120608069,4968.0,0
H,298.7,309.5,1453,50.4,108,10.800000000000011,7668.753331118828,5443.2,0
L,299.7,309.2,1645,40.8,137,9.5,7028.371084611085,5589.599999999999,0
L,299.7,309.2,1422,50.4,140,9.5,7505.139185719872,7056.0,0
M,300.2,311.4,1427,49.7,196,11.199999999999989,7426.924000620998,9741.2,0
L,296.3,307.3,1398,62.7,31,11.0,9179.16824711173,1943.7,0
L,298.2,308.7,1408,50.0,9,10.5,7372.270760424048,450.0,0
M,302.0,310.6,1535,48.6,34,8.600000000000023,7812.198451681738,1652.4,0
L,300.8,312.4,1465,69.1,91,11.599999999999966,10600.937890395837,6288.099999999999,1
M,297.5,308.6,1510,45.5,155,11.100000000000023,7194.770775496224,7052.5,0
L,303.7,313.1,1423,51.2,124,9.400000000000034,7629.630030606124,6348.8,0
M,301.8,310.8,1618,47.8,59,9.0,8099.067748856533,2820.2,0
M,301.1,311.1,2089,29.8,162,10.0,6519.0351396600845,4827.6,0
L,297.3,308.2,1396,62.7,212,10.899999999999977,9166.036389819723,13292.400000000001,1
L,298.8,308.6,1511,46.1,157,9.800000000000011,7294.474454345653,7237.7,0
L,298.2,308.0,1658,40.0,3,9.800000000000011,6945.0141595358355,120.0,0
L,298.5,308.2,1595,42.3,46,9.699999999999989,7065.284798290765,1945.8,0
L,300.5,310.5,1536,46.2,12,10.0,7431.248926507441,554.4000000000001,0
L,302.3,311.5,1543,43.1,39,9.199999999999989,6964.20929064927,1680.9,0
M,302.0,310.4,1608,43.1,97,8.399999999999977,7257.581684616996,4180.7,0
M,303.0,311.3,1335,63.6,164,8.300000000000011,8891.335528189833,10430.4,1
L,297.8,309.7,1935,32.1,171,11.899999999999977,6504.510509624987,5489.1,0
L,300.7,312.3,1590,46.3,93,11.600000000000023,7709.154212643993,4305.9,0
L,300.5,309.7,1887,34.3,28,9.199999999999989,6777.89190234037,960.3999999999999,0
L,298.8,308.6,1631,42.4,38,9.800000000000011,7241.831833446999,1611.2,0
M,302.4,311.9,1313,65.7,102,9.5,9033.555427617843,6701.400000000001,0
L,300.3,310.1,1483,49.9,174,9.800000000000011,7749.439902438526,8682.6,0
L,301.4,311.1,1495,46.3,193,9.700000000000045,7248.54436975017,8935.9,0
H,299.9,311.3,1413,51.8,153,11.400000000000034,7664.794924375305,7925.4,0
M,298.9,308.5,1534,52.9,121,9.600000000000023,8497.861520303222,6400.9,0
M,300.6,310.9,1702,40.3,91,10.299999999999955,7182.790835510535,3667.2999999999997,0
L,301.7,310.6,1406,56.0,112,8.900000000000034,8245.214639101532,6272.0,0
L,296.2,306.9,1516,49.1,138,10.699999999999989,7794.877804184947,6775.8,0
L,300.8,311.2,1481,48.5,181,10.399999999999977,7521.862930612481,8778.5,0
M,298.2,309.3,2056,28.7,144,11.100000000000023,6179.219534296787,4132.8,0
L,299.0,308.9,1615,40.6,14,9.899999999999977,6866.369623440971,568.4,0
L,297.1,308.3,1763,35.7,139,11.199999999999989,6590.967139451778,4962.3,0
L,300.3,311.7,1989,32.3,121,11.399999999999977,6727.689251736006,3908.2999999999997,0
M,297.6,309.3,1529,51.9,3,11.699999999999989,8310.046639496111,155.7,0
L,301.4,310.8,1770,34.1,112,9.400000000000034,6320.5702597573045,3819.2000000000003,0
H,298.3,309.5,1427,64.3,89,11.199999999999989,9608.676322735013,5722.7,0
M,302.2,310.8,1408,56.8,49,8.600000000000023,8374.899583841718,2783.2,0
L,297.0,307.7,1447,56.4,8,10.699999999999989,8546.262991119529,451.2,0
H,302.0,310.9,1679,39.0,222,8.899999999999977,6857.154284990441,8658.0,0
L,299.7,309.1,1713,43.5,141,9.400000000000034,7803.244912619008,6133.5,0
L,297.0,307.6,1680,45.8,20,10.600000000000023,8057.556837927101,916.0,0
M,302.3,310.9,1360,54.0,67,8.599999999999966,7690.618815987813,3618.0,1
L,297.6,308.7,1455,58.2,145,11.099999999999966,8867.773583287908,8439.0,0
L,297.7,308.9,1838,37.3,99,11.199999999999989,7179.314139640562,3692.7,0
L,295.8,306.5,1505,45.2,86,10.699999999999989,7123.666061769975,3887.2000000000003,0
M,299.3,309.3,1471,56.0,42,10.0,8626.394547737093,2352.0,0
H,297.9,307.8,1635,44.0,142,9.900000000000034,7533.539183308323,6248.0,0
M,302.6,310.2,1563,49.0,97,7.599999999999966,8020.171885349382,4753.0,0
L,299.1,308.6,1260,67.8,152,9.5,8945.999240362295,10305.6,0
L,299.4,310.7,1426,55.7,213,11.300000000000011,8317.701653595359,11864.1,0
M,303.8,313.0,1789,33.5,215,9.199999999999989,6276.01200395389,7202.5,0
L,300.4,309.6,1536,44.5,154,9.200000000000045,7157.804701938984,6853.0,0
H,300.5,311.7,1454,60.3,175,11.199999999999989,9181.430193822313,10552.5,0
L,301.8,310.0,2032,29.0,203,8.199999999999989,6170.925729691311,5887.0,0
L,298.8,309.6,1523,51.9,165,10.800000000000011,8277.43690775185,8563.5,0
L,300.6,309.7,1593,42.4,76,9.099999999999966,7073.107363998203,3222.4,0
L,298.2,307.8,1575,45.0,137,9.600000000000023,7422.012644105886,6165.0,0
L,302.1,310.1,1753,38.9,176,8.0,7141.018125193303,6846.4,0
L,298.1,308.9,1367,51.9,113,10.799999999999955,7429.583882401038,5864.7,0
M,304.0,313.1,1450,52.8,101,9.100000000000023,8017.344451961152,5332.799999999999,0
L,299.8,309.9,1553,46.6,157,10.099999999999966,7578.547734058754,7316.2,0
L,299.6,311.0,1574,45.0,133,11.399999999999977,7417.300255125501,5985.0,0
L,301.0,311.4,1478,49.5,75,10.399999999999977,7661.402004309428,3712.5,0
H,300.2,310.3,1408,52.5,0,10.100000000000023,7740.884298445249,0.0,0
H,299.4,309.1,1373,54.1,81,9.700000000000045,7778.510106459744,4382.1,0
L,300.2,309.4,1526,45.3,46,9.199999999999989,7239.046287960817,2083.7999999999997,0
M,303.7,312.4,1546,43.7,149,8.699999999999989,7074.887599835239,6511.3,0
M,297.4,309.4,1539,52.2,134,12.0,8412.745303341962,6994.8,0
H,302.0,310.5,1841,33.6,119,8.5,6477.712724289867,3998.4,0
M,298.1,308.7,1315,66.8,59,10.599999999999966,9198.792729221153,3941.2,0
M,303.4,311.7,1353,54.1,192,8.300000000000011,7665.203331420272,10387.2,1
L,299.7,309.4,1445,52.9,55,9.699999999999989,8004.830441224352,2909.5,0
M,303.8,312.7,1507,48.5,180,8.899999999999977,7653.9145418183725,8730.0,0
L,300.6,310.4,1494,57.3,118,9.799999999999955,8964.660300724618,6761.4,0
L,296.7,307.9,1420,60.1,138,11.199999999999989,8936.993341422003,8293.800000000001,0
L,297.9,308.8,1386,58.6,75,10.900000000000034,8505.29662291672,4395.0,0
M,298.0,307.4,1463,56.5,182,9.399999999999977,8656.082598313516,10283.0,0
M,297.2,308.5,1353,56.5,185,11.300000000000011,8005.249320244831,10452.5,0
L,298.6,308.4,1397,56.4,36,9.799999999999955,8250.953281682088,2030.3999999999999,0
L,301.5,310.9,1600,49.0,160,9.399999999999977,8210.028801381326,7840.0,0
L,297.2,308.5,1518,54.3,163,11.300000000000011,8631.777143150242,8850.9,0
L,300.9,310.7,1359,56.0,151,9.800000000000011,7969.592243626586,8456.0,0
L,298.4,309.3,1409,53.1,166,10.900000000000034,7834.912166567194,8814.6,0
H,297.3,308.7,1569,43.9,93,11.399999999999977,7213.002484862556,4082.7,0
H,298.4,308.5,1827,34.3,153,10.100000000000023,6562.37864630411,5247.9,0
L,303.4,311.6,1564,51.9,137,8.200000000000045,8500.270074670974,7110.3,0
L,300.0,309.6,1738,38.7,51,9.600000000000023,7043.513561201388,1973.7,0
L,297.4,308.7,1545,46.9,125,11.300000000000011,7588.045815848106,5862.5,0
L,300.4,311.8,2261,24.9,5,11.400000000000034,5895.607021506213,124.5,0
M,299.7,309.3,1399,51.9,221,9.600000000000023,7603.502451703767,11469.9,1
M,296.2,307.2,1552,44.8,8,11.0,7281.122685567895,358.4,0
M,300.3,311.6,1359,64.1,81,11.300000000000011,9122.33683600829,5192.099999999999,0
M,300.3,309.9,1447,56.5,28,9.599999999999966,8561.415939685345,1582.0,0
L,302.4,311.8,1255,69.0,138,9.400000000000034,9068.207194586937,9522.0,0
M,296.8,307.5,1443,49.2,13,10.699999999999989,7434.641846573318,639.6,0
M,302.6,310.4,1451,53.1,35,7.7999999999999545,8068.458164435058,1858.5,0
L,302.7,312.2,1447,57.5,166,9.5,8712.945425343492,9545.0,0
L,302.9,312.3,1578,46.3,141,9.400000000000034,7650.971916699509,6528.299999999999,0
M,298.1,308.9,1459,60.3,115,10.799999999999955,9213.003199990892,6934.5,0
L,298.9,309.7,1407,51.9,207,10.800000000000011,7646.982094029451,10743.3,0
M,298.1,307.9,1377,65.1,42,9.799999999999955,9387.361592265124,2734.2,0
H,300.0,311.4,1641,44.5,155,11.399999999999977,7647.1077577355945,6897.5,0
M,302.5,311.9,1524,44.8,86,9.399999999999977,7149.762224745794,3852.7999999999997,0
L,296.8,308.0,1510,49.4,29,11.199999999999989,7811.4654133959,1432.6,0
M,300.1,309.2,1687,37.7,95,9.099999999999966,6660.165953634849,3581.5000000000005,0
M,300.4,311.4,1604,41.7,119,11.0,7004.36931673766,4962.3,0
L,303.1,311.3,1336,62.6,172,8.199999999999989,8758.090111775578,10767.2,1
M,298.6,309.8,1419,54.9,115,11.199999999999989,8157.993555062366,6313.5,0
M,299.2,308.4,1381,52.5,54,9.199999999999989,7592.444045563132,2835.0,0
L,297.0,307.8,1683,42.3,197,10.800000000000011,7455.093614748186,8333.099999999999,0
L,297.4,308.8,1467,49.0,128,11.400000000000034,7527.570157266503,6272.0,0
L,302.0,310.6,1583,48.9,94,8.600000000000023,8106.220108131207,4596.599999999999,0
M,302.1,311.0,1574,44.1,215,8.899999999999977,7268.954250022992,9481.5,0
L,296.6,307.5,1485,52.7,204,10.899999999999977,8195.315675787013,10750.800000000001,0
M,302.0,310.5,1823,35.1,87,8.5,6700.734386768206,3053.7000000000003,0
L,297.4,308.7,1429,67.4,96,11.300000000000011,10086.041326447983,6470.400000000001,0
L,297.6,308.6,1382,57.1,11,11.0,8263.666259953616,628.1,0
L,300.0,311.3,1407,57.3,208,11.300000000000011,8442.6218494776,11918.4,0
M,298.4,310.1,1335,67.8,96,11.700000000000045,9478.499195145765,6508.799999999999,0
L,298.8,308.8,1991,30.7,59,10.0,6400.858896007548,1811.3,0
M,303.6,312.3,1698,41.3,100,8.699999999999989,7343.724155178427,4130.0,0
M,301.8,310.8,1691,43.4,62,9.0,7685.319996378757,2690.7999999999997,0
L,300.5,310.6,1448,56.3,173,10.100000000000023,8537.005764766951,9739.9,0
M,299.8,309.6,1346,63.2,95,9.800000000000011,8908.21635271512,6004.0,0
L,303.2,311.2,1363,56.7,29,8.0,8092.962587133058,1644.3000000000002,1
M,297.6,308.6,1492,45.5,88,11.0,7109.005296053223,4004.0,0
M,297.3,308.4,1521,48.2,87,11.099999999999966,7677.23563128352,4193.400000000001,0
L,300.6,311.6,1964,31.4,15,11.0,6458.02541032737,471.0,0
M,301.1,311.3,1389,63.3,8,10.199999999999989,9207.34833321443,506.4,0
L,298.9,310.4,1739,36.3,30,11.5,6610.507845757106,1089.0,0
L,299.9,309.3,1471,51.8,109,9.400000000000034,7979.414956656811,5646.2,0
M,298.2,309.0,1413,57.9,97,10.800000000000011,8567.405909678188,5616.3,0
L,297.4,309.0,1505,49.2,209,11.600000000000023,7754.078987590327,10282.800000000001,0
M,302.8,311.0,1507,43.4,82,8.199999999999989,6849.069919895203,3558.7999999999997,0
M,303.8,312.5,2344,25.2,146,8.699999999999989,6185.670271212159,3679.2,0
H,301.4,310.3,1611,51.5,11,8.900000000000034,8688.231563135252,566.5,0
L,298.0,307.3,1424,56.5,185,9.300000000000011,8425.332617907347,10452.5,0
M,295.3,305.8,1589,46.2,184,10.5,7687.665718893439,8500.800000000001,0
H,298.8,308.5,1359,57.6,85,9.699999999999989,8197.294879158775,4896.0,0
M,297.4,308.8,1359,58.7,220,11.400000000000034,8353.840441087155,12914.0,0
M,297.5,308.4,1596,46.6,80,10.899999999999977,7788.3851793675285,3728.0,0
L,297.2,308.3,1656,40.3,124,11.100000000000023,6988.661353469709,4997.2,0
L,300.7,310.6,1616,39.6,47,9.900000000000034,6701.3941212254595,1861.2,0
M,296.6,307.5,1566,45.0,201,10.899999999999977,7379.601143282423,9045.0,0
M,298.8,309.7,1453,57.7,101,10.899999999999977,8779.505301697549,5827.700000000001,0
L,296.2,307.3,1711,39.9,42,11.100000000000023,7149.10249028854,1675.8,0
L,299.1,308.5,1647,45.0,74,9.399999999999977,7761.304650693583,3330.0,0
L,299.8,309.2,1760,35.9,63,9.399999999999977,6616.613007480582,2261.7,0
M,297.4,308.0,1440,52.4,190,10.600000000000023,7901.733842309047,9956.0,0
L,301.6,309.8,1588,43.9,89,8.199999999999989,7300.349232607865,3907.1,0
M,300.7,311.7,1412,59.1,219,11.0,8738.779788931512,12942.9,0
L,303.8,312.6,1577,51.3,134,8.800000000000011,8471.838661155985,6874.2,0
M,300.7,309.6,1388,61.1,160,8.900000000000034,8880.947328481961,9776.0,0
L,302.2,311.4,1430,53.1,29,9.199999999999989,7951.685165501125,1539.9,0
L,302.4,311.5,1505,47.9,79,9.100000000000023,7549.194786698713,3784.1,0
L,300.2,311.6,1375,66.9,155,11.400000000000034,9632.908474069704,10369.5,0
H,302.9,312.3,1417,58.7,26,9.400000000000034,8710.369319367548,1526.2,0
L,298.3,309.4,1468,56.2,10,11.099999999999966,8639.547348980122,562.0,0
M,298.8,308.6,1500,47.1,210,9.800000000000011,7398.450699203962,9891.0,0
L,300.3,311.8,1547,49.7,121,11.5,8051.47262015465,6013.700000000001,0
M,303.3,312.4,1505,48.9,68,9.099999999999966,7706.7980181538005,3325.2,0
L,296.6,307.4,1616,38.0,175,10.799999999999955,6430.630722388067,6650.0,0
L,300.4,310.5,1402,64.3,44,10.100000000000023,9440.33931638016,2829.2,0
L,297.6,309.5,1617,46.2,42,11.899999999999977,7823.131194116231,1940.4,0
H,297.3,308.0,1384,59.1,206,10.699999999999989,8565.4895381595,12174.6,0
L,303.8,312.8,1443,50.7,145,9.0,7661.307756529821,7351.5,0
L,299.0,310.2,1412,54.1,246,11.199999999999989,7999.458317786713,13308.6,0
M,302.3,311.6,1668,43.2,52,9.300000000000011,7545.854226510396,2246.4,0
H,302.8,312.4,1411,63.8,246,9.599999999999966,9427.060851430988,15694.8,1
M,301.5,310.7,1871,31.3,152,9.199999999999989,6132.629715244051,4757.6,0
L,302.4,311.4,1831,36.9,121,9.0,7075.2750629291795,4464.9,0
L,298.0,307.7,1479,52.5,47,9.699999999999989,8131.227185653782,2467.5,0
L,298.7,309.6,1442,65.6,194,10.900000000000034,9905.98617949524,12726.4,0
L,300.1,309.6,1321,56.9,75,9.5,7871.249921593714,4267.5,0
H,300.1,311.5,1383,59.1,33,11.399999999999977,8559.300600631926,1950.3,0
H,297.4,308.6,1420,55.8,120,11.200000000000045,8297.574516661361,6696.0,0
M,299.9,311.3,1389,60.0,55,11.400000000000034,8727.344391672445,3300.0,0
H,296.6,307.4,1406,51.5,189,10.799999999999955,7582.652748459444,9733.5,0
M,300.8,312.0,1274,77.3,159,11.199999999999989,10312.822428135118,12290.699999999999,0
L,298.1,307.7,1767,37.0,127,9.599999999999966,6846.4728699682355,4699.0,0
L,300.4,311.8,1367,67.2,10,11.400000000000034,9619.808032704233,672.0,0
L,301.5,310.7,1408,57.3,79,9.199999999999989,8448.622291445958,4526.7,0
H,300.9,311.4,1387,52.7,121,10.5,7654.480028496019,6376.700000000001,0
L,298.1,307.8,1413,64.1,113,9.699999999999989,9484.813796379478,7243.299999999999,0
H,299.1,308.8,1566,56.6,192,9.699999999999989,9281.898326884117,10867.2,0
L,301.8,310.8,1546,53.4,29,9.0,8645.285991560679,1548.6,0
H,298.5,309.4,1573,43.6,143,10.899999999999977,7181.974021420602,6234.8,0
H,298.9,309.3,1375,52.7,58,10.400000000000034,7588.2552553583455,3056.6000000000004,0
M,298.3,308.1,1722,38.6,89,9.800000000000011,6960.638346999689,3435.4,0
L,300.6,310.9,1472,57.6,75,10.299999999999955,8878.894821281616,4320.0,0
L,299.5,310.0,1412,58.9,56,10.5,8709.20693008572,3298.4,0
M,304.0,313.5,1732,36.2,126,9.5,6565.7610943944765,4561.200000000001,0
L,298.9,308.3,1855,33.8,33,9.400000000000034,6565.823926247547,1115.3999999999999,0
L,297.4,308.4,1341,62.2,49,11.0,8734.695718481844,3047.8,0
L,301.0,311.0,1437,66.0,33,10.0,9931.831015058771,2178.0,0
M,297.1,308.4,1615,42.6,184,11.299999999999955,7204.614432477472,7838.400000000001,0
M,301.3,310.9,1512,46.9,159,9.599999999999966,7425.971050849409,7457.099999999999,0
L,301.5,310.6,1453,54.0,208,9.100000000000023,8216.521426198744,11232.0,0
L,302.5,311.2,1227,70.1,167,8.699999999999989,9007.22888118076,11706.699999999999,0
L,299.3,309.1,1495,54.0,55,9.800000000000011,8454.025830810133,2970.0,0
L,298.9,310.1,1442,58.0,181,11.200000000000045,8758.341439187865,10498.0,0
L,302.4,311.4,1450,54.1,56,9.0,8214.74119036171,3029.6,0
L,300.6,311.7,1497,53.6,198,11.099999999999966,8402.629374997403,10612.800000000001,0
M,296.6,307.5,1482,49.9,153,10.899999999999977,7744.214386658055,7634.7,0
L,302.0,309.7,1551,44.8,207,7.699999999999989,7276.4312405385335,9273.599999999999,0
M,297.4,308.4,1441,56.8,116,11.0,8571.186292838009,6588.799999999999,0
M,300.4,311.8,1707,40.0,165,11.400000000000034,7150.264879570369,6600.0,0
L,301.0,310.4,1563,44.4,124,9.399999999999977,7267.2577899900525,5505.599999999999,0
M,298.5,309.3,1692,36.7,118,10.800000000000011,6502.719801812441,4330.6,0
L,301.3,310.6,1510,48.5,47,9.300000000000011,7669.1512661882825,2279.5,0
L,298.9,310.1,1602,48.2,58,11.200000000000045,8086.082499221698,2795.6000000000004,0
M,300.2,309.6,1556,45.8,36,9.400000000000034,7462.832404651528,1648.8,0
L,300.6,309.5,1437,50.0,55,8.899999999999977,7524.114405347555,2750.0,0
H,300.3,309.9,1677,40.1,130,9.599999999999966,7042.1626763603435,5213.0,0
M,297.5,308.7,1352,63.0,171,11.199999999999989,8919.60986207214,10773.0,0
L,301.5,310.4,1270,64.2,26,8.899999999999977,8538.220513926339,1669.2,0
M,300.8,310.6,1545,47.5,155,9.800000000000011,7685.121028844031,7362.5,0
L,297.0,308.1,1537,49.0,103,11.100000000000023,7886.758917326936,5047.0,0
L,302.4,311.9,1867,35.9,121,9.5,7018.873002821732,4343.9,0
L,300.3,309.6,1435,55.4,181,9.300000000000011,8325.11581225783,10027.4,0
L,302.3,310.8,1421,51.4,102,8.5,7648.668082086877,5242.8,0
M,301.2,309.9,1456,60.8,15,8.699999999999989,9270.295378016857,912.0,0
L,298.2,308.9,1605,42.0,79,10.699999999999989,7059.1586926162645,3318.0,0
L,301.1,310.0,1513,48.0,17,8.899999999999977,7605.167495810171,816.0,0
M,296.0,306.6,1392,61.3,124,10.600000000000023,8935.69481645852,7601.2,0
L,298.0,308.5,1713,35.3,124,10.5,6332.2884003551935,4377.2,0
L,300.0,311.2,1504,47.9,58,11.199999999999989,7544.17871042848,2778.2,0
L,300.0,311.5,1601,46.9,35,11.5,7863.0817806943805,1641.5,0
L,300.9,311.3,1613,42.7,170,10.400000000000034,7212.583605842079,7259.000000000001,0
M,298.9,309.6,1284,65.3,166,10.700000000000045,8780.248811958896,10839.8,0
M,302.6,312.3,1566,46.6,46,9.699999999999989,7641.986961710244,2143.6,0
L,300.1,311.4,1729,39.3,71,11.299999999999955,7115.675944454345,2790.2999999999997,0
L,300.7,309.6,1661,40.3,129,8.900000000000034,7009.76238412632,5198.7,0
H,299.5,309.1,1548,54.3,40,9.600000000000023,8802.365624240168,2172.0,0
L,300.2,309.7,1771,37.1,104,9.5,6880.517262357638,3858.4,0
L,300.2,309.8,1353,69.4,26,9.600000000000023,9832.996510176838,1804.4,0
L,297.9,307.8,1505,47.3,100,9.900000000000034,7454.63284782566,4730.0,0
L,303.6,311.8,1695,40.7,90,8.199999999999989,7224.249386562408,3663.0000000000005,0
L,298.9,308.5,1559,44.3,126,9.600000000000023,7232.333751657646,5581.799999999999,0
L,298.2,308.7,1408,56.3,3,10.5,8301.176876237478,168.89999999999998,0
L,299.0,310.4,1524,49.8,120,11.399999999999977,7947.726758757602,5976.0,0
H,299.1,309.4,1811,34.6,77,10.299999999999955,6561.802687650953,2664.2000000000003,0
M,297.4,309.3,1564,46.0,126,11.900000000000034,7533.958062328802,5796.0,0
M,298.8,308.6,1486,51.1,13,9.800000000000011,7951.852717109317,664.3000000000001,0
L,299.9,309.2,1560,48.9,180,9.300000000000011,7988.441799548125,8802.0,0
L,302.0,309.9,1388,61.4,183,7.899999999999977,8924.552634513788,11236.199999999999,0
M,300.2,309.5,1642,38.8,92,9.300000000000011,6671.653710771476,3569.6,0
L,299.2,310.3,1507,51.3,158,11.100000000000023,8095.790020521288,8105.4,0
M,302.5,311.0,1463,53.1,181,8.5,8135.185592397305,9611.1,0
M,302.3,311.0,1546,45.5,70,8.699999999999989,7366.301734382227,3185.0,0
L,302.3,311.3,1682,44.4,127,9.0,7820.555088140287,5638.8,0
L,302.7,312.2,1572,44.4,228,9.5,7309.103804135869,10123.199999999999,0
L,302.5,312.0,1495,48.8,186,9.5,7639.9344545098975,9076.8,0
M,296.9,307.7,2008,27.5,3,10.800000000000011,5782.6248777076125,82.5,0
L,300.5,309.8,1461,62.5,146,9.300000000000011,9562.222639363932,9125.0,0
H,299.7,309.2,1468,59.6,132,9.5,9162.224590733369,7867.2,0
M,304.2,313.7,2113,28.4,139,9.5,6284.148728926686,3947.6,0
L,300.9,312.0,1500,54.2,188,11.100000000000023,8513.71609122834,10189.6,0
M,298.2,309.5,1478,46.5,182,11.300000000000011,7197.074610108857,8463.0,0
L,302.1,310.9,1666,40.7,203,8.799999999999955,7100.648659594675,8262.1,0
L,298.3,307.7,1465,59.4,109,9.399999999999977,9112.817810267912,6474.599999999999,0
M,300.8,311.9,1356,54.3,214,11.099999999999966,7710.599345264644,11620.199999999999,0
L,298.8,309.6,1613,37.7,143,10.800000000000011,6368.018780802023,5391.1,0
M,299.2,308.9,1447,49.6,22,9.699999999999989,7515.862488644125,1091.2,0
L,297.7,308.7,1694,39.1,102,11.0,6936.154868252714,3988.2000000000003,0
L,298.4,309.2,1345,62.7,196,10.800000000000011,8831.174028873587,12289.2,0
L,297.6,308.6,1491,48.1,152,11.0,7510.197149892152,7311.2,0
M,296.2,307.2,1633,41.1,0,11.0,7028.402500537621,0.0,0
L,298.6,309.9,1615,38.8,199,11.299999999999955,6561.94929530812,7721.2,0
L,300.3,310.4,1742,35.9,7,10.099999999999966,6548.943101722258,251.29999999999998,0
L,301.3,310.8,1390,67.4,164,9.5,9810.774978140445,11053.6,0
M,303.5,312.8,1375,55.7,89,9.300000000000011,8020.224245226942,4957.3,0
M,299.6,310.8,1427,60.4,98,11.199999999999989,9025.879469567572,5919.2,0
L,302.2,310.8,1350,66.6,76,8.600000000000023,9415.353182808609,5061.599999999999,0
L,302.3,311.0,1591,42.7,171,8.699999999999989,7114.2098678826715,7301.700000000001,0
L,301.6,310.9,1706,39.5,193,9.299999999999955,7056.7501382485125,7623.5,0
M,301.9,311.5,1492,50.8,150,9.600000000000023,7937.087231637443,7620.0,0
L,301.0,310.9,1578,48.4,49,9.899999999999977,7997.992241215038,2371.6,0
L,302.2,311.1,1470,49.6,97,8.900000000000034,7635.326785284633,4811.2,0
M,300.6,310.3,1614,42.7,0,9.699999999999989,7217.055139385689,0.0,0
L,298.2,308.4,1478,52.9,183,10.199999999999989,8187.639717736742,9680.699999999999,0
L,296.4,307.2,1748,35.3,144,10.800000000000011,6461.6696578055335,5083.2,0
L,300.6,310.3,1648,40.5,217,9.699999999999989,6989.415335706572,8788.5,1
L,298.4,308.1,1491,60.0,156,9.700000000000045,9368.229293004762,9360.0,0
L,297.0,307.9,1595,41.7,170,10.899999999999977,6965.06799264125,7089.000000000001,0
L,301.2,310.7,1676,42.4,98,9.5,7441.63712621531,4155.2,0
M,300.8,309.7,1482,49.0,171,8.899999999999977,7604.539177279453,8379.0,0
L,298.9,309.0,1601,42.3,202,10.100000000000023,7091.862672140133,8544.599999999999,0
L,300.3,310.6,1806,34.4,88,10.300000000000011,6505.86139446603,3027.2,0
L,297.4,308.5,1295,62.1,130,11.100000000000023,8421.510346845478,8073.0,0
L,297.6,309.2,1611,43.1,155,11.599999999999966,7271.121948953969,6680.5,0
L,297.8,308.4,1374,57.1,150,10.599999999999966,8215.830275814957,8565.0,0
L,298.8,309.8,1461,49.4,141,11.0,7557.980774153251,6965.4,0
H,299.9,309.8,1400,58.7,119,9.900000000000034,8605.86947573364,6985.3,0
M,298.7,309.6,1800,34.8,78,10.900000000000034,6559.645460695487,2714.3999999999996,0
L,300.0,309.0,1454,61.7,2,9.0,9394.597727343893,123.4,0
L,301.9,310.8,1465,54.3,57,8.900000000000034,8330.404159891375,3095.1,0
L,300.2,311.5,1528,46.1,125,11.300000000000011,7376.54332643293,5762.5,0
L,297.7,309.3,1559,46.9,145,11.600000000000023,7656.804807059674,6800.5,0
L,297.9,307.3,1502,46.7,12,9.400000000000034,7345.399671260344,560.4000000000001,0
L,297.3,308.7,1352,63.8,91,11.399999999999977,9032.874749209563,5805.8,0
L,300.4,309.8,1513,42.9,117,9.400000000000034,6797.11844938034,5019.3,0
L,299.8,309.5,1545,42.2,18,9.699999999999989,6827.6233140466975,759.6,0
L,297.5,308.3,2564,22.8,127,10.800000000000011,6121.833108491214,2895.6,1
M,301.1,310.7,1621,41.0,108,9.599999999999966,6959.779645007708,4428.0,0
L,300.1,311.4,1660,41.4,38,11.299999999999955,7196.760450843498,1573.2,0
M,300.0,309.5,1425,50.8,178,9.5,7580.66307311217,9042.4,0
L,303.7,312.7,1572,47.2,192,9.0,7770.038278270564,9062.400000000001,0
M,297.5,308.4,1403,54.3,25,10.899999999999977,7977.854632305527,1357.5,0
L,303.3,311.3,1393,57.4,18,8.0,8373.203123808778,1033.2,0
L,300.3,311.3,1332,70.5,112,11.0,9833.81332426677,7896.0,0
H,296.9,307.9,1557,46.5,63,11.0,7581.762630540927,2929.5,0
L,298.5,310.0,1804,36.1,22,11.5,6819.81122031477,794.2,0
L,298.1,308.9,2136,25.9,78,10.799999999999955,5793.348180631865,2020.1999999999998,0
L,300.3,311.7,1571,41.2,123,11.399999999999977,6778.007094071003,5067.6,0
L,298.2,307.9,1769,37.2,188,9.699999999999989,6891.271981208427,6993.6,0
M,300.0,310.2,1443,68.7,68,10.199999999999989,10381.298676007864,4671.6,0
L,304.3,313.5,1802,35.4,170,9.199999999999989,6680.156954887192,6018.0,0
M,299.1,308.9,1397,62.4,112,9.799999999999955,9128.714269095077,6988.8,0
L,297.4,309.2,1420,55.6,193,11.800000000000011,8267.834106207378,10730.800000000001,0
H,301.6,310.4,1369,55.4,156,8.799999999999955,7942.218499638307,8642.4,0
H,299.2,308.8,1908,31.3,104,9.600000000000023,6253.905663648129,3255.2000000000003,0
L,302.5,311.9,1306,69.7,172,9.399999999999977,9532.450812983412,11988.4,0
L,303.5,312.3,1946,31.1,112,8.800000000000011,6337.702411694881,3483.2000000000003,0
M,296.9,307.8,1840,34.6,157,10.900000000000034,6666.878489938019,5432.2,0
L,299.0,310.4,1713,38.0,116,11.399999999999977,6816.627739759133,4408.0,0
L,299.0,310.0,1360,58.1,37,11.0,8274.536170535037,2149.7000000000003,0
M,300.5,311.4,1312,61.4,60,10.899999999999977,8435.888369223409,3684.0,0
M,298.8,310.6,1640,43.8,9,11.800000000000011,7522.2294497554,394.2,0
L,301.5,310.6,1522,51.0,114,9.100000000000023,8128.5568318982305,5814.0,0
H,299.1,310.6,1791,38.0,168,11.5,7127.017093933804,6384.0,0
L,299.7,309.0,1412,59.2,85,9.300000000000011,8753.566218354408,5032.0,0
L,297.6,309.5,1574,40.9,151,11.899999999999977,6741.501787436288,6175.9,0
L,295.8,306.4,1325,66.2,65,10.599999999999966,9185.493320320957,4303.0,0
L,298.3,309.6,1420,54.1,197,11.300000000000011,8044.781027802503,10657.7,0
L,300.0,309.7,1554,42.0,117,9.699999999999989,6834.8489771499535,4914.0,0
M,302.1,311.5,1341,60.8,99,9.399999999999977,8538.094850220195,6019.2,0
H,299.1,310.0,1431,59.5,205,10.899999999999977,8916.31118978587,12197.5,0
L,300.8,311.2,1397,58.7,111,10.399999999999977,8587.428326857069,6515.700000000001,0
L,300.1,311.5,1659,41.1,203,11.399999999999977,7140.30603085849,8343.300000000001,0
M,297.9,309.1,1338,59.6,56,11.200000000000045,8350.855928066245,3337.6,0
M,299.3,310.7,1440,55.5,146,11.399999999999977,8369.202829163209,8103.0,0
L,298.0,308.7,1511,55.8,114,10.699999999999989,8829.32048920797,6361.2,0
L,300.7,310.6,1447,50.7,82,9.900000000000034,7682.544922868088,4157.400000000001,0
M,301.4,310.0,1651,39.8,44,8.600000000000023,6881.1141649618185,1751.1999999999998,0
L,297.3,308.6,1511,45.7,120,11.300000000000011,7231.18183435133,5484.0,0
H,302.1,310.1,1844,34.6,171,8.0,6681.371704046581,5916.6,0
L,301.3,310.5,1503,58.6,72,9.199999999999989,9223.27620796813,4219.2,0
L,298.8,309.3,1450,54.8,63,10.5,8321.031741808165,3452.3999999999996,0
L,304.0,313.3,1519,46.7,117,9.300000000000011,7428.536684849841,5463.900000000001,0
M,299.5,309.3,1675,39.2,132,9.800000000000011,6875.89912115686,5174.400000000001,0
M,299.1,310.1,1570,40.9,226,11.0,6724.369635498712,9243.4,0
L,300.4,309.5,1711,39.2,215,9.100000000000023,7023.6796395817255,8428.0,0
M,300.2,309.8,1466,55.7,41,9.600000000000023,8551.017268001962,2283.7000000000003,0
H,298.6,309.5,1523,44.2,119,10.899999999999977,7049.37786748809,5259.8,0
L,302.1,311.4,1549,54.6,31,9.299999999999955,8856.715177147273,1692.6000000000001,0
M,304.1,313.6,1441,53.7,131,9.5,8103.392674742976,7034.700000000001,0
L,301.6,310.0,1566,40.3,79,8.399999999999977,6608.842801650703,3183.7,0
L,301.0,311.3,1349,57.0,71,10.300000000000011,8052.216130415998,4047.0,0
L,302.3,310.9,1891,32.7,135,8.599999999999966,6475.4193616527455,4414.5,0
L,297.8,307.5,1581,43.1,116,9.699999999999989,7135.719305584249,4999.6,0
M,300.1,311.6,1433,61.4,76,11.5,9213.893317909407,4666.4,0
L,303.9,312.7,1339,72.3,156,8.800000000000011,10137.888077207726,11278.8,0
L,300.6,310.2,1378,57.3,71,9.599999999999966,8268.609032395263,4068.2999999999997,0
L,302.8,312.1,1487,46.6,84,9.300000000000011,7256.4716552127275,3914.4,0
L,302.9,312.4,2030,29.1,192,9.5,6186.110094183661,5587.200000000001,0
L,299.7,309.3,1445,52.6,0,9.600000000000023,7959.43442737998,0.0,0
H,304.1,313.4,1696,39.6,65,9.299999999999955,7033.146305444542,2574.0,0
L,297.4,308.8,1353,59.4,188,11.400000000000034,8416.13822340784,11167.199999999999,0
H,296.7,307.4,1661,44.2,109,10.699999999999989,7688.126485815967,4817.8,0
H,296.9,307.9,1547,42.6,79,11.0,6901.262245846841,3365.4,0
M,297.9,307.6,1609,40.3,64,9.700000000000045,6790.311665297562,2579.2,0
L,300.3,311.8,1418,55.9,53,11.5,8300.737053265975,2962.7,0
M,302.3,311.9,1508,52.3,159,9.599999999999966,8259.079534679373,8315.699999999999,0
L,302.2,311.5,1481,50.4,93,9.300000000000011,7816.533849543692,4687.2,0
L,300.3,310.2,1369,58.8,36,9.899999999999977,8429.647071818275,2116.7999999999997,0
H,298.8,310.2,1455,54.9,107,11.399999999999977,8364.961679080863,5874.3,0
L,299.7,309.3,1592,44.2,8,9.600000000000023,7368.752176652028,353.6,0
L,298.0,308.2,1514,47.9,9,10.199999999999989,7594.339473130797,431.09999999999997,0
H,301.4,310.4,1610,48.6,16,9.0,8193.901959092898,777.6,0
M,298.6,309.4,1464,46.9,179,10.799999999999955,7190.22593812403,8395.1,0
L,300.0,311.5,1749,38.3,83,11.5,7014.830820274113,3178.8999999999996,0
L,302.5,311.4,1559,47.6,209,8.899999999999977,7771.085475821761,9948.4,0
M,301.8,311.0,1756,36.7,33,9.199999999999989,6748.685562637498,1211.1000000000001,0
L,302.3,311.5,1448,59.6,28,9.199999999999989,9037.398642630735,1668.8,0
M,300.7,309.8,1490,48.8,173,9.100000000000023,7614.382834260701,8442.4,0
L,303.5,311.7,1959,32.3,157,8.199999999999989,6626.215809025055,5071.099999999999,0
L,300.4,311.1,1487,47.4,162,10.700000000000045,7381.046275903075,7678.8,0
L,300.3,311.8,1413,56.0,182,11.5,8286.264783108438,10192.0,0
M,300.1,309.5,1462,52.8,50,9.399999999999977,8083.694888804967,2640.0,0
M,300.6,309.5,1530,50.2,93,8.899999999999977,8043.105511720588,4668.6,0
L,303.0,311.2,1374,58.2,65,8.199999999999989,8374.103713702809,3783.0,1
L,302.2,310.1,1458,55.1,15,7.900000000000034,8412.745303341962,826.5,0
L,299.1,308.2,1568,43.3,123,9.099999999999966,7109.884941996227,5325.9,0
H,298.3,309.0,1823,35.9,181,10.699999999999989,6853.457677634717,6497.9,0
L,297.5,308.5,1530,48.5,93,11.0,7770.729428654353,4510.5,0
L,304.1,313.6,1382,56.7,134,9.5,8205.777179323468,7597.8,0
H,303.3,311.8,1806,37.7,44,8.5,7129.97019102818,1658.8000000000002,0
H,300.5,309.4,1502,44.3,40,8.899999999999977,6967.905898004992,1772.0,0
M,300.4,311.5,1476,42.6,144,11.100000000000023,6584.526874511918,6134.400000000001,0
L,302.1,311.2,1460,56.9,198,9.099999999999966,8699.488936810616,11266.199999999999,0
H,299.5,309.2,1872,32.6,162,9.699999999999989,6390.753439638501,5281.2,0
H,302.2,311.6,1357,54.2,142,9.400000000000034,7702.075157197905,7696.400000000001,0
M,300.7,309.5,1633,41.3,90,8.800000000000011,7062.603972559701,3716.9999999999995,0
M,298.9,309.8,1947,31.7,105,10.900000000000034,6463.292814009889,3328.5,0
H,297.9,308.7,1545,45.9,120,10.800000000000011,7426.253794188232,5508.0,0
L,298.2,308.6,1353,64.1,38,10.400000000000034,9082.061618189267,2435.7999999999997,0
L,301.9,309.7,1424,52.8,140,7.800000000000011,7873.585172132883,7392.0,0
L,303.9,313.4,1442,58.5,174,9.5,8833.844382629139,10179.0,0
L,300.0,309.8,1372,49.6,105,9.800000000000011,7126.30499959899,5208.0,0
L,299.1,310.6,1326,59.7,78,11.5,8289.84619873353,4656.6,0
L,302.0,311.0,1632,44.2,18,9.0,7553.896703703586,795.6,0
H,300.7,310.3,1369,60.7,12,9.600000000000023,8702.033626860024,728.4000000000001,0
L,300.2,309.5,2183,27.8,39,9.300000000000011,6355.16966684884,1084.2,0
H,297.5,308.5,1671,38.0,158,11.0,6649.495010588156,6004.0,0
L,302.6,311.9,1453,49.1,84,9.299999999999955,7470.948185673304,4124.400000000001,0
L,302.9,311.2,1751,33.8,196,8.300000000000011,6197.71304305092,6624.799999999999,0
M,304.3,313.4,1624,42.1,53,9.099999999999966,7159.731545433187,2231.3,0
L,301.6,310.8,1392,52.4,3,9.199999999999989,7638.34271423208,157.2,0
L,300.9,310.4,1788,37.8,90,9.5,7077.631257419373,3401.9999999999995,0
M,298.0,307.7,1487,51.3,160,9.699999999999989,7988.347551768517,8208.0,0
L,297.5,308.9,1581,40.4,155,11.399999999999977,6688.702086904956,6262.0,0
M,299.5,310.7,1424,51.3,101,11.199999999999989,7649.903775197289,5181.299999999999,0
H,300.8,311.7,1468,48.7,39,10.899999999999977,7486.582845112669,1899.3000000000002,0
M,302.2,311.6,1592,47.7,79,9.400000000000034,7952.250652178772,3768.3,0
M,303.7,312.3,1756,36.4,190,8.600000000000023,6693.519195640461,6916.0,0
H,301.0,310.9,1495,47.3,21,9.899999999999977,7405.100403654061,993.3,0
H,296.4,307.5,1403,62.8,94,11.100000000000023,9226.69007198503,5903.2,0
L,302.6,310.4,1478,57.7,189,7.7999999999999545,8930.563548457658,10905.300000000001,0
H,299.4,309.0,1607,43.7,130,9.600000000000023,7354.039051057715,5681.0,0
L,303.4,311.7,1295,61.3,51,8.300000000000011,8313.020680541511,3126.2999999999997,1
M,298.3,309.5,1543,59.9,199,11.199999999999989,9678.796670763137,11920.1,0
L,301.1,310.8,1470,59.3,116,9.699999999999989,9128.525773535861,6878.799999999999,0
L,300.4,311.2,1406,53.6,22,10.800000000000011,7891.848297425752,1179.2,0
L,299.7,309.6,1553,46.8,174,9.900000000000034,7611.073689998919,8143.2,0
L,302.2,311.5,1482,55.6,87,9.300000000000011,8628.824046055868,4837.2,0
M,302.4,310.3,1378,64.3,165,7.900000000000034,9278.735790279501,10609.5,1
M,297.7,309.1,1732,38.1,167,11.400000000000034,6910.372864542252,6362.7,0
L,298.8,308.3,1634,37.9,12,9.5,6485.147826903361,454.79999999999995,0
L,303.5,312.0,1366,64.5,30,8.5,9226.543464327862,1935.0,1
L,297.2,308.1,1431,59.7,210,10.900000000000034,8946.281983701117,12537.0,1
L,303.4,312.9,1389,64.1,109,9.5,9323.712925103395,6986.9,0
H,300.9,310.7,1403,50.6,207,9.800000000000011,7434.243911503862,10474.2,0
L,302.4,311.3,1503,48.2,120,8.900000000000034,7586.380771741705,5784.0,0
M,298.7,309.9,1458,50.2,137,11.199999999999989,7664.606428816091,6877.400000000001,0
M,298.1,309.0,2042,27.8,129,10.899999999999977,5944.689170730798,3586.2000000000003,0
L,298.0,308.9,1390,63.9,88,10.899999999999977,9301.3133694833,5623.2,0
L,300.6,311.9,1472,54.2,126,11.299999999999955,8354.793390858744,6829.200000000001,0
L,297.3,308.2,1896,34.4,47,10.899999999999977,6830.073756316497,1616.8,0
L,303.8,313.2,1336,57.8,176,9.399999999999977,8086.543266144223,10172.8,0
L,300.6,310.6,1508,44.8,62,10.0,7074.699104276022,2777.6,0
M,301.4,310.6,1431,50.6,101,9.200000000000045,7582.610860557396,5110.6,0
L,300.8,311.1,1480,51.1,176,10.300000000000011,7919.745640189629,8993.6,0
M,301.5,310.5,1503,48.2,200,9.0,7586.380771741705,9640.0,0
M,299.2,309.0,1881,33.9,137,9.800000000000011,6677.549432984712,4644.3,0
L,300.4,311.5,1492,54.6,149,11.100000000000023,8530.806355263867,8135.400000000001,0
L,297.8,309.7,1547,47.3,25,11.899999999999977,7662.6691133463755,1182.5,0
L,300.4,309.7,1488,45.7,177,9.300000000000011,7121.1108997450565,8088.900000000001,0
L,301.3,310.6,1556,49.0,72,9.300000000000011,7984.253009343339,3528.0,0
L,300.1,309.6,1565,44.8,32,9.5,7342.111470949585,1433.6,0
L,300.4,310.6,1384,58.7,24,10.200000000000045,8507.516681725256,1408.8000000000002,0
L,299.7,309.2,1326,74.8,71,9.5,10386.60796759243,5310.8,0
M,298.1,308.6,1425,51.9,11,10.5,7744.811289262238,570.9,0
L,297.5,308.3,1437,52.3,29,10.800000000000011,7870.22366799354,1516.6999999999998,0
L,303.7,312.7,1989,32.4,166,9.0,6748.518011029306,5378.4,0
M,297.4,308.3,1550,57.8,18,10.900000000000034,9381.842861170318,1040.3999999999999,0
L,300.4,311.3,1495,61.2,175,10.900000000000034,9581.22927491815,10710.0,0
M,296.7,307.8,1672,42.4,113,11.100000000000023,7423.876655747016,4791.2,0
L,300.1,309.3,1685,37.1,203,9.199999999999989,6546.398411672851,7531.3,0
M,300.8,310.7,1572,46.2,167,9.899999999999977,7605.418823222459,7715.400000000001,0
L,302.4,311.9,1290,80.0,139,9.5,10807.078728348888,11120.0,1
L,297.0,307.7,1867,32.8,118,10.699999999999989,6412.786476115676,3870.3999999999996,0
L,301.8,311.2,1822,36.2,204,9.399999999999977,6906.938056574329,7384.8,0
L,300.7,311.7,1910,29.7,13,11.0,5940.43754867294,386.09999999999997,0
L,295.6,306.2,1650,38.2,35,10.599999999999966,6600.486165192156,1337.0,0
L,301.4,310.4,1559,49.4,199,9.0,8064.950052638548,9830.6,0
L,298.7,308.5,1668,45.2,77,9.800000000000011,7895.199329589581,3480.4,0
M,299.9,310.4,1820,36.6,175,10.5,6975.592328030776,6405.0,0
L,298.8,309.7,1609,50.4,169,10.899999999999977,8492.10193377164,8517.6,0
L,297.3,308.7,1531,46.7,116,11.399999999999977,7487.221635618897,5417.200000000001,0
L,301.8,310.2,2825,15.8,215,8.399999999999977,4674.166269766014,3397.0,1
L,297.5,308.5,1712,36.8,136,11.0,6597.512124146757,5004.799999999999,0
L,299.8,309.7,1457,61.9,89,9.899999999999977,9444.49669065841,5509.099999999999,0
M,297.9,307.5,1642,42.4,126,9.600000000000023,7290.673127234809,5342.4,0
L,298.9,310.1,1577,51.4,80,11.200000000000045,8488.352966538358,4112.0,0
H,301.7,310.1,1660,39.3,72,8.400000000000034,6831.707384496363,2829.6,0
H,300.6,311.7,1535,43.3,92,11.099999999999966,6960.250883905746,3983.6,0
H,303.6,312.4,1480,60.7,2,8.799999999999955,9407.603920929754,121.4,0
M,300.1,309.2,1457,54.3,98,9.099999999999966,8284.913898267394,5321.4,0
L,300.7,311.1,2437,23.8,163,10.400000000000034,6073.808628793338,3879.4,0
H,295.6,306.3,1509,45.8,60,10.699999999999989,7237.412659780949,2748.0,0
M,297.6,308.3,1467,46.7,68,10.699999999999989,7174.23523151726,3175.6000000000004,0
M,298.7,309.5,1394,56.0,113,10.800000000000011,8174.84296366112,6328.0,0
M,304.2,313.4,1329,64.5,75,9.199999999999989,8976.629768734794,4837.5,0
L,298.4,308.0,1508,57.9,25,9.600000000000023,9143.416922713877,1447.5,0
M,302.5,312.0,1451,53.2,189,9.5,8083.65300090292,10054.800000000001,0
L,298.7,310.1,1433,64.6,66,11.400000000000034,9694.09622698612,4263.599999999999,0
L,297.6,308.4,1353,67.5,88,10.799999999999955,9563.793435690728,5940.0,0
L,299.8,309.2,1491,57.5,216,9.399999999999977,8977.886405796231,12420.0,0
L,302.0,311.1,1635,46.0,23,9.100000000000023,7875.972782549611,1058.0,0
M,298.4,307.8,1617,41.6,173,9.400000000000034,7044.204711585177,7196.8,0
L,301.6,309.9,1397,53.7,102,8.299999999999955,7855.960837346245,5477.400000000001,0
M,302.6,311.6,1227,78.2,187,9.0,10048.007111388522,14623.4,1
L,298.7,309.7,1881,31.7,29,11.0,6244.198142348537,919.3,0
M,300.2,309.8,1487,49.2,122,9.600000000000023,7661.339172456357,6002.400000000001,0
L,299.5,309.3,1577,46.6,14,9.800000000000011,7695.666308184581,652.4,0
L,301.6,310.4,1561,45.3,156,8.799999999999955,7405.079459703035,7066.799999999999,0
L,299.8,310.8,1553,42.2,161,11.0,6862.976703375095,6794.200000000001,0
L,302.3,311.5,1530,47.8,57,9.199999999999989,7658.574570921197,2724.6,0
L,299.7,310.3,1505,47.7,4,10.600000000000023,7517.674140407695,190.8,0
L,301.2,310.8,1233,74.6,45,9.600000000000023,9632.31157146552,3356.9999999999995,0
L,300.0,311.5,1591,42.0,79,11.5,6997.583476605905,3318.0,0
L,297.3,308.2,1754,39.4,123,10.899999999999977,7236.9309489073985,4846.2,0
L,300.8,310.5,1434,54.5,89,9.699999999999989,8184.16302186677,4850.5,0
L,297.6,309.6,1501,59.8,222,12.0,9399.624275589636,13275.599999999999,1
M,301.9,310.7,1472,57.0,73,8.800000000000011,8786.406333559933,4161.0,0
L,298.6,309.6,1390,60.3,196,11.0,8777.295714864522,11818.8,0
L,296.3,307.3,1567,41.4,5,11.0,6793.568449681783,207.0,0
L,300.6,312.0,1490,52.2,3,11.399999999999977,8144.893113696898,156.60000000000002,0
L,297.5,308.6,1437,53.3,34,11.100000000000023,8020.705956100492,1812.1999999999998,0
L,302.4,311.3,1392,60.5,51,8.900000000000034,8819.078897157267,3085.5,0
L,301.0,312.2,1602,45.9,67,11.199999999999989,7700.232089507798,3075.2999999999997,0
L,301.3,310.0,1550,51.5,197,8.699999999999989,8359.254452426841,10145.5,0
L,300.6,310.2,1447,55.9,17,9.599999999999966,8470.498248290456,950.3,0
L,302.0,310.6,1392,60.0,84,8.600000000000023,8746.193947593983,5040.0,0
L,302.2,310.8,1340,57.8,54,8.600000000000023,8110.754473527888,3121.2,0
L,299.3,309.0,1419,56.6,158,9.699999999999989,8410.609020337522,8942.800000000001,0
L,301.2,310.3,1497,55.7,76,9.100000000000023,8731.836869167078,4233.2,0
M,302.3,311.0,1541,46.6,143,8.699999999999989,7519.988446995841,6663.8,0
L,297.8,308.9,1530,47.6,106,11.099999999999966,7626.530325854582,5045.6,0
L,296.8,308.1,1356,58.3,201,11.300000000000011,8278.59929703368,11718.3,0
L,298.9,310.2,1562,52.5,179,11.300000000000011,8587.5435185877,9397.5,0
L,296.6,307.4,1389,52.7,48,10.799999999999955,7665.517490685631,2529.6000000000004,0
L,297.8,307.3,1412,60.7,24,9.5,8975.362659697848,1456.8000000000002,0
M,296.2,306.8,1526,52.3,129,10.600000000000023,8357.662712149022,6746.7,0
L,299.2,308.4,1402,57.7,24,9.199999999999989,8471.346478306925,1384.8000000000002,0
L,299.9,309.4,1363,70.9,57,9.5,10119.771559572026,4041.3,0
L,297.6,309.5,2001,30.5,220,11.899999999999977,6391.099014830395,6710.0,0
L,302.2,310.7,1567,46.4,100,8.5,7614.047731044318,4640.0,0
L,299.6,311.1,1521,47.2,131,11.5,7517.956883746518,6183.200000000001,0
L,298.0,308.4,1911,32.0,13,10.399999999999977,6403.822465077434,416.0,0
L,300.4,311.2,1705,38.7,20,10.800000000000011,6909.77596193807,774.0,0
L,302.5,311.2,1545,50.1,165,8.699999999999989,8105.780285159704,8266.5,0
L,297.0,308.1,1455,53.5,122,11.100000000000023,8151.647537902115,6527.0,0
M,298.2,307.8,1578,44.5,127,9.600000000000023,7353.5259242576285,5651.5,0
L,299.0,309.1,1394,55.1,179,10.100000000000023,8043.461558887996,9862.9,0
H,304.2,313.5,1627,42.2,91,9.300000000000011,7189.995554662769,3840.2000000000003,0
L,297.7,308.7,1829,34.9,17,11.0,6684.481880773634,593.3,0
M,303.9,313.0,1475,51.0,11,9.100000000000023,7877.543578876406,561.0,0
M,297.4,309.0,1497,51.8,144,11.600000000000023,8120.451522851968,7459.2,0
L,302.9,312.3,1530,44.9,185,9.400000000000034,7193.933017455267,8306.5,0
L,296.0,306.7,1917,31.0,127,10.699999999999989,6223.180887496021,3937.0,0
L,301.0,311.6,1440,53.3,131,10.600000000000023,8037.450644944126,6982.299999999999,0
M,303.8,312.6,1684,39.3,167,8.800000000000011,6930.479057525226,6563.099999999999,0
H,298.5,307.9,1260,64.2,141,9.399999999999977,8470.990431139518,9052.2,0
M,300.6,309.8,1532,52.5,130,9.199999999999989,8422.609904274235,6825.0,0
H,300.7,309.5,1667,40.5,29,8.800000000000011,7069.997187271149,1174.5,0
M,301.1,311.1,1592,45.7,174,10.0,7618.822951877775,7951.8,0
L,299.0,310.2,1372,58.0,174,11.199999999999989,8333.179233402045,10092.0,0
M,298.6,310.0,1512,47.5,27,11.399999999999977,7520.972812693964,1282.5,0
L,302.0,310.8,1615,39.0,235,8.800000000000011,6595.77377621177,9165.0,1
M,303.4,311.4,1606,39.6,122,8.0,6659.925098198075,4831.2,0
M,303.8,312.4,1597,43.4,203,8.599999999999966,7258.105283392595,8810.199999999999,0
M,298.7,308.4,1441,53.2,132,9.699999999999989,8027.942091179261,7022.400000000001,0
L,301.9,310.9,1799,34.2,54,9.0,6442.966709541163,1846.8000000000002,0
L,303.0,311.2,1664,39.8,186,8.199999999999989,6935.296166260731,7402.799999999999,0
L,302.8,311.1,1550,42.3,76,8.300000000000011,6865.950744420493,3214.7999999999997,0
L,302.3,310.2,1394,65.4,57,7.899999999999977,9547.048746847095,3727.8,0
M,299.6,309.2,1651,40.8,92,9.599999999999966,7054.006480664376,3753.6,0
L,301.9,310.8,1735,41.5,66,8.900000000000034,7540.084168003303,2739.0,0
M,300.9,311.5,1836,31.8,12,10.600000000000023,6114.0419587103115,381.6,0
L,300.5,311.4,1445,51.5,66,10.899999999999977,7792.98237661728,3399.0,0
M,300.7,311.8,1407,52.4,224,11.100000000000023,7720.652441756132,11737.6,0
M,298.2,308.3,1639,43.3,191,10.100000000000023,7431.824885160598,8270.3,0
M,300.7,311.9,1366,65.1,36,11.199999999999989,9312.371775623935,2343.6,0
M,301.8,310.3,1409,62.5,26,8.5,9221.883435225038,1625.0,0
L,297.7,309.6,1480,57.9,18,11.900000000000034,8973.645255713885,1042.2,0
L,298.4,308.8,1458,50.1,111,10.400000000000034,7649.338288519643,5561.1,0
H,295.5,305.9,1593,47.2,197,10.399999999999977,7873.83649954517,9298.400000000001,0
M,302.2,311.5,1443,57.0,90,9.300000000000011,8613.304578347135,5130.0,0
L,302.6,310.4,1359,67.2,67,7.7999999999999545,9563.510692351905,4502.400000000001,1
L,299.9,310.4,1408,48.4,144,10.5,7136.358096090477,6969.599999999999,0
L,298.4,309.1,1423,58.0,135,10.700000000000045,8642.940269046,7830.0,0
L,301.9,310.7,1370,60.3,20,8.800000000000011,8651.003690190213,1206.0,0
M,303.7,312.9,1566,42.6,9,9.199999999999989,6986.022415640695,383.40000000000003,0
L,300.7,310.1,1351,56.9,165,9.400000000000034,8050.006543582973,9388.5,0
L,298.0,309.1,1822,33.5,122,11.100000000000023,6391.779693238673,4087.0,0
L,300.7,312.0,1550,42.4,5,11.300000000000011,6882.18230646404,212.0,0
L,300.9,310.7,1427,54.1,141,9.800000000000011,8084.438399066317,7628.1,0
L,298.9,310.3,1484,53.8,124,11.400000000000034,8360.74147294954,6671.2,0
L,304.1,313.3,1470,49.9,70,9.199999999999989,7681.508197292403,3493.0,0
L,300.8,312.0,1382,59.3,177,11.199999999999989,8582.056203419428,10496.1,0
L,299.8,310.4,1698,38.3,103,10.599999999999966,6810.281722598881,3944.8999999999996,0
H,301.9,310.3,1653,42.4,100,8.400000000000034,7339.514421022618,4240.0,0
M,302.9,312.3,1809,35.0,180,9.400000000000034,6630.331295401258,6300.0,0
L,297.0,308.3,1492,58.1,137,11.300000000000011,9077.65291649873,7959.7,0
L,300.0,310.5,1412,62.4,142,10.5,9226.731959887078,8860.8,0
H,302.3,311.7,1456,55.4,130,9.399999999999977,8446.946775364044,7202.0,0
L,299.6,309.1,1407,60.6,85,9.5,8928.846144473693,5151.0,0
L,300.0,310.1,1465,50.9,60,10.100000000000023,7808.795059640349,3054.0,0
M,300.1,311.4,1575,39.8,210,11.299999999999955,6564.357849675872,8358.0,0
H,300.6,312.1,1354,56.9,138,11.5,8067.882205781899,7852.2,0
L,301.2,310.6,1437,61.2,112,9.400000000000034,9209.516032145408,6854.400000000001,0
M,300.2,310.1,1550,48.7,45,9.900000000000034,7904.770715207517,2191.5,0
L,300.9,311.0,2003,30.2,138,10.100000000000023,6334.560819041291,4167.599999999999,0
M,300.7,309.5,1622,40.5,14,8.800000000000011,6879.14543356557,567.0,0
L,300.8,311.9,1560,41.8,21,11.099999999999966,6828.565791842773,877.8,0
L,301.8,310.7,1547,51.7,72,8.899999999999977,8375.475542494876,3722.4,0
M,302.4,310.4,1586,44.3,149,8.0,7357.58905075627,6600.7,0
M,300.8,310.9,1522,51.7,115,10.099999999999966,8240.125259002716,5945.5,0
L,299.0,310.2,1682,38.8,49,11.199999999999989,6834.178770717188,1901.1999999999998,0
L,297.9,309.2,1478,49.7,10,11.300000000000011,7692.3571639228,497.0,0
L,299.8,309.1,1772,34.8,113,9.300000000000011,6457.606531306891,3932.3999999999996,0
L,300.3,311.6,1374,57.4,197,11.300000000000011,8258.995758875277,11307.8,0
M,300.3,311.3,1506,50.7,98,11.0,7995.793126357526,4968.6,0
M,297.8,307.3,1804,36.0,222,9.5,6800.919776491184,7992.0,0
L,299.7,310.6,1737,36.1,144,10.900000000000034,6566.52554860685,5198.400000000001,0
L,297.7,309.2,1391,54.5,159,11.5,7938.752275743847,8665.5,0
L,298.8,308.2,1443,63.4,21,9.399999999999977,9580.412460828216,1331.3999999999999,0
L,297.3,308.7,1492,53.6,189,11.399999999999977,8374.564480625335,10130.4,0
L,303.3,311.4,1658,40.5,7,8.099999999999966,7031.826836530034,283.5,0
L,298.0,308.6,1430,67.0,43,10.600000000000023,10033.199738014602,2881.0,0
M,298.2,309.0,1723,36.6,168,10.800000000000011,6603.816253404961,6148.8,0
M,301.9,311.0,1467,58.1,43,9.100000000000023,8925.547472187425,2498.3,0
L,301.4,310.1,1937,31.8,205,8.700000000000045,6450.380868203634,6519.0,0
L,304.0,313.0,1397,52.4,113,9.0,7665.77929007343,5921.2,0
L,298.4,309.5,1450,57.9,112,11.100000000000023,8791.747041071036,6484.8,0
L,299.2,310.2,1609,43.2,156,11.0,7278.944514661407,6739.200000000001,0
L,300.5,311.4,1400,55.1,29,10.899999999999977,8078.0819099305545,1597.9,0
M,298.2,309.4,1693,44.4,73,11.199999999999989,7871.700216540728,3241.2,0
H,302.5,311.3,1393,57.5,130,8.800000000000011,8387.790585696948,7475.0,0
L,297.5,308.5,1373,49.9,110,11.0,7174.633166586714,5489.0,0
L,301.1,311.3,1630,39.5,51,10.199999999999989,6742.381433379294,2014.5,0
L,298.9,308.7,1504,51.8,165,9.800000000000011,8158.422906058357,8547.0,0
L,302.7,310.5,1642,40.8,195,7.800000000000011,7015.553386584437,7955.999999999999,0
L,298.5,309.4,1418,55.1,148,10.899999999999977,8181.9429630582335,8154.8,0
M,302.3,311.7,1494,47.1,114,9.399999999999977,7368.856896407147,5369.400000000001,0
M,300.6,309.8,1447,52.9,12,9.199999999999989,8015.909791316013,634.8,0
L,298.3,308.4,1528,47.3,160,10.099999999999966,7568.557469420337,7568.0,0
M,302.6,311.0,1329,58.6,111,8.399999999999977,8155.511696866031,6504.6,1
M,301.0,311.1,1420,57.4,167,10.100000000000023,8535.497800293228,9585.8,0
L,301.1,310.1,1489,55.8,42,9.0,8700.766517823075,2343.6,0
M,303.6,312.0,1645,45.7,81,8.399999999999977,7872.464670753103,3701.7000000000003,0
H,297.9,307.7,1618,45.9,92,9.800000000000011,7777.1382776676755,4222.8,0
M,299.3,308.8,1648,38.4,188,9.5,6627.001207188453,7219.2,0
L,299.4,309.1,1957,32.1,55,9.700000000000045,6578.463600690491,1765.5,0
L,303.7,312.6,1396,54.1,136,8.900000000000034,7908.812897755137,7357.6,0
L,298.4,309.4,1385,53.2,119,11.0,7715.960996726771,6330.8,0
L,302.8,312.2,1746,37.4,44,9.399999999999977,6838.24189721583,1645.6,0
H,298.6,308.4,1407,60.5,164,9.799999999999955,8914.112074928358,9922.0,0
H,297.8,307.8,1662,40.7,48,10.0,7083.6002834611945,1953.6000000000001,0
L,298.5,308.8,1305,68.7,26,10.300000000000011,9388.492565620416,1786.2,0
M,299.2,310.4,1502,49.8,34,11.199999999999989,7832.995795048501,1693.1999999999998,0
L,303.5,312.9,1275,74.4,113,9.399999999999977,9933.715970650925,8407.2,0
H,300.8,309.9,2041,29.2,194,9.099999999999966,6241.004189817387,5664.8,0
L,295.7,306.2,1464,56.2,92,10.5,8616.006348029223,5170.400000000001,0
L,297.2,307.9,1309,59.6,167,10.699999999999989,8169.858303317425,9953.2,0
L,301.0,312.1,1675,40.7,200,11.100000000000023,7139.007505895005,8140.000000000001,0
L,299.3,309.2,2280,25.4,207,9.899999999999977,6064.530458489737,5257.799999999999,0
L,295.6,306.2,1428,54.5,51,10.599999999999966,8149.919661942641,2779.5,0
L,300.5,311.9,1432,53.1,16,11.399999999999977,7962.806403494833,849.6,0
M,298.7,309.8,1570,52.1,200,11.100000000000023,8565.76180952281,10420.0,0
L,300.2,309.4,1558,48.3,51,9.199999999999989,7880.3081804115645,2463.2999999999997,0
L,300.0,310.5,1517,52.2,186,10.5,8292.485136562547,9709.2,0
L,298.6,310.1,1721,37.2,5,11.5,6704.284386466762,186.0,0
L,301.2,310.6,1389,55.3,64,9.400000000000034,8043.70241432477,3539.2,0
L,297.1,307.8,1428,53.7,179,10.699999999999989,8030.287813693943,9612.300000000001,0
M,297.3,308.3,1459,69.6,207,11.0,10633.914141283018,14407.199999999999,1
M,302.0,310.7,2157,27.8,17,8.699999999999989,6279.47822784835,472.6,0
H,304.1,313.3,1689,42.5,134,9.199999999999989,7517.045821876977,5695.0,0
L,302.5,312.0,2052,28.9,40,9.5,6210.174693910159,1156.0,0
M,300.8,310.7,1452,53.0,139,9.899999999999977,8058.813474988537,7367.0,0
M,301.7,310.8,1671,41.6,137,9.100000000000023,7279.447169485982,5699.2,0
L,300.7,309.8,1596,41.5,123,9.100000000000023,6936.008260595545,5104.5,0
L,301.8,310.3,1482,51.4,63,8.5,7977.006402289059,3238.2,0
L,295.5,306.1,1573,45.1,129,10.600000000000023,7429.060283625439,5817.900000000001,0
M,303.4,311.8,1515,52.6,204,8.400000000000034,8345.012565730567,10730.4,0
M,299.7,310.2,1440,52.8,30,10.5,7962.052421257971,1584.0,0
L,295.8,306.4,1356,58.0,99,10.599999999999966,8235.999300651001,5742.0,0
H,300.0,310.1,1714,38.7,55,10.100000000000023,6946.249852646248,2128.5,0
M,298.7,310.1,1506,60.7,53,11.400000000000034,9572.872638459601,3217.1000000000004,0
L,295.9,306.6,1414,60.2,51,10.700000000000045,8914.038771099775,3070.2000000000003,0
M,300.2,309.5,1458,56.9,23,9.300000000000011,8687.571828677997,1308.7,0
M,298.4,309.1,1467,49.6,78,10.700000000000045,7619.744485722827,3868.8,0
M,297.8,307.5,1405,56.9,113,9.699999999999989,8371.76846316364,6429.7,0
L,298.1,308.6,1439,54.9,205,10.5,8272.975846183752,11254.5,0
H,302.3,311.7,1449,54.5,152,9.399999999999977,8269.771421677091,8284.0,0
L,303.5,311.7,1620,41.0,141,8.199999999999989,6955.486135047801,5781.0,0
L,298.9,310.3,1496,46.3,161,11.400000000000034,7253.39289441221,7454.299999999999,0
L,300.7,310.9,1521,49.4,61,10.199999999999989,7868.370128327923,3013.4,0
L,299.6,311.0,1552,43.2,139,11.399999999999977,7021.082589654758,6004.8,0
L,297.5,308.4,1441,54.5,4,10.899999999999977,8224.113608444919,218.0,0
L,298.7,310.3,1451,50.0,86,11.600000000000023,7597.418233931316,4300.0,0
L,300.8,311.3,1782,36.9,116,10.5,6885.931273697324,4280.4,0
L,300.7,310.8,1925,32.0,74,10.100000000000023,6450.7369153710415,2368.0,0
L,297.4,308.6,1459,51.3,196,11.200000000000045,7837.928095514639,10054.8,0
L,302.0,309.7,1414,46.3,209,7.699999999999989,6855.813872124909,9676.699999999999,0
L,301.4,310.7,1616,46.5,121,9.300000000000011,7869.061278711713,5626.5,0
H,298.1,308.5,1392,54.8,111,10.399999999999977,7988.190472135838,6082.799999999999,0
L,299.0,308.4,1571,48.6,5,9.399999999999977,7995.416135239096,243.0,0
L,300.2,310.4,1808,35.8,35,10.199999999999989,6778.132757777145,1253.0,0
M,297.3,308.5,1710,37.7,138,11.199999999999989,6750.968453299107,5202.6,0
L,298.6,309.5,1450,54.3,7,10.899999999999977,8245.109919346412,380.09999999999997,0
M,300.0,310.5,1790,35.7,123,10.5,6691.906511411618,4391.1,0
M,301.7,309.9,1457,49.2,192,8.199999999999989,7506.772813899739,9446.400000000001,0
L,300.0,311.1,1425,57.8,179,11.100000000000023,8625.242630430777,10346.199999999999,0
L,301.4,310.8,1389,62.7,125,9.400000000000034,9120.074889297704,7837.5,0
M,298.3,309.1,1488,50.6,176,10.800000000000011,7884.643578273519,8905.6,0
L,301.3,311.1,1624,50.9,0,9.800000000000011,8656.302509799267,0.0,0
L,302.3,310.1,1388,59.9,48,7.800000000000011,8706.526104354656,2875.2,0
M,298.0,307.5,1427,55.1,95,9.5,8233.873489622072,5234.5,0
M,303.4,312.9,1422,49.9,63,9.5,7430.683439829794,3143.7,0
L,300.4,311.1,1589,45.5,191,10.700000000000045,7571.185935273841,8690.5,0
L,300.4,311.7,1373,57.2,3,11.300000000000011,8224.228800175551,171.60000000000002,0
L,300.2,310.2,1415,59.6,21,10.0,8831.435828261387,1251.6000000000001,0
M,297.3,308.5,1524,59.3,176,11.199999999999989,9463.859373380035,10436.8,0
M,301.7,309.8,1284,78.2,111,8.100000000000023,10514.784947858894,8680.2,1
L,301.5,310.4,1425,64.4,7,8.899999999999977,9610.131927331178,450.80000000000007,0
L,302.0,310.8,1447,52.7,229,8.800000000000011,7985.6038941843835,12068.300000000001,0
M,298.6,310.0,1541,46.9,12,11.399999999999977,7568.400389787657,562.8,0
L,303.7,313.0,1753,39.0,42,9.300000000000011,7159.375498265779,1638.0,0
H,303.3,311.4,1651,40.6,50,8.099999999999966,7019.428017523866,2030.0,0
L,296.2,306.8,1389,63.3,132,10.600000000000023,9207.34833321443,8355.6,0
L,300.4,310.4,1486,56.3,48,10.0,8761.04320886995,2702.3999999999996,0
M,299.1,308.2,1435,55.2,45,9.099999999999966,8295.06124253849,2484.0,0
M,299.5,308.9,1448,52.9,74,9.399999999999977,8021.449466361842,3914.6,0
L,297.6,309.4,1958,32.1,108,11.799999999999955,6581.825104829832,3466.8,0
L,297.5,308.5,1446,51.9,32,11.0,7858.945350367154,1660.8,0
L,299.9,309.4,1858,32.5,22,9.5,6323.502412900655,715.0,0
L,301.7,310.1,2695,22.6,10,8.400000000000034,6378.166125073119,226.0,0
M,297.2,308.5,1364,64.0,43,11.300000000000011,9141.615742925818,2752.0,0
M,301.4,310.5,1563,49.9,83,9.100000000000023,8167.481164876208,4141.7,0
M,302.5,310.4,1581,42.7,181,7.899999999999977,7069.494532446576,7728.700000000001,0
M,298.0,307.6,1301,68.5,155,9.600000000000023,9332.4674966314,10617.5,0
L,298.0,307.7,1442,53.6,148,9.699999999999989,8093.915536904647,7932.8,0
L,297.8,309.2,1372,57.3,15,11.399999999999977,8232.606380585123,859.5,0
L,297.3,308.6,1297,55.9,184,11.300000000000011,7592.423101612108,10285.6,0
M,297.5,308.6,1255,70.7,77,11.100000000000023,9291.626792134732,5443.900000000001,0
L,301.7,310.5,1567,49.1,114,8.800000000000011,8057.1065429800865,5597.400000000001,0
H,298.6,309.7,1672,37.5,54,11.099999999999966,6565.928646002667,2025.0,0
M,298.2,308.9,1592,45.2,142,10.699999999999989,7535.466026802526,6418.400000000001,0
H,297.6,309.0,1354,65.6,46,11.399999999999977,9301.459977140466,3017.6,0
L,298.8,310.6,1803,35.4,209,11.800000000000011,6683.864034218428,7398.599999999999,0
M,302.5,310.4,1509,47.6,45,7.899999999999977,7521.85245863697,2142.0,0
L,298.2,308.4,1512,44.9,181,10.199999999999989,7109.298511367559,8126.9,0
L,298.9,309.6,1663,43.7,195,10.700000000000045,7610.309235786547,8521.5,0
L,300.7,310.4,1543,57.3,203,9.699999999999989,9258.681957174085,11631.9,0
L,303.4,312.7,1534,45.5,98,9.300000000000011,7309.124748086892,4459.0,0
L,299.3,309.3,1528,47.8,45,10.0,7648.563362331757,2151.0,0
L,300.3,310.6,1433,63.8,86,10.300000000000011,9574.045499716942,5486.8,0
L,300.9,311.5,1505,51.1,129,10.600000000000023,8053.525127354994,6591.900000000001,0
M,302.6,311.6,1518,49.0,184,9.0,7789.264825310533,9016.0,0
L,302.0,310.4,1464,57.2,159,8.399999999999977,8769.316069524404,9094.800000000001,0
L,300.1,310.1,1569,53.5,17,10.0,8790.33332437692,909.5,0
L,301.3,310.6,1426,50.7,54,9.300000000000011,7571.049799592185,2737.8,0
M,298.0,307.5,1431,62.9,92,9.5,9425.814686345064,5786.8,0
L,298.1,307.6,1354,53.3,155,9.5,7557.43623142663,8261.5,0
M,297.4,308.7,1798,33.0,135,11.300000000000011,6213.441950269893,4455.0,0
L,302.7,310.5,1351,51.8,10,7.800000000000011,7328.476958833006,518.0,1
M,300.1,311.4,1342,58.5,203,11.299999999999955,8221.23381517913,11875.5,0
L,302.2,310.8,1744,39.7,16,8.600000000000023,7250.460741268859,635.2,0
L,297.3,308.3,1471,48.2,37,11.0,7424.86102144514,1783.4,0
L,301.5,311.1,1426,62.1,121,9.600000000000023,9273.416026719424,7514.1,0
H,303.3,312.6,1692,39.0,125,9.300000000000011,6910.247200836108,4875.0,0
M,297.0,307.9,1882,34.2,97,10.899999999999977,6740.22420642383,3317.4,0
M,298.3,309.3,1376,67.0,198,11.0,9654.323663991674,13266.0,0
L,296.3,307.4,1472,49.9,51,11.099999999999966,7691.959228853345,2544.9,0
M,302.2,310.9,1771,37.6,54,8.699999999999989,6973.246605516097,2030.4,0
L,300.5,309.8,1345,72.7,153,9.300000000000011,10239.65473523301,11123.1,0
L,303.6,312.4,1363,63.1,7,8.799999999999955,9006.453954992874,441.7,0
M,299.7,310.3,1661,44.5,6,10.600000000000023,7740.308339792092,267.0,0
M,299.4,309.1,1461,58.6,70,9.700000000000045,8965.539946667624,4102.0,0
M,300.6,309.4,1452,49.4,78,8.799999999999955,7511.422371027052,3853.2,0
L,298.4,307.9,1446,55.3,23,9.5,8373.78955443745,1271.8999999999999,0
L,301.7,310.7,1532,49.8,92,9.0,7989.447109197274,4581.599999999999,0
M,300.2,310.4,1530,45.7,80,10.199999999999989,7322.109997721731,3656.0,0
L,303.5,311.6,1428,56.2,139,8.100000000000023,8404.137339471128,7811.8,0
L,298.1,308.2,1521,49.3,151,10.099999999999966,7852.442253574224,7444.299999999999,0
L,299.9,310.2,1288,79.6,62,10.300000000000011,10736.371949692093,4935.2,1
H,299.6,310.1,1531,46.8,62,10.5,7503.254230127718,2901.6,0
H,298.3,308.6,1432,59.5,91,10.300000000000011,8922.542015215491,5414.5,0
M,303.8,312.7,1919,30.2,131,8.899999999999977,6068.907744253737,3956.2,0
L,301.1,310.1,1417,56.9,35,9.0,8443.271111959344,1991.5,0
L,296.6,307.6,1671,38.8,108,11.0,6789.484379232116,4190.4,0
H,298.2,307.6,1460,58.6,204,9.400000000000034,8959.403369017611,11954.4,0
M,302.3,311.0,1578,43.5,158,8.699999999999989,7188.278150678805,6873.0,0
L,300.3,311.6,1560,47.7,107,11.300000000000011,7792.406417964123,5103.900000000001,0
M,301.8,310.9,1346,54.6,142,9.099999999999966,7696.022355351988,7753.2,0
L,299.3,310.5,1281,69.8,15,11.199999999999989,9363.391240318235,1047.0,0
L,297.8,307.3,1327,71.0,186,9.5,9866.381168108985,13206.0,1
M,301.3,311.1,1834,35.4,22,9.800000000000011,6798.783493486742,778.8,0
L,302.5,310.3,1551,47.3,168,7.800000000000011,7682.482091015015,7946.4,0
L,300.5,311.9,1576,41.1,149,11.399999999999977,6783.0755302187945,6123.900000000001,0
M,299.8,309.7,1556,47.7,124,9.899999999999977,7772.425888687293,5914.8,0
L,299.4,309.1,1464,50.5,215,9.700000000000045,7742.140935506686,10857.5,0
M,299.6,310.6,1633,44.2,151,11.0,7558.525316879875,6674.200000000001,0
H,297.7,308.2,1489,53.0,151,10.5,8264.168914778189,8003.0,0
L,300.3,311.7,1579,43.6,59,11.399999999999977,7209.368709359906,2572.4,0
L,299.8,309.6,1447,53.1,12,9.800000000000011,8046.215688447642,637.2,0
L,301.7,310.5,2465,23.7,149,8.800000000000011,6117.780453968084,3531.2999999999997,0
M,304.1,313.5,1587,43.6,108,9.399999999999977,7245.894959945642,4708.8,0
L,298.0,308.6,1313,60.8,170,10.600000000000023,8359.819939104487,10336.0,0
L,300.6,310.5,1470,47.7,98,9.899999999999977,7342.844509235423,4674.6,0
M,298.0,308.5,1682,43.0,58,10.5,7573.961008784512,2494.0,0
L,297.4,308.2,1419,60.0,52,10.800000000000011,8915.839950887832,3120.0,0
H,297.3,308.4,1864,33.1,90,11.099999999999966,6461.041339274816,2979.0,0
M,299.7,309.0,1465,59.0,158,9.300000000000011,9051.452033767791,9322.0,0
M,300.3,309.9,1494,48.5,33,9.599999999999966,7587.888736215427,1600.5,0
H,302.0,309.9,1735,37.2,192,7.899999999999977,6758.822434933081,7142.400000000001,0
L,302.3,311.2,1633,46.4,114,8.899999999999977,7934.741509122764,5289.599999999999,0
L,301.1,312.2,1397,64.9,81,11.099999999999966,9494.44801385049,5256.900000000001,0
L,298.1,307.9,1517,50.8,50,9.799999999999955,8070.081320639411,2540.0,0
L,296.9,307.9,1359,66.5,110,11.0,9463.890789306572,7315.0,0
M,301.3,311.5,1648,42.4,0,10.199999999999989,7317.31383293725,0.0,0
H,300.9,312.0,1397,52.7,212,11.100000000000023,7709.66733944408,11172.400000000001,0
H,302.1,310.9,1452,52.5,198,8.799999999999955,7982.786932771664,10395.0,0
M,302.5,310.3,1710,37.3,186,7.800000000000011,6679.340140797258,6937.799999999999,0
L,302.7,312.4,1360,57.8,11,9.699999999999989,8231.810510446216,635.8,0
L,301.6,310.6,1834,33.5,146,9.0,6433.877034796777,4891.0,0
M,301.1,311.2,1591,45.0,208,10.099999999999966,7497.410867792041,9360.0,0
L,299.5,309.3,1523,51.5,181,9.800000000000011,8213.641632932953,9321.5,0
M,298.9,309.3,1581,40.7,65,10.400000000000034,6738.370666758212,2645.5,0
L,297.3,308.7,1556,46.7,114,11.399999999999977,7609.481949721102,5323.8,0
L,302.6,312.0,1781,38.5,196,9.399999999999977,7180.476528922391,7546.0,0
L,296.8,308.0,1666,39.8,41,11.199999999999989,6943.631858768255,1631.8,0
L,298.7,309.9,1593,52.5,146,11.199999999999989,8757.974920044946,7665.0,0
M,301.7,311.1,1489,51.4,108,9.400000000000034,8014.684570181112,5551.2,0
L,300.4,310.0,1282,76.1,40,9.600000000000023,10216.48025342503,3044.0,0
L,301.7,310.8,1493,57.6,145,9.100000000000023,9005.563837074358,8352.0,0
M,302.1,311.0,1351,70.3,207,8.899999999999977,9945.790158416223,14552.099999999999,1
L,300.5,310.5,2633,22.2,17,10.0,6121.141958107424,377.4,1
M,299.7,310.6,1572,48.0,139,10.900000000000034,7901.733842309047,6672.0,0
M,298.1,307.7,1419,57.4,142,9.599999999999966,8529.48688634936,8150.8,0
L,297.1,308.3,1773,33.8,169,11.199999999999989,6275.582652957898,5712.2,0
H,298.8,309.8,1490,45.9,171,11.0,7161.888772388651,7848.9,0
M,301.8,309.5,1732,40.1,220,7.699999999999989,7273.122096276753,8822.0,0
L,301.7,311.2,1521,46.7,130,9.5,7438.3175099780165,6071.0,0
L,298.2,307.8,1528,41.1,194,9.600000000000023,6576.484397318729,7973.400000000001,0
M,300.7,311.7,1701,40.8,44,11.0,7267.6347811084825,1795.1999999999998,0
L,299.3,309.1,1470,51.1,118,9.800000000000011,7866.2338453234825,6029.8,0
L,300.7,312.4,1470,48.6,56,11.699999999999989,7481.388745258733,2721.6,0
L,301.1,312.3,1682,39.7,83,11.199999999999989,6992.7035360173295,3295.1000000000004,0
L,299.2,308.4,1509,49.4,0,9.199999999999989,7806.292257492988,0.0,0
L,304.1,313.2,1412,57.5,150,9.099999999999966,8502.196918165177,8625.0,0
L,300.3,309.3,1345,63.5,192,9.0,8943.852485382342,12192.0,0
L,298.8,309.1,1477,52.4,158,10.300000000000011,8104.764503535044,8279.199999999999,0
L,302.2,311.3,1530,47.3,207,9.100000000000023,7578.463958254658,9791.099999999999,1
L,299.7,310.4,1614,46.2,108,10.699999999999989,7808.617036056646,4989.6,0
L,302.4,310.9,1349,56.1,148,8.5,7925.075875725221,8302.800000000001,1
M,297.3,308.3,1657,41.1,8,11.0,7131.698066987653,328.8,0
L,298.5,309.7,1634,47.8,78,11.199999999999989,8179.15741757205,3728.3999999999996,0
M,302.7,311.1,1297,70.7,125,8.400000000000034,9602.58163298705,8837.5,1
M,302.9,311.1,1926,31.8,58,8.200000000000045,6413.749897862778,1844.4,0
L,299.3,308.6,1314,58.2,65,9.300000000000011,8008.422328824957,3783.0,0
M,296.4,307.5,1684,41.4,72,11.100000000000023,7300.809999530391,2980.7999999999997,0
H,299.4,309.3,1534,47.5,39,9.900000000000034,7630.404956794009,1852.5,0
L,301.4,310.8,1362,63.2,4,9.400000000000034,9014.108969092122,252.8,0
M,303.9,312.7,1485,53.3,174,8.800000000000011,8288.62097759863,9274.199999999999,0
L,303.9,313.1,1491,47.2,195,9.200000000000045,7369.67371049708,9204.0,0
L,301.1,310.1,1564,46.8,7,9.0,7664.9834199345205,327.59999999999997,0
H,298.8,308.6,1524,47.7,170,9.800000000000011,7612.581654472643,8109.000000000001,0
L,298.1,308.2,1654,42.1,25,10.099999999999966,7291.992596149317,1052.5,0
L,300.9,310.9,1228,76.4,109,10.0,9824.723649522384,8327.6,0
M,298.8,308.6,1598,45.1,52,9.800000000000011,7547.1318075228555,2345.2000000000003,0
L,302.3,311.0,1428,57.9,174,8.699999999999989,8658.355016999612,10074.6,0
L,300.3,310.2,1492,62.3,2,9.899999999999977,9733.868789980566,124.6,0
L,297.6,308.6,1576,42.7,83,11.0,7047.136864728529,3544.1000000000004,0
M,301.1,312.3,1852,35.9,131,11.199999999999989,6962.481414689795,4702.9,0
L,298.2,309.0,1489,50.6,89,10.800000000000011,7889.942397882574,4503.400000000001,0
L,302.8,310.6,1470,51.1,205,7.800000000000011,7866.2338453234825,10475.5,0
M,297.5,309.5,1553,52.4,60,12.0,8521.800456323577,3144.0,0
M,296.8,307.4,1472,53.9,30,10.599999999999966,8308.549146997902,1617.0,0
L,302.0,310.7,1657,41.9,37,8.699999999999989,7270.514574374274,1550.3,0
M,301.2,310.7,1527,51.1,53,9.5,8171.2510760605155,2708.3,0
L,300.3,309.5,1474,48.7,35,9.199999999999989,7517.181957558633,1704.5,0
L,297.9,307.8,1286,69.5,55,9.900000000000034,9359.53755332983,3822.5,0
L,298.8,309.9,1739,40.6,83,11.099999999999966,7393.570758615388,3369.8,0
L,299.4,310.7,1551,51.2,3,11.300000000000011,8315.921417758327,153.60000000000002,0
L,296.3,307.4,1648,44.0,60,11.099999999999966,7593.438883236769,2640.0,0
L,301.5,310.6,1481,56.8,20,9.100000000000023,8809.109576469875,1136.0,0
L,301.4,311.1,1462,47.1,41,9.700000000000045,7211.023281490795,1931.1000000000001,0
L,298.2,308.3,1805,41.6,96,10.100000000000023,7863.196972425012,3993.6000000000004,0
L,300.5,310.6,1543,46.2,30,10.100000000000023,7465.115295313139,1386.0,0
L,301.7,311.2,1589,47.9,75,9.5,7970.545193398175,3592.5,0
M,297.3,308.3,1544,51.7,6,11.0,8359.233508475818,310.20000000000005,0
M,301.7,310.1,1644,44.6,5,8.400000000000034,7678.303772785742,223.0,0
H,298.8,308.8,1445,59.9,4,10.0,9064.070764259712,239.6,0
H,300.2,309.9,1906,32.9,165,9.699999999999989,6566.703572190552,5428.5,0
L,298.0,308.5,1404,56.6,201,10.5,8321.701948240932,11376.6,0
H,300.5,309.5,1635,44.2,62,9.0,7567.782543232453,2740.4,0
L,298.4,309.6,1710,37.3,163,11.200000000000045,6679.340140797258,6079.9,1
M,302.3,311.5,1530,52.3,21,9.199999999999989,8379.570084920055,1098.3,0
L,300.4,310.1,1503,52.2,196,9.700000000000045,8215.955939521098,10231.2,0
M,300.7,311.3,1487,49.8,50,10.600000000000023,7754.770137974116,2490.0,0
L,297.4,308.6,1488,46.4,71,11.200000000000045,7230.186996677693,3294.4,0
L,303.9,312.6,1426,63.4,172,8.700000000000045,9467.545508760248,10904.8,0
L,299.3,310.6,1480,55.1,107,11.300000000000011,8539.686590498015,5895.7,0
L,301.4,310.6,2137,28.0,99,9.200000000000045,6266.011267339962,2772.0,0
L,297.4,308.6,1476,52.3,107,11.200000000000045,8083.820552511112,5596.099999999999,0
M,299.5,310.8,1754,41.3,114,11.300000000000011,7585.920004819177,4708.2,0
M,295.4,305.9,1518,50.6,178,10.5,8043.608166545163,9006.800000000001,0
L,301.0,311.3,1342,60.9,60,10.300000000000011,8558.51520246853,3654.0,0
L,304.4,313.6,1568,49.1,0,9.200000000000045,8062.248282956462,0.0,0
L,302.0,310.5,1978,32.0,106,8.5,6628.341620053984,3392.0,0
M,300.7,309.6,1439,53.0,61,8.900000000000034,7986.661563711092,3233.0,0
M,297.2,308.4,1378,51.9,97,11.199999999999989,7489.368390598851,5034.3,0
H,301.2,310.9,1598,45.9,71,9.699999999999989,7681.0055424678285,3258.9,0
M,298.8,310.5,1678,42.8,4,11.699999999999989,7520.805261085772,171.2,0
H,298.8,310.0,1530,48.3,53,11.199999999999989,7738.685183587737,2559.8999999999996,0
L,299.9,310.9,1292,61.1,173,11.0,8266.703132852084,10570.300000000001,0
M,301.9,311.4,1465,49.9,153,9.5,7655.380618390048,7634.7,0
L,300.8,312.5,1423,57.3,123,11.699999999999989,8538.628920971305,7047.9,0
M,298.6,310.1,1458,51.9,61,11.5,7924.164813855678,3165.9,0
M,303.9,313.2,1570,50.7,74,9.300000000000011,8335.587787769799,3751.8,0
L,298.9,310.1,1394,52.7,179,11.200000000000045,7693.111146159661,9433.300000000001,0
L,300.8,312.0,1477,47.3,164,11.199999999999989,7315.942004145181,7757.2,0
L,300.1,311.3,1470,55.2,40,11.199999999999989,8497.379809429673,2208.0,0
L,300.1,310.5,1627,39.2,95,10.399999999999977,6678.858429923708,3724.0000000000005,0
L,298.7,310.1,1641,41.1,49,11.400000000000034,7062.834356020965,2013.9,0
L,302.1,311.0,1586,45.1,142,8.899999999999977,7490.457476052096,6404.2,0
L,298.3,309.2,1562,47.6,137,10.899999999999977,7786.039456852847,6521.2,0
M,298.7,309.4,1375,58.3,157,10.699999999999989,8394.597369779725,9153.1,0
H,297.5,308.8,1824,34.0,179,11.300000000000011,6494.30033350082,6086.0,0
L,299.1,308.3,1524,44.1,128,9.199999999999989,7038.047189984142,5644.8,0
L,301.2,310.4,1390,59.9,74,9.199999999999989,8719.071531017991,4432.599999999999,0
M,300.3,309.6,1524,48.4,54,9.300000000000011,7724.296689234295,2613.6,0
L,303.3,311.3,1350,58.1,32,8.0,8213.693992810513,1859.2,1
L,298.6,309.4,1667,45.6,185,10.799999999999955,7960.293129371961,8436.0,0
L,302.6,310.3,1479,50.4,105,7.699999999999989,7805.97809822763,5292.0,0
M,299.2,308.5,1526,47.3,135,9.300000000000011,7558.650980586019,6385.5,0
M,299.4,308.6,1541,49.1,109,9.200000000000045,7923.421303594329,5351.900000000001,0
L,301.4,310.7,1376,60.6,25,9.300000000000011,8732.119612505901,1515.0,0
L,302.5,310.4,1349,65.1,187,7.899999999999977,9196.478422633008,12173.699999999999,1
L,300.6,312.2,1308,64.7,52,11.599999999999966,8862.181548364519,3364.4,0
M,303.3,311.8,1536,50.6,205,8.5,8138.986919508149,10373.0,0
L,296.8,307.6,1588,47.6,126,10.800000000000011,7915.640625788938,5997.6,0
M,298.7,310.0,1459,50.2,69,11.300000000000011,7669.863360523097,3463.8,0
H,298.6,309.4,1362,55.3,56,10.799999999999955,7887.345347955606,3096.7999999999997,0
L,297.2,308.7,1463,59.9,146,11.5,9176.979604229728,8745.4,0
L,300.6,311.7,1556,44.9,76,11.099999999999966,7316.182859581957,3412.4,0
M,300.7,310.6,1349,64.5,19,9.900000000000034,9111.718252839157,1225.5,0
L,298.0,307.7,1606,40.8,17,9.699999999999989,6861.741010264682,693.5999999999999,0
L,300.5,311.6,1534,47.7,90,11.100000000000023,7662.53297766472,4293.0,0
M,300.4,309.7,1685,42.3,167,9.300000000000011,7463.95290603131,7064.099999999999,0
L,295.8,306.4,1399,57.6,84,10.599999999999966,8438.569194954473,4838.400000000001,0
L,301.1,310.2,1657,44.1,52,9.099999999999966,7652.259969687481,2293.2000000000003,0
L,301.0,311.0,1634,41.2,182,10.0,7049.817690459591,7498.400000000001,0
M,295.7,306.3,1347,60.4,46,10.600000000000023,8519.873612829375,2778.4,0
L,300.4,309.8,1549,48.9,150,9.400000000000034,7932.11304326926,7335.0,0
M,300.0,311.4,1537,45.4,120,11.399999999999977,7307.323568298835,5448.0,0
L,300.2,309.8,1557,43.8,19,9.600000000000023,7141.531251993389,832.1999999999999,0
L,298.9,308.7,1356,60.7,185,9.800000000000011,8619.3992680951,11229.5,0
M,302.2,311.4,1372,65.1,9,9.199999999999989,9353.275311973675,585.9,0
M,298.4,308.2,1463,47.6,188,9.800000000000011,7292.558082826963,8948.800000000001,0
L,303.9,312.7,1602,43.9,165,8.800000000000011,7364.709994104408,7243.5,0
H,297.9,307.5,1880,33.3,146,9.600000000000023,6555.875549511179,4861.799999999999,0
H,300.9,312.0,2129,27.8,173,11.100000000000023,6197.964370463207,4809.400000000001,0
M,301.4,310.0,1689,42.1,207,8.600000000000023,7446.297155318136,8714.7,0
M,298.9,309.9,1449,54.1,112,11.0,8209.075851609738,6059.2,0
H,303.4,312.2,1554,46.8,85,8.800000000000011,7615.97457453852,3977.9999999999995,0
L,301.1,310.6,1417,57.6,10,9.5,8547.142637062534,576.0,0
L,296.1,307.1,1898,32.7,20,11.0,6499.389713599636,654.0,0
L,298.5,308.1,1662,38.6,48,9.600000000000023,6718.1073941425575,1852.8000000000002,0
L,302.6,312.1,1782,36.8,198,9.5,6867.270213334999,7286.4,0
L,297.4,308.2,1471,56.5,25,10.800000000000011,8703.415927627602,1412.5,0
L,298.3,308.0,1578,47.8,101,9.699999999999989,7898.843577067744,4827.799999999999,0
H,296.9,307.8,1549,47.8,104,10.900000000000034,7753.681052520872,4971.2,0
M,300.9,310.5,1702,39.3,32,9.600000000000023,7004.557812296874,1257.6,0
L,300.2,311.5,1492,51.8,128,11.300000000000011,8093.329106275976,6630.4,0
L,302.1,311.5,1444,54.9,97,9.399999999999977,8301.721418964098,5325.3,0
L,299.6,309.1,1369,61.4,164,9.5,8802.386568191192,10069.6,0
M,302.2,310.6,1355,61.5,126,8.400000000000034,8726.558993509047,7749.0,1
M,298.0,308.2,2090,29.0,143,10.199999999999989,6347.064357802578,4147.0,0
L,302.6,311.6,1453,47.0,135,9.0,7151.416796876685,6345.0,0
M,300.3,311.1,1477,54.2,166,10.800000000000011,8383.172444496173,8997.2,0
L,300.3,310.4,1336,64.4,52,10.099999999999966,9009.920178887336,3348.8,0
M,297.5,309.4,1678,44.4,148,11.899999999999977,7801.9568596310355,6571.2,0
L,300.5,311.5,1499,47.6,73,11.0,7472.005855200013,3474.8,0
L,300.7,310.2,1387,60.6,83,9.5,8801.925801268666,5029.8,0
L,303.0,311.3,1365,66.2,146,8.300000000000011,9462.791231877816,9665.2,1
L,300.0,309.4,2010,30.0,55,9.399999999999977,6314.601233715483,1650.0,0
L,297.9,307.5,1602,48.3,21,9.600000000000023,8102.858603991865,1014.3,0
M,301.7,310.0,1391,60.6,195,8.300000000000011,8827.309869909674,11817.0,0
L,296.9,307.9,1626,39.9,177,11.0,6793.945440800214,7062.3,0
L,300.7,309.5,1479,53.6,240,8.800000000000011,8301.595755257957,12864.0,0
L,300.7,310.5,1357,62.6,199,9.800000000000011,8895.754701855882,12457.4,0
L,303.0,312.7,1551,51.8,111,9.699999999999989,8413.373621872679,5749.799999999999,0
L,298.9,308.7,1433,54.7,108,9.800000000000011,8208.468477030043,5907.6,0
L,299.8,309.1,1612,45.4,205,9.300000000000011,7663.894334481276,9307.0,0
L,299.7,309.3,1434,48.5,127,9.600000000000023,7283.154248817217,6159.5,0
L,300.6,310.5,1570,48.3,14,9.899999999999977,7941.00375047892,676.1999999999999,0
L,300.2,309.4,1527,47.0,194,9.199999999999989,7515.632105182862,9118.0,0
M,299.7,309.1,1352,56.1,102,9.400000000000034,7942.700210511858,5722.2,0
M,298.7,309.6,1686,36.2,189,10.900000000000034,6391.381758169219,6841.8,0
H,300.4,311.4,1445,62.4,105,11.0,9442.370879629481,6552.0,0
M,301.8,310.7,1309,53.3,68,8.899999999999977,7306.265898772126,3624.3999999999996,0
L,300.4,311.8,1272,69.2,198,11.400000000000034,9217.684173044741,13701.6,1
M,297.1,307.9,1662,36.9,183,10.799999999999955,6422.23219802747,6752.7,0
M,297.5,309.4,1433,58.3,139,11.899999999999977,8748.696749741343,8103.7,0
H,300.7,309.5,2007,29.7,2,8.800000000000011,6242.1246911971675,59.4,0
L,301.5,311.1,1469,59.5,107,9.600000000000023,9153.082556111422,6366.5,0
L,299.0,308.6,1429,47.7,126,9.600000000000023,7138.044084147905,6010.200000000001,0
L,304.0,313.2,1314,57.1,144,9.199999999999989,7857.060394775001,8222.4,0
L,303.0,311.0,1359,54.2,115,8.0,7713.426778652875,6233.0,1
M,302.7,312.0,1944,31.4,71,9.300000000000011,6392.261404112223,2229.4,0
L,297.1,307.8,1536,50.4,92,10.699999999999989,8106.817010735388,4636.8,0
H,298.0,307.6,1593,42.2,118,9.600000000000023,7039.743650017081,4979.6,0
M,302.4,311.9,1398,60.1,188,9.5,8798.53288120279,11298.800000000001,0
H,301.5,310.9,1524,50.4,124,9.399999999999977,8043.482502839018,6249.599999999999,0
H,298.8,309.6,1516,50.2,152,10.800000000000011,7969.508467822491,7630.400000000001,0
M,298.0,308.7,1494,52.6,96,10.699999999999989,8229.339124225391,5049.6,0
L,300.8,310.8,1634,39.2,149,10.0,6707.593530728544,5840.8,0
L,303.1,311.2,1394,55.3,144,8.099999999999966,8072.657426615356,7963.2,0
L,301.3,310.7,1761,34.3,174,9.399999999999977,6325.314064664225,5968.2,0
L,297.9,309.4,1558,45.7,39,11.5,7456.109396372848,1782.3000000000002,0
M,299.8,309.2,1372,68.2,65,9.399999999999977,9798.669374448613,4433.0,0
M,302.2,311.2,1471,51.9,166,9.0,7994.819232634913,8615.4,0
L,301.0,311.5,1559,41.8,195,10.5,6824.188506078772,8150.999999999999,0
M,296.7,307.5,1515,52.1,55,10.800000000000011,8265.687351227425,2865.5,0
L,298.1,307.7,1289,58.3,42,9.599999999999966,7869.553461560776,2448.6,0
M,298.1,307.7,1424,57.7,103,9.599999999999966,8604.27773545582,5943.1,0
L,300.9,310.8,1708,39.1,14,9.900000000000034,6993.478462205215,547.4,0
L,298.4,308.0,1540,47.8,7,9.600000000000023,7708.630613868395,334.59999999999997,0
L,300.4,309.5,1349,60.4,30,9.100000000000023,8532.52375924783,1812.0,0
L,302.6,312.3,1647,41.8,52,9.699999999999989,7209.389653310928,2173.6,0
M,301.6,310.4,1377,54.9,161,8.799999999999955,7916.530743707455,8838.9,0
L,301.5,310.5,1593,42.9,155,9.0,7156.516648951012,6649.5,0
L,298.0,307.5,1618,45.2,31,9.5,7658.53268301915,1401.2,0
L,298.4,308.3,1422,52.7,186,9.900000000000034,7847.635616814232,9802.2,0
L,298.1,308.1,1484,50.4,59,10.0,7832.367476517784,2973.6,0
M,302.4,310.1,1379,58.9,107,7.7000000000000455,8505.663142059637,6302.3,1
L,301.4,311.3,2323,25.9,50,9.900000000000034,6300.537370602913,1295.0,0
L,301.8,309.6,1432,53.7,138,7.800000000000011,8052.781617093646,7410.6,0
L,301.0,310.9,1479,54.3,194,9.899999999999977,8410.01211773334,10534.199999999999,0
L,300.8,309.9,1312,75.3,192,9.099999999999966,10345.641599389619,14457.599999999999,1
H,298.2,309.0,1524,49.1,100,10.800000000000011,7836.01172399595,4910.0,0
L,300.3,311.8,1488,48.4,51,11.5,7541.8329879138,2468.4,0
L,299.4,309.3,1377,53.6,28,9.900000000000034,7729.071910067752,1500.8,0
L,302.9,312.2,1571,50.6,139,9.300000000000011,8324.445605825067,7033.400000000001,0
L,301.8,310.0,1642,42.6,201,8.199999999999989,7325.063094816104,8562.6,0
L,298.2,308.8,1666,41.5,30,10.600000000000023,7240.219149218156,1245.0,0
L,301.2,312.4,1480,63.5,97,11.199999999999989,9841.562586145625,6159.5,0
L,297.7,307.2,1668,42.7,31,9.5,7458.5179507406,1323.7,0
L,297.5,308.4,1440,45.9,13,10.899999999999977,6921.556934389032,596.6999999999999,0
H,299.8,310.9,1427,57.2,168,11.099999999999966,8547.687179789158,9609.6,0
M,301.5,310.6,1447,51.9,140,9.100000000000023,7864.380305657865,7266.0,0
L,297.8,309.8,1533,46.8,198,12.0,7513.0559992069175,9266.4,0
H,301.2,310.7,1656,36.2,64,9.5,6277.656104109268,2316.8,0
M,298.2,308.8,1607,41.9,39,10.600000000000023,7051.126687398587,1634.1,0
L,298.0,308.7,1506,57.0,208,10.699999999999989,8989.353218981834,11856.0,0
H,300.3,311.8,2141,28.5,204,11.5,6389.8423777689595,5814.0,0
L,298.4,308.9,1628,44.9,93,10.5,7654.720883932793,4175.7,0
H,299.0,310.1,1432,60.0,45,11.100000000000023,8997.521359881168,2700.0,0
H,303.0,312.5,1698,40.0,89,9.5,7112.565767727291,3560.0,0
L,297.2,308.5,1574,45.8,95,11.300000000000011,7549.163370772177,4351.0,0
L,298.7,310.2,1363,55.5,28,11.5,7921.682955659342,1554.0,0
L,298.6,309.7,1356,64.0,6,11.099999999999966,9087.999228304554,384.0,0
L,298.3,309.2,1383,62.1,26,10.899999999999977,8993.782864623396,1614.6000000000001,0
L,298.2,307.5,1470,61.3,180,9.300000000000011,9436.40185358766,11034.0,0
L,298.1,307.6,1460,56.5,143,9.5,8638.332599820735,8079.5,0
L,301.1,311.7,1408,56.3,135,10.599999999999966,8301.176876237478,7600.5,0
H,299.9,310.1,1447,61.4,185,10.200000000000045,9303.910419410267,11359.0,0
L,301.0,311.5,1444,49.8,197,10.5,7530.523254360877,9810.599999999999,0
L,298.7,309.6,1516,48.5,61,10.900000000000034,7699.624714928104,2958.5,0
L,298.8,308.4,1737,37.7,130,9.599999999999966,6857.562692035408,4901.0,0
L,302.3,311.9,1434,61.9,173,9.599999999999966,9295.407175294551,10708.699999999999,0
L,297.2,308.1,1662,41.3,0,10.900000000000034,7188.026823266518,0.0,0
M,302.7,312.4,1422,54.5,49,9.699999999999989,8115.676302018513,2670.5,0
L,300.3,311.8,1746,36.3,187,11.5,6637.117135533012,6788.099999999999,0
L,297.2,308.1,1474,54.3,152,10.900000000000034,8381.580704218351,8253.6,0
H,298.8,310.5,1294,65.8,202,11.699999999999989,8916.384493614454,13291.599999999999,0
L,301.3,311.0,1576,40.4,151,9.699999999999989,6667.5486963707845,6100.4,0
H,298.1,309.5,1530,50.2,65,11.399999999999977,8043.105511720588,3263.0,0
M,298.3,308.4,1486,54.2,196,10.099999999999966,8434.25474104354,10623.2,0
L,300.8,310.5,1482,49.0,47,9.699999999999989,7604.539177279453,2303.0,0
L,301.4,310.6,1557,48.2,157,9.200000000000045,7858.945350367155,7567.400000000001,0
L,300.0,311.3,1520,49.2,43,11.300000000000011,7831.3621668686355,2115.6,0
L,299.7,309.4,1399,49.9,91,9.699999999999989,7310.496576878959,4540.9,0
M,300.8,311.4,1852,32.2,53,10.599999999999966,6244.8997647078395,1706.6000000000001,0
L,300.9,312.7,1416,53.8,112,11.800000000000011,7977.634720819777,6025.599999999999,0
L,302.7,312.4,1423,61.9,60,9.699999999999989,9224.103494033574,3714.0,0
L,297.9,308.6,1757,37.5,118,10.700000000000045,6899.722865446583,4425.0,0
L,298.4,308.9,1496,47.9,194,10.5,7504.050100266627,9292.6,0
H,303.9,313.2,1680,39.1,201,9.300000000000011,6878.831274300211,7859.1,0
M,301.5,310.6,1638,41.9,137,9.100000000000023,7187.147177323513,5740.3,0
M,303.4,311.5,1560,46.4,114,8.100000000000023,7580.034754581453,5289.599999999999,0
H,301.7,310.1,1462,48.3,49,8.400000000000034,7394.7436198727255,2366.7,0
M,296.9,308.0,1641,43.3,67,11.100000000000023,7440.893615953959,2901.1,0
M,298.9,308.9,1750,39.9,50,10.0,7312.056901230243,1995.0,0
M,302.3,310.1,1731,43.4,112,7.800000000000011,7867.1134912664875,4860.8,0
L,298.3,309.4,1378,62.3,12,11.099999999999966,8990.128145169718,747.5999999999999,0
L,300.2,310.2,1378,53.9,193,10.0,7777.976035708633,10402.699999999999,0
L,302.6,312.1,1344,61.0,206,9.5,8585.344403730187,12566.0,0
M,301.1,311.1,1615,47.7,153,10.0,8067.13869552055,7298.1,0
L,299.6,309.0,1472,58.8,72,9.399999999999977,9063.871796724983,4233.599999999999,0
M,301.3,310.0,1696,42.4,202,8.699999999999989,7530.439478556781,8564.8,0
H,298.9,310.2,1771,36.8,216,11.300000000000011,6824.879656462562,7948.799999999999,0
L,302.3,311.6,1784,36.4,79,9.300000000000011,6800.249570058418,2875.6,0
L,303.8,312.6,1793,38.1,170,8.800000000000011,7153.752047415854,6477.0,0
M,299.6,309.4,1642,40.3,80,9.799999999999955,6929.578467631197,3224.0,0
M,302.2,311.3,1658,41.0,2,9.100000000000023,7118.639513524232,82.0,0
L,301.5,310.7,1423,54.0,222,9.199999999999989,8046.8754229048955,11988.0,0
M,300.1,311.3,1518,50.2,130,11.199999999999989,7980.022331236505,6526.0,0
L,302.0,310.8,1454,46.6,0,8.800000000000011,7095.433615789716,0.0,0
L,302.6,311.0,1660,48.0,99,8.399999999999977,8344.07008793449,4752.0,0
L,303.4,311.9,1377,51.6,34,8.5,7440.673704468209,1754.4,1
M,297.3,308.1,1369,62.0,214,10.800000000000011,8888.403375046482,13268.0,0
M,300.0,311.4,1352,71.8,10,11.399999999999977,10165.523620583803,718.0,0
M,298.9,309.6,1472,56.0,199,10.700000000000045,8632.258854023794,11144.0,0
L,297.5,309.4,1803,34.7,98,11.899999999999977,6551.697231281906,3400.6000000000004,0
L,302.2,310.6,1462,53.6,0,8.400000000000034,8206.175114392921,0.0,0
L,298.9,309.9,1500,54.2,115,11.0,8513.71609122834,6233.0,0
L,301.0,310.9,1740,38.9,129,9.899999999999977,7088.061345029291,5018.099999999999,0
M,304.0,313.2,1437,63.9,7,9.199999999999989,9615.818210034175,447.3,0
L,302.3,310.9,1596,43.5,104,8.599999999999966,7270.273718937499,4524.0,0
H,300.4,311.3,2026,30.3,26,10.900000000000034,6428.51538333465,787.8000000000001,0
M,302.5,311.0,1387,62.1,116,8.5,9019.795251795118,7203.6,0
M,299.7,309.6,1477,52.7,163,9.900000000000034,8151.165827028566,8590.1,0
L,300.3,310.3,2158,26.8,32,10.0,6056.404205492451,857.6,0
L,301.5,310.5,1466,58.1,189,9.0,8919.463254414974,10980.9,0
M,299.2,308.2,1674,38.2,14,9.0,6696.493236685859,534.8000000000001,0
H,297.6,308.6,1480,49.8,19,11.0,7718.264831339404,946.1999999999999,0
H,297.4,308.7,1726,36.8,158,11.300000000000011,6651.463741984405,5814.4,0
L,299.4,309.3,1401,69.0,38,9.900000000000034,10123.15400766239,2622.0,0
L,298.4,309.7,1518,49.8,165,11.300000000000011,7916.436495927847,8217.0,0
L,297.2,308.5,1513,52.9,212,11.300000000000011,8381.528344340792,11214.8,0
L,298.0,308.3,1362,66.8,216,10.300000000000011,9527.570872394836,14428.8,1
M,295.6,306.1,1651,38.1,110,10.5,6587.197228267471,4191.0,0
H,296.4,307.5,1596,45.1,75,11.100000000000023,7537.6860856110625,3382.5,0
M,298.1,308.5,1372,61.1,116,10.399999999999977,8778.573295876982,7087.6,0
L,304.2,313.3,1668,45.7,180,9.100000000000023,7982.535605359378,8226.0,0
H,298.6,308.3,1377,62.1,181,9.699999999999989,8954.76428386581,11240.1,0
L,297.4,308.7,1638,41.9,131,11.300000000000011,7187.147177323513,5488.9,0
M,303.7,312.9,1406,51.9,48,9.199999999999989,7641.54713873874,2491.2,0
M,299.0,308.9,1449,49.6,105,9.899999999999977,7526.250688351996,5208.0,0
L,301.9,310.4,1884,33.4,163,8.5,6589.553422757663,5444.2,0
M,300.9,309.9,1465,52.9,209,9.0,8115.623942140953,11056.1,0
L,302.6,312.4,1628,43.0,15,9.799999999999955,7330.801737396662,645.0,0
L,299.6,310.9,1472,50.9,137,11.299999999999955,7846.106708389484,6973.3,0
M,301.1,310.6,1310,58.8,103,9.5,8066.353297357153,6056.4,0
L,301.9,309.6,1446,53.2,225,7.7000000000000455,8055.797546041091,11970.0,0
L,300.9,310.7,1740,35.3,164,9.800000000000011,6432.096798959741,5789.2,0
M,297.3,308.3,1501,48.2,2,11.0,7576.285787348168,96.4,0
L,296.5,307.5,1566,45.1,206,11.0,7396.000256934163,9290.6,0
L,298.9,308.6,1771,34.1,213,9.700000000000045,6324.141203406885,7263.3,0
H,297.7,307.6,1538,48.3,63,9.900000000000034,7779.148896965973,3042.8999999999996,0
M,297.0,307.7,1498,57.1,199,10.699999999999989,8957.288029964195,11362.9,0
L,300.0,309.3,1395,66.5,122,9.300000000000011,9714.589883063038,8113.0,0
L,300.8,310.7,1633,37.8,0,9.899999999999977,6464.0782121732855,0.0,0
L,299.1,308.2,1319,70.3,36,9.099999999999966,9710.212597299036,2530.7999999999997,0
H,297.7,309.3,1400,58.9,147,11.600000000000023,8635.191007167145,8658.3,0
L,301.1,311.7,1816,34.5,7,10.599999999999966,6560.9020977569235,241.5,0
L,301.3,310.6,1436,54.2,76,9.300000000000011,8150.4642046692625,4119.2,0
L,298.3,308.8,1454,59.0,166,10.5,8983.488912695133,9794.0,0
M,302.6,310.5,1542,49.9,184,7.899999999999977,8057.745333486317,9181.6,0
L,297.1,308.5,1425,50.0,35,11.399999999999977,7461.2825522757585,1750.0,0
