Type,Air temperature [K],Process temperature [K],Rotational speed [rpm],Torque [Nm],Tool wear [min],Temp_Diff,Power,Wear_Load,Machine failure
M,302.5,312.0,1472.0,50.975,175,9.5,7857.667769354694,8920.625,0
L,300.3,309.3,1456.25,39.425,180,9.0,6012.239303269203,7096.499999999999,0
M,301.7,310.5,1886.75,28.049999999999997,171,8.800000000000011,5542.118943115106,4796.549999999999,0
M,301.7,310.6,1829.0,18.775,105,8.900000000000034,3596.021412937678,1971.3749999999998,0
L,298.8,309.9,1538.5,39.775000000000006,77,11.099999999999966,6408.203677832254,3062.6750000000006,0
L,299.1,310.1,1347.75,42.400000000000006,185,11.0,5984.16851841091,7844.000000000001,0
L,299.1,310.5,1718.75,33.125,174,11.399999999999977,5962.071995582191,5763.75,0
L,298.2,309.1,1615.5,31.900000000000006,199,10.900000000000034,5396.674984226352,6348.100000000001,0
M,301.7,310.6,2152.75,8.975000000000001,99,8.900000000000034,2023.283189183782,888.5250000000001,0
H,295.7,306.2,1421.25,57.449999999999996,151,10.5,8550.453090321254,8674.949999999999,0
L,296.9,308.0,1867.5,21.575,13,11.100000000000023,4219.296378449687,280.47499999999997,0
L,299.1,308.3,1475.5,36.975,32,9.199999999999989,5713.15510115817,1183.2,0
L,300.4,311.9,1452.75,55.525000000000006,189,11.5,8447.10843648601,10494.225,0
L,298.4,309.1,2016.25,22.1,81,10.700000000000045,4666.220658346309,1790.1000000000001,0
L,303.5,312.2,1514.0,35.225,27,8.699999999999989,5584.772608372284,951.075,0
L,301.0,311.7,1577.0,30.674999999999997,152,10.699999999999989,5065.763176042104,4662.599999999999,0
H,300.9,310.4,1419.5,46.949999999999996,69,9.5,6979.103057821162,3239.5499999999997,0
L,300.1,311.2,1475.5,38.725,188,11.099999999999966,5983.554598846521,7280.3,0
L,300.7,310.1,1277.75,59.199999999999996,75,9.400000000000034,7921.2954925653985,4440.0,0
H,299.2,310.8,1951.5,23.499999999999996,180,11.600000000000023,4802.474149726376,4229.999999999999,0
M,301.5,310.8,1293.5,53.425,30,9.300000000000011,7236.683548485929,1602.75,0
L,303.8,313.1,1358.25,44.5,152,9.300000000000011,6329.484528911866,6764.0,0
L,304.0,312.9,1255.0,79.675,200,8.899999999999977,10471.15084389441,15935.0,1
M,303.5,312.9,1547.25,30.674999999999997,110,9.399999999999977,4970.19789101531,3374.2499999999995,0
M,300.6,310.2,1456.25,40.475,5,9.599999999999966,6172.362353831859,202.375,0
L,295.9,306.4,2180.75,8.274999999999999,72,10.5,1889.7419394613132,595.8,0
L,300.7,310.8,1487.75,51.5,90,10.100000000000023,8023.536007482601,4635.0,0
L,300.6,310.7,1570.0,39.6,60,10.099999999999966,6510.636615299487,2376.0,0
M,297.3,308.4,1668.0,27.874999999999996,58,11.099999999999966,4868.99737416614,1616.7499999999998,0
M,302.0,311.2,1596.25,38.725,179,9.199999999999989,6473.228755275336,6931.775000000001,0
L,300.7,312.3,1354.75,64.44999999999999,67,11.600000000000023,9143.46273760674,4318.15,0
L,299.2,308.9,1540.25,36.625,177,9.699999999999989,5907.414828394424,6482.625,0
L,298.4,308.1,1666.25,27.525000000000006,94,9.700000000000045,4802.817761422864,2587.3500000000004,0
M,300.7,311.3,1228.75,63.05,35,10.600000000000023,8112.920863461926,2206.75,0
L,301.1,310.5,1368.75,47.475,103,9.399999999999977,6804.836949831129,4889.925,0
M,297.5,308.6,2093.25,17.549999999999997,133,11.100000000000023,3847.0412109441972,2334.1499999999996,0
L,298.7,310.1,1995.25,18.775,114,11.400000000000034,3922.887766081959,2140.35,0
L,298.5,309.5,1459.75,36.975,160,11.0,5652.170897265765,5916.0,0
M,300.8,310.4,1407.25,39.25,62,9.599999999999966,5784.149859141542,2433.5,0
L,299.7,309.6,1318.0,60.074999999999996,144,9.900000000000034,8291.589782656272,8650.8,0
L,301.0,310.5,1174.5,59.375,75,9.5,7302.730298039898,4453.125,0
M,298.0,308.7,1305.75,63.75,104,10.699999999999989,8717.036040777853,6630.0,0
L,300.4,309.9,1277.75,46.425,74,9.5,6211.928095309943,3435.45,0
L,301.0,312.2,1564.75,29.975,113,11.199999999999989,4911.710598784042,3387.175,0
L,300.6,310.8,1552.5,37.675,117,10.199999999999989,6125.104291841763,4407.974999999999,0
M,299.1,310.5,1368.75,45.55,53,11.399999999999977,6528.916757552562,2414.1499999999996,0
L,298.8,308.9,2110.75,14.049999999999997,57,10.099999999999966,3105.5729848194464,800.8499999999998,0
M,295.6,306.2,1454.5,49.05,40,10.599999999999966,7471.0450514467875,1962.0,0
L,301.4,310.6,1631.25,28.049999999999997,181,9.200000000000045,4791.616020117406,5077.049999999999,0
L,297.9,309.1,1501.75,45.55,4,11.200000000000045,7163.324742030729,182.2,0
L,302.5,312.1,1554.25,37.85,3,9.600000000000023,6160.491715090576,113.55000000000001,0
M,301.0,310.7,1524.5,40.650000000000006,171,9.699999999999989,6489.580090538802,6951.150000000001,0
L,302.5,310.5,1529.75,42.400000000000006,154,8.0,6792.269924718301,6529.600000000001,0
L,302.3,311.7,1512.25,38.025000000000006,141,9.399999999999977,6021.732149070802,5361.525000000001,0
H,300.9,311.9,1517.5,36.8,38,11.0,5847.9700049022795,1398.3999999999999,0
L,299.1,308.2,1482.5,31.374999999999996,119,9.099999999999966,4870.875784773599,3733.6249999999995,0
M,299.6,309.4,1115.0,78.975,83,9.799999999999955,9221.32056654127,6554.924999999999,0
L,300.9,310.7,1454.5,45.900000000000006,143,9.800000000000011,6991.253167408921,6563.700000000001,0
L,299.2,308.6,1087.0,85.0,76,9.400000000000034,9675.581774280965,6460.0,1
M,302.2,310.5,1507.0,41.0,111,8.300000000000011,6470.319509578418,4551.0,0
M,299.9,309.5,1270.75,68.65,133,9.600000000000023,9135.43596837682,9130.45,0
L,300.0,309.5,1874.5,19.825,48,9.5,3891.5916127659793,951.5999999999999,0
L,298.5,309.5,1578.75,48.175,132,11.0,7964.5951478119705,6359.099999999999,0
L,299.1,310.2,1666.25,28.749999999999996,20,11.099999999999966,5016.567144083825,574.9999999999999,0
L,300.1,309.6,1949.75,14.749999999999996,55,9.5,3011.6158025322097,811.2499999999998,0
L,297.0,307.7,1498.25,39.25,126,10.699999999999989,6158.182644490187,4945.5,0
M,300.3,311.7,1178.0,60.25,170,11.399999999999977,7432.4322597402925,10242.5,0
H,300.8,310.9,1363.5,47.3,33,10.099999999999966,6753.748762797532,1560.8999999999999,0
L,298.7,309.7,1787.0,23.499999999999996,92,11.0,4397.6537563725515,2161.9999999999995,0
L,297.3,308.2,1671.5,32.775000000000006,9,10.899999999999977,5736.90554161931,294.975,0
L,298.5,310.1,2035.5,20.874999999999996,20,11.600000000000023,4449.653659774157,417.49999999999994,0
L,300.2,309.8,2067.0,10.549999999999997,6,9.600000000000023,2283.607991931152,63.29999999999998,0
L,300.4,311.5,1851.75,22.275,103,11.100000000000023,4319.452315741537,2294.325,0
M,299.3,308.7,1125.5,60.425,185,9.399999999999977,7121.816449095174,11178.625,0
M,298.8,309.1,1263.75,56.225,117,10.300000000000011,7440.7934776881275,6578.325,0
L,301.1,309.6,1496.5,33.475,156,8.5,5245.971475636709,5222.1,0
M,300.7,310.6,1685.5,18.6,108,9.900000000000034,3282.9957389278698,2008.8000000000002,0
M,302.1,311.5,2135.25,10.725000000000001,159,9.399999999999977,2398.140642603994,1705.2750000000003,0
H,299.3,308.7,1333.75,48.0,82,9.399999999999977,6704.158722760618,3936.0,0
M,301.5,311.1,1774.75,29.449999999999996,115,9.600000000000023,5473.323299989245,3386.7499999999995,0
H,297.1,307.9,1354.75,39.949999999999996,192,10.799999999999955,5667.670075521944,7670.4,0
L,299.7,310.9,1291.75,54.650000000000006,188,11.199999999999989,7392.600791883592,10274.2,0
L,296.6,307.6,1491.25,42.225,80,11.0,6593.9968128670835,3378.0,0
L,300.8,310.8,1825.5,27.874999999999996,151,10.0,5328.749824064921,4209.124999999999,0
L,298.2,309.0,1984.75,21.575,91,10.800000000000011,4484.202670483542,1963.325,0
M,299.0,308.6,1748.5,28.749999999999996,22,9.600000000000023,5264.1966400183455,632.4999999999999,0
H,297.0,307.9,2100.25,18.075,179,10.899999999999977,3975.373307347932,3235.4249999999997,0
M,303.7,312.8,1818.5,25.95,203,9.100000000000023,4941.733098078378,5267.849999999999,0
L,298.5,308.3,1204.25,57.449999999999996,186,9.800000000000011,7244.948555158748,10685.699999999999,0
L,301.0,310.9,1480.75,48.35,15,9.899999999999977,7497.33363697264,725.25,0
H,301.1,310.6,1988.25,13.874999999999996,93,9.5,2888.9006119937058,1290.3749999999998,0
L,302.7,312.2,1689.0,29.975,186,9.5,5301.728200253233,5575.35,0
L,300.9,310.4,1571.75,33.3,148,9.5,5480.9560611405295,4928.4,0
M,299.8,309.6,1379.25,54.3,82,9.800000000000011,7842.805418109336,4452.599999999999,0
L,299.7,309.6,1181.5,63.75,166,9.900000000000034,7887.557405459724,10582.5,0
L,298.7,309.7,1577.0,35.75,0,11.0,5903.864174197398,0.0,0
L,304.1,313.3,1346.0,57.8,184,9.199999999999989,8147.071284603387,10635.199999999999,0
L,298.4,310.1,1552.5,31.900000000000006,92,11.700000000000045,5186.219692362371,2934.8000000000006,0
L,297.1,308.1,1472.0,30.85,208,11.0,4755.449743689894,6416.8,0
L,303.3,311.4,1514.0,46.25,65,8.099999999999966,7332.739052866376,3006.25,0
L,302.6,310.8,1442.25,42.400000000000006,156,8.199999999999989,6403.759633224363,6614.400000000001,0
L,299.9,309.2,1666.25,30.85,111,9.300000000000011,5382.994657216906,3424.3500000000004,0
L,303.9,312.7,2000.5,12.999999999999996,163,8.800000000000011,2723.394311519431,2118.9999999999995,0
L,297.7,308.9,1522.75,29.275000000000006,92,11.199999999999989,4668.250258100223,2693.3000000000006,0
L,303.4,312.7,1255.0,49.925,26,9.300000000000011,6561.307886808012,1298.05,0
L,298.9,310.0,1442.25,50.625,109,11.100000000000023,7645.998382829795,5518.125,0
L,298.7,308.5,1237.5,52.55,190,9.800000000000011,6809.991125278424,9984.5,0
M,303.6,311.9,1699.5,33.3,95,8.299999999999955,5926.441753401197,3163.4999999999995,0
H,298.9,308.7,1237.5,54.475,79,9.800000000000011,7059.453216927539,4303.525000000001,0
L,298.1,307.8,1536.75,41.699999999999996,71,9.699999999999989,6710.701089461718,2960.7,0
M,298.3,307.8,1305.75,58.5,101,9.5,7999.162484478501,5908.5,0
M,300.0,310.1,1169.25,63.925,199,10.100000000000023,7827.205447088854,12721.074999999999,0
L,303.7,312.4,1172.75,74.07499999999999,137,8.699999999999989,9097.157625388236,10148.274999999998,0
L,301.7,310.7,1955.0,15.624999999999996,3,9.0,3198.861269670856,46.874999999999986,0
L,296.7,307.4,1556.0,30.85,114,10.699999999999989,5026.82051710698,3516.9,0
M,296.4,307.4,1347.75,57.8,210,11.0,8157.6636878337395,12138.0,0
L,297.6,308.6,1543.75,40.3,123,11.0,6514.943215228782,4956.9,0
L,300.2,311.4,1199.0,57.449999999999996,143,11.199999999999989,7213.363768017719,8215.349999999999,0
L,301.8,311.3,1444.0,47.650000000000006,148,9.5,7205.410302616382,7052.200000000001,0
L,300.7,311.7,1311.0,46.775000000000006,215,11.0,6421.627441441655,10056.625000000002,0
M,296.9,307.6,1818.5,26.299999999999997,10,10.700000000000045,5008.384604218163,263.0,0
L,301.7,310.1,1472.0,54.3,36,8.400000000000034,8370.208138812357,1954.8,0
M,302.3,311.4,1619.0,27.525000000000006,17,9.099999999999966,4666.623829403521,467.92500000000007,0
M,297.9,309.0,2317.25,8.100000000000001,37,11.100000000000023,1965.5610056633561,299.70000000000005,0
M,298.9,310.1,1393.25,45.375,153,11.200000000000045,6620.248746478644,6942.375,0
L,302.7,312.3,2121.25,14.749999999999996,2,9.600000000000023,3276.517513076779,29.499999999999993,0
L,301.0,310.4,1694.25,25.6,84,9.399999999999977,4541.988994853979,2150.4,0
L,300.5,310.8,1398.5,51.85,155,10.300000000000011,7593.462445181672,8036.75,0
L,300.0,309.3,1596.25,22.275,168,9.300000000000011,3723.464700419835,3742.2,0
H,297.4,308.3,1498.25,46.6,169,10.900000000000034,7311.370986834209,7875.400000000001,0
L,300.3,311.5,1435.25,51.150000000000006,62,11.199999999999989,7687.7953095904,3171.3,0
L,303.6,312.3,2663.75,2.0,219,8.699999999999989,557.8944953999874,438.0,0
L,302.6,312.2,1279.5,49.925,54,9.599999999999966,6689.397164279563,2695.95,0
H,300.1,311.4,1279.5,69.525,50,11.299999999999955,9315.580127121415,3476.2500000000005,0
L,298.2,307.8,1547.25,33.125,68,9.600000000000023,5367.1656117321,2252.5,0
L,297.5,308.9,1423.0,55.175,193,11.399999999999977,8221.969471458844,10648.775,0
L,302.5,311.4,1948.0,13.350000000000001,124,8.899999999999977,2723.321007690848,1655.4,0
L,300.6,310.3,2009.25,12.999999999999996,211,9.699999999999989,2735.3061836642923,2742.999999999999,0
M,298.2,307.8,1610.25,29.449999999999996,100,9.600000000000023,4966.005828318176,2944.9999999999995,0
L,298.4,308.0,1521.0,45.199999999999996,125,9.600000000000023,7199.399388672513,5649.999999999999,0
L,297.5,308.7,1269.0,51.675,121,11.199999999999989,6867.058155830882,6252.674999999999,0
L,298.8,310.0,1360.0,43.975,154,11.199999999999989,6262.869674686372,6772.150000000001,0
L,297.4,308.3,1374.0,45.55,113,10.900000000000034,6553.9591779924895,5147.15,0
H,299.3,310.4,1578.75,43.1,25,11.099999999999966,7125.564107331519,1077.5,0
L,300.4,311.8,1328.5,54.125,58,11.400000000000034,7529.8805368638305,3139.25,0
L,296.6,307.3,1449.25,40.3,158,10.699999999999989,6116.133735818826,6367.4,0
L,301.2,309.9,2341.75,4.774999999999999,169,8.699999999999989,1170.9612482832367,806.9749999999998,0
M,300.7,310.6,1620.75,37.675,50,9.900000000000034,6394.372161676354,1883.7499999999998,0
H,298.0,307.9,1463.25,36.449999999999996,132,9.899999999999977,5585.276572193796,4811.4,0
M,303.8,312.5,1260.25,49.225,143,8.699999999999989,6496.374439150659,7039.175,0
M,300.8,311.4,1531.5,40.125,15,10.599999999999966,6435.179486751077,601.875,0
L,299.6,310.2,1286.5,76.175,13,10.599999999999966,10262.445680937866,990.275,0
L,300.4,311.6,1200.75,65.85,111,11.200000000000045,8280.126896461486,7309.349999999999,0
L,300.6,310.4,1400.25,57.275000000000006,155,9.799999999999955,8398.453020263538,8877.625,0
L,301.1,310.8,1531.5,42.05,99,9.699999999999989,6743.907723810163,4162.95,0
M,302.3,311.7,1393.25,43.275000000000006,127,9.399999999999977,6313.857068955665,5495.925000000001,0
M,299.4,309.0,1286.5,48.875,88,9.600000000000023,6584.536037490492,4301.0,0
L,300.5,309.3,1543.75,35.05,221,8.800000000000011,5666.222324907415,7746.049999999999,0
L,298.2,307.8,1521.0,52.025000000000006,74,9.600000000000023,8286.476840612557,3849.8500000000004,0
M,297.2,308.5,1641.75,40.3,4,11.300000000000011,6928.523416098366,161.2,0
M,300.9,312.1,1139.5,55.35,76,11.200000000000045,6604.813709072476,4206.6,0
L,297.3,309.0,1578.75,35.75,171,11.699999999999989,5910.415703877072,6113.25,0
L,299.8,309.5,1741.5,17.725,16,9.699999999999989,3232.498564012231,283.6,0
L,301.3,310.4,1423.0,48.525000000000006,92,9.099999999999966,7231.011664749261,4464.3,0
L,302.9,312.4,1290.0,60.25,160,9.5,8139.081167287756,9640.0,0
M,303.4,312.8,1540.25,24.2,37,9.400000000000034,3903.3293883179535,895.4,0
M,302.4,311.0,1634.75,34.175,64,8.600000000000023,5850.439427627695,2187.2,0
L,299.3,308.9,1710.0,24.725,152,9.599999999999966,4427.525066520435,3758.2000000000003,0
L,299.1,310.6,2231.5,12.124999999999996,158,11.5,2833.3958692879387,1915.7499999999995,0
L,297.4,308.0,1360.0,36.8,154,10.600000000000023,5241.014304228731,5667.2,0
M,302.3,310.7,1571.75,39.775000000000006,141,8.399999999999977,6546.6975174734125,5608.275000000001,0
H,302.4,310.1,1664.5,20.874999999999996,179,7.7000000000000455,3638.6384262805623,3736.6249999999995,0
L,297.7,308.2,1204.25,63.05,156,10.5,7951.157639734709,9835.8,0
L,298.3,308.1,1543.75,29.624999999999996,82,9.800000000000011,4789.210738242002,2429.2499999999995,0
L,301.9,311.0,1237.5,46.949999999999996,130,9.100000000000023,6084.283222299181,6103.499999999999,0
M,303.5,312.3,1711.75,31.199999999999996,121,8.800000000000011,5592.726073773621,3775.1999999999994,0
L,302.0,311.1,1330.25,58.675,187,9.100000000000023,8173.63017799714,10972.225,0
L,298.7,309.8,1650.5,25.95,217,11.100000000000023,4485.196853658709,5631.15,0
H,297.8,309.2,1753.75,28.049999999999997,29,11.399999999999977,5151.446188677947,813.4499999999999,0
L,301.0,312.3,1473.75,44.85,107,11.300000000000011,6921.733648975796,4798.95,0
M,299.8,311.1,1955.0,14.924999999999997,171,11.300000000000011,3055.552284789602,2552.1749999999997,0
L,297.5,308.8,1547.25,36.449999999999996,157,11.300000000000011,5905.90751841917,5722.65,0
M,298.3,307.7,1874.5,17.725,7,9.399999999999977,3479.367532725195,124.07500000000002,0
L,299.1,308.8,1498.25,37.324999999999996,88,9.699999999999989,5856.157126257228,3284.5999999999995,0
M,300.4,309.7,1262.0,59.900000000000006,143,9.300000000000011,7916.164224564537,8565.7,0
M,299.8,309.3,1739.75,24.725,211,9.5,4504.55364589411,5216.975,0
L,301.6,310.6,1505.25,46.25,222,9.0,7290.3602769663885,10267.5,0
M,300.4,310.5,1746.75,25.249999999999996,41,10.100000000000023,4618.710614445458,1035.2499999999998,0
M,299.4,309.0,2263.0,4.950000000000003,204,9.600000000000023,1173.0549888871615,1009.8000000000006,0
H,298.3,310.1,1510.5,36.1,85,11.800000000000011,5710.268762907684,3068.5,0
L,300.2,311.5,1580.5,35.400000000000006,67,11.300000000000011,5859.038883018429,2371.8,0
H,297.4,308.7,1185.0,59.725,130,11.300000000000011,7411.44903880819,7764.25,0
L,299.0,310.1,1710.0,28.049999999999997,210,11.100000000000023,5022.935414192039,5890.499999999999,0
H,302.9,311.2,2548.25,2.0,91,8.300000000000011,533.704231967346,182.0,0
L,297.3,308.1,1505.25,33.3,150,10.800000000000011,5249.0593994158,4995.0,0
M,302.3,311.8,1451.0,54.3,180,9.5,8250.796202049409,9774.0,0
L,297.4,308.5,1496.5,48.875,20,11.100000000000023,7659.3534240999,977.5,0
H,300.5,310.0,1246.25,76.0,102,9.5,9918.531606158575,7752.0,0
L,300.2,311.0,1717.0,29.275000000000006,147,10.800000000000011,5263.756817046845,4303.425000000001,0
M,298.8,310.0,1466.75,48.875,80,11.199999999999989,7507.087627663567,3910.0,0
L,297.3,308.3,2996.25,2.0,49,11.0,627.5331325545611,98.0,0
M,298.6,310.2,1193.75,58.675,12,11.599999999999966,7334.915260277457,704.0999999999999,0
L,299.8,309.3,1129.0,69.0,188,9.5,8157.7736435766155,12972.0,0
L,301.1,310.2,1487.75,46.25,54,9.099999999999966,7205.602725166414,2497.5,0
M,300.8,310.5,1335.5,58.85,141,9.699999999999989,8230.362759831685,8297.85,0
L,300.7,310.2,1615.5,27.699999999999996,31,9.5,4686.140973763946,858.6999999999998,0
L,298.4,309.4,1564.75,45.900000000000006,141,11.0,7521.1848701980825,6471.900000000001,0
M,302.0,310.6,1710.0,30.324999999999996,9,8.600000000000023,5430.321441546296,272.92499999999995,0
L,300.3,309.8,1535.0,38.900000000000006,24,9.5,6252.973657827565,933.6000000000001,0
L,302.0,310.6,1188.5,67.07499999999999,192,8.600000000000023,8348.116197472924,12878.399999999998,0
L,304.0,313.1,1606.75,59.375,119,9.100000000000023,9990.34645072423,7065.625,0
L,300.3,309.6,1657.5,36.975,140,9.300000000000011,6417.861457248164,5176.5,0
L,300.6,310.5,1746.75,29.449999999999996,148,9.899999999999977,5386.971389917574,4358.599999999999,0
L,296.8,307.9,1689.0,32.25,72,11.099999999999966,5704.111241306648,2322.0,0
L,303.1,312.9,1514.0,40.475,107,9.799999999999955,6417.137581940899,4330.825,0
M,299.0,310.1,1472.0,53.425,123,11.100000000000023,8235.329094218234,6571.275,0
L,302.2,311.1,1722.25,30.85,94,8.900000000000034,5563.908506161631,2899.9,0
L,298.0,308.3,1328.5,68.65,218,10.300000000000011,9550.601364539529,14965.7,1
M,300.6,309.4,1375.75,47.650000000000006,84,8.799999999999955,6864.849877994798,4002.6000000000004,0
M,297.2,308.8,1468.5,54.125,143,11.600000000000023,8323.394481283052,7739.875,0
M,300.2,310.6,2340.0,6.700000000000003,83,10.400000000000034,1641.7963207660266,556.1000000000003,0
M,301.0,310.6,1841.25,18.075,14,9.600000000000023,3485.135627736879,253.04999999999998,0
M,302.9,312.5,2200.0,7.399999999999999,23,9.600000000000023,1704.8376133480606,170.19999999999996,0
M,303.9,313.1,1447.5,45.199999999999996,97,9.200000000000045,6851.499418213979,4384.4,0
L,297.5,308.9,1662.75,24.025,5,11.399999999999977,4183.299617125773,120.125,0
L,300.7,312.3,1578.75,36.625,58,11.600000000000023,6055.07622809784,2124.25,0
H,297.3,308.8,1493.0,47.650000000000006,134,11.5,7449.91522285752,6385.1,0
M,301.4,310.8,1547.25,40.125,107,9.400000000000034,6501.359099494354,4293.375,0
L,295.6,306.2,1690.75,24.9,131,10.599999999999966,4408.667656617262,3261.8999999999996,0
M,300.2,310.2,1718.75,23.325,27,10.0,4198.198620285422,629.775,0
M,300.9,310.0,1669.75,33.3,204,9.100000000000023,5822.6985099980275,6793.2,0
M,298.5,309.0,2231.5,8.799999999999997,196,10.5,2056.402775235782,1724.7999999999995,0
L,297.6,308.7,1452.75,38.55,44,11.099999999999966,5864.674114840805,1696.1999999999998,0
L,300.4,311.4,1585.75,20.7,135,11.0,3437.42857979671,2794.5,0
L,304.0,313.0,2989.25,2.0,117,9.0,626.0670559828859,234.0,0
L,296.9,308.0,1531.5,30.674999999999997,84,11.100000000000023,4919.604504824655,2576.7,0
L,299.9,309.6,1109.75,74.07499999999999,163,9.700000000000045,8608.45932617744,12074.224999999999,0
M,303.5,312.3,1570.0,28.574999999999996,71,8.800000000000011,4698.016193994516,2028.8249999999996,0
M,297.9,307.8,1150.0,74.07499999999999,75,9.900000000000034,8920.683239562115,5555.624999999999,0
L,301.8,311.0,1545.5,43.1,12,9.199999999999989,6975.492844263413,517.2,0
M,298.9,309.6,1612.0,30.674999999999997,204,10.700000000000045,5178.1929231324475,6257.7,0
L,300.2,309.8,1505.25,43.449999999999996,161,9.600000000000023,6848.997925063558,6995.449999999999,0
L,299.8,309.0,1694.25,24.2,100,9.199999999999989,4293.598971697902,2420.0,0
L,300.6,310.7,1314.5,64.275,80,10.099999999999966,8847.718441185556,5142.0,0
H,298.4,308.7,1221.75,62.875,130,10.300000000000011,8044.3130613968115,8173.75,0
L,299.6,310.8,1491.25,52.375,116,11.199999999999989,8179.054661312339,6075.5,0
L,296.6,307.5,1594.5,31.725,60,10.899999999999977,5297.302481602488,1903.5,0
L,301.4,310.4,1382.75,57.275000000000006,108,9.0,8293.491100710165,6185.700000000001,0
M,296.2,307.3,1409.0,45.199999999999996,11,11.100000000000023,6669.266100354747,497.19999999999993,0
M,300.7,310.8,1470.25,42.400000000000006,71,10.100000000000023,6528.082926502423,3010.4000000000005,0
L,298.5,309.5,1577.0,28.225,68,11.0,4661.162694174031,1919.3000000000002,0
L,297.9,309.1,1661.0,26.299999999999997,32,11.200000000000045,4574.609198573753,841.5999999999999,0
L,301.9,309.7,1661.0,25.249999999999996,133,7.800000000000011,4391.97270965731,3358.2499999999995,0
H,300.5,310.6,1339.0,52.900000000000006,201,10.100000000000023,7417.624886366373,10632.900000000001,0
L,300.2,309.8,1321.5,56.574999999999996,163,9.600000000000023,7829.2533727999125,9221.724999999999,0
M,299.1,308.7,2383.75,5.825000000000003,178,9.599999999999966,1454.069797252299,1036.8500000000006,0
H,297.7,307.2,1370.5,47.475,26,9.5,6813.537197986164,1234.3500000000001,0
L,298.8,309.7,1503.5,38.55,131,10.899999999999977,6069.549152753845,5050.049999999999,0
L,295.5,306.0,1706.5,21.924999999999997,176,10.5,3918.0909467990086,3858.7999999999993,0
L,298.2,307.8,1930.5,15.975000000000001,66,9.600000000000023,3229.5297589545885,1054.3500000000001,0
L,300.8,310.6,1780.0,23.85,139,9.800000000000011,4445.6677640949165,3315.15,0
H,300.8,310.8,1701.25,27.699999999999996,40,10.0,4934.879190105796,1107.9999999999998,0
L,301.1,310.8,1099.25,67.775,169,9.699999999999989,7801.79650750601,11453.975,0
M,303.8,313.2,1862.25,16.674999999999997,190,9.399999999999977,3251.864519226203,3168.2499999999995,0
M,299.0,310.3,1638.25,28.574999999999996,177,11.300000000000011,4902.245241918163,5057.775,0
L,300.5,311.7,1335.5,66.025,104,11.199999999999989,9233.80970633623,6866.6,0
H,299.7,309.5,1276.0,52.199999999999996,86,9.800000000000011,6975.089673206202,4489.2,0
L,301.9,310.4,1120.25,80.19999999999999,22,8.5,9408.446914958467,1764.3999999999996,1
M,300.2,311.3,1647.0,24.9,73,11.100000000000023,4294.588573383782,1817.6999999999998,0
M,300.3,311.7,1274.25,54.125,222,11.399999999999977,7222.393883401382,12015.75,1
M,303.8,312.9,2046.0,18.95,66,9.099999999999966,4060.162929572912,1250.7,0
M,303.8,313.1,2574.5,2.8500000000000014,22,9.300000000000011,768.362877233358,62.70000000000003,0
L,301.1,312.3,1661.0,26.124999999999996,134,11.199999999999989,4544.169783754345,3500.7499999999995,0
L,296.9,308.1,1916.5,20.7,60,11.200000000000045,4154.395001217338,1242.0,0
M,300.5,311.7,1090.5,82.3,87,11.199999999999989,9398.404290442491,7160.099999999999,0
L,299.3,308.6,1384.5,54.475,67,9.300000000000011,7898.030689968628,3649.8250000000003,0
L,301.6,310.1,1822.0,16.85,16,8.5,3214.9697860021392,269.6,0
L,299.3,308.6,1325.0,58.85,189,9.300000000000011,8165.65380514937,11122.65,0
H,300.0,309.7,1545.5,44.5,107,9.699999999999989,7202.074978415821,4761.5,0
H,300.4,309.3,1312.75,59.900000000000006,54,8.900000000000034,8234.504426146668,3234.6000000000004,0
M,299.8,309.1,1088.75,71.8,90,9.300000000000011,8186.178877152824,6462.0,0
L,302.1,311.4,1820.25,24.374999999999996,106,9.299999999999955,4646.268272503666,2583.7499999999995,0
L,298.3,308.1,1503.5,50.975,80,9.800000000000011,8025.817589147272,4078.0,0
L,302.6,312.3,1515.75,30.150000000000006,44,9.699999999999989,4785.678410002123,1326.6000000000004,0
L,299.8,309.6,1274.25,60.6,137,9.800000000000011,8086.412366450323,8302.2,0
L,299.8,309.1,1468.5,40.125,207,9.300000000000011,6170.4610357779675,8305.875,0
L,297.5,308.6,1557.75,38.55,202,11.100000000000023,6288.553503626407,7787.099999999999,0
L,300.7,311.0,1342.5,61.3,91,10.300000000000011,8617.93842751118,5578.3,0
L,297.6,308.7,1178.0,59.375,141,11.099999999999966,7324.492372150703,8371.875,0
L,301.6,310.5,2035.5,14.924999999999997,40,8.899999999999977,3181.369143575056,596.9999999999999,0
M,299.3,309.1,1277.75,52.025000000000006,49,9.800000000000011,6961.2398310931585,2549.2250000000004,0
L,298.0,308.5,1848.25,17.025,203,10.5,3295.159592983487,3456.075,0
M,302.2,310.1,1263.75,60.6,12,7.900000000000034,8019.779186267684,727.2,1
L,298.8,310.1,1624.25,33.650000000000006,181,11.300000000000011,5723.564244817065,6090.6500000000015,0
M,300.4,311.6,1526.25,34.0,53,11.200000000000045,5434.1698925469445,1802.0,0
L,297.4,308.4,1193.75,78.44999999999999,98,11.0,9806.97234203266,7688.0999999999985,0
L,300.2,309.2,1374.0,60.074999999999996,57,9.0,8643.88798282983,3424.2749999999996,0
M,302.2,311.7,1435.25,56.05,66,9.5,8424.260549414308,3699.2999999999997,0
M,297.7,309.0,1732.75,22.275,32,11.300000000000011,4041.869042851977,712.8,0
L,299.5,309.3,1202.5,64.975,147,9.800000000000011,8182.009721902122,9551.324999999999,0
M,298.7,309.7,1708.25,30.85,8,11.0,5518.680043925449,246.8,0
L,301.4,310.7,1368.75,64.275,176,9.300000000000011,9212.867718807707,11312.400000000001,0
H,299.9,309.6,1428.25,59.55,119,9.700000000000045,8906.654719366898,7086.45,0
M,301.3,310.8,1351.25,49.75,59,9.5,7039.752812995653,2935.25,0
M,303.5,312.0,1451.0,45.375,85,8.5,6894.65704729267,3856.875,0
M,300.3,311.4,1295.25,54.475,119,11.099999999999966,7388.894367050825,6482.525000000001,0
M,298.4,309.3,1241.0,58.85,8,10.900000000000034,7647.982167690844,470.8,0
M,300.7,310.6,1388.0,43.275000000000006,184,9.900000000000034,6290.065395090948,7962.600000000001,0
M,301.0,310.7,1489.5,36.1,116,9.699999999999989,5630.88071655147,4187.6,0
M,300.8,312.0,1358.25,59.025000000000006,219,11.199999999999989,8395.456726270177,12926.475,0
L,298.7,308.4,1272.5,52.375,60,9.699999999999989,6979.27715441405,3142.5,0
M,300.9,310.9,1732.75,32.074999999999996,153,10.0,5820.109968551164,4907.474999999999,0
M,300.8,311.4,1900.75,17.374999999999996,45,10.599999999999966,3458.42554519667,781.8749999999999,0
L,303.7,311.9,1601.5,28.574999999999996,153,8.199999999999989,4792.275754574661,4371.974999999999,0
L,298.1,308.7,1829.0,23.325,49,10.599999999999966,4467.493979055731,1142.925,0
M,302.3,310.9,1535.0,45.900000000000006,210,8.599999999999966,7378.18742658831,9639.000000000002,0
L,297.6,309.4,1479.0,40.650000000000006,231,11.799999999999955,6295.893049463357,9390.150000000001,0
M,303.4,312.7,1318.0,55.0,34,9.300000000000011,7591.135048624136,1870.0,0
M,300.6,310.6,1430.0,49.925,196,10.0,7476.23129731909,9785.3,0
M,302.3,311.7,1739.75,25.424999999999997,199,9.399999999999977,4632.083981672708,5059.575,0
L,303.5,312.8,1536.75,39.25,96,9.300000000000011,6316.427284445383,3768.0,0
M,302.2,310.8,1242.75,54.824999999999996,36,8.600000000000023,7134.951578879526,1973.6999999999998,0
M,303.4,312.2,1601.5,37.150000000000006,45,8.800000000000011,6230.37775266662,1671.7500000000002,0
H,301.3,310.1,1416.0,47.475,188,8.800000000000011,7039.743650017081,8925.300000000001,0
M,302.6,310.2,2644.5,2.0,94,7.599999999999966,553.8627848278805,188.0,0
L,296.5,307.5,1395.0,43.449999999999996,87,11.0,6347.352337129157,3780.1499999999996,0
H,296.6,307.7,1295.25,79.32499999999999,100,11.099999999999966,10759.505198096494,7932.499999999999,1
L,300.1,311.3,1577.0,40.3,201,11.199999999999989,6655.265069095249,8100.299999999999,0
L,297.4,308.2,1552.5,35.75,115,10.800000000000011,5812.142758681966,4111.25,0
M,302.5,310.4,1370.5,45.900000000000006,191,7.899999999999977,6587.495679569562,8766.900000000001,0
L,302.0,309.9,1332.0,62.699999999999996,154,7.899999999999977,8745.816956475552,9655.8,0
L,302.3,311.0,1340.75,52.55,164,8.699999999999989,7378.178263609734,8618.199999999999,0
M,302.3,311.0,1540.25,36.275000000000006,171,8.699999999999989,5850.961717406355,6203.025000000001,0
L,299.3,309.2,1976.0,12.649999999999999,125,9.899999999999977,2617.6168868730633,1581.2499999999998,0
M,298.0,308.6,1507.0,35.574999999999996,217,10.600000000000023,5614.185769591517,7719.774999999999,0
L,298.9,310.2,1855.25,18.6,103,11.300000000000011,3613.6326577549275,1915.8000000000002,0
M,302.9,312.5,2236.75,12.299999999999997,17,9.600000000000023,2881.0525208459567,209.09999999999997,0
M,298.9,309.8,2082.75,10.2,18,10.900000000000034,2224.671713749808,183.6,0
L,300.4,309.3,1960.25,19.65,207,8.900000000000034,4033.691084475601,4067.5499999999997,0
L,296.5,307.6,1374.0,49.400000000000006,90,11.100000000000023,7107.916210599979,4446.000000000001,0
H,298.7,309.5,1412.5,41.0,108,10.800000000000011,6064.582818367297,4428.0,0
L,299.7,309.2,1748.5,24.2,137,9.5,4431.080302206748,3315.4,0
L,299.7,309.2,1358.25,41.0,140,9.5,5831.659903042393,5740.0,0
M,300.2,311.4,1367.0,39.775000000000006,196,11.199999999999989,5693.867031262068,7795.9000000000015,0
L,296.3,307.3,1316.25,62.525000000000006,31,11.0,8618.282039207668,1938.275,0
L,298.2,308.7,1333.75,40.3,9,10.5,5628.6999276511015,362.7,0
M,302.0,310.6,1556.0,37.85,34,8.600000000000023,6167.428089870315,1286.9,0
L,300.8,312.4,1433.5,73.725,91,11.599999999999966,11067.285066873279,6708.974999999999,1
M,297.5,308.6,1512.25,32.425,155,11.100000000000023,5134.902430864449,5025.875,0
L,303.7,313.1,1360.0,42.400000000000006,124,9.400000000000034,6038.5599592200615,5257.6,0
M,301.8,310.8,1701.25,36.449999999999996,59,9.0,6493.730919832356,2150.5499999999997,0
M,301.1,311.1,2525.5,4.950000000000003,162,10.0,1309.1252206957695,801.9000000000004,0
L,297.3,308.2,1312.75,62.525000000000006,212,10.899999999999977,8595.36542979667,13255.300000000001,1
L,298.8,308.6,1514.0,33.475,157,9.800000000000011,5307.3176171827445,5255.575,0
L,298.2,308.0,1771.25,22.799999999999997,3,9.800000000000011,4229.054950629899,68.39999999999999,0
L,298.5,308.2,1661.0,26.824999999999996,46,9.699999999999989,4665.927443031974,1233.9499999999998,0
L,300.5,310.5,1557.75,33.650000000000006,12,10.0,5489.2302307919235,403.80000000000007,0
L,302.3,311.5,1570.0,28.225,39,9.199999999999989,4640.472688556263,1100.775,0
M,302.0,310.4,1683.75,28.225,97,8.399999999999977,4976.685279844974,2737.8250000000003,0
M,303.0,311.3,1206.0,64.1,164,8.300000000000011,8095.318781623249,10512.4,1
L,297.8,309.7,2256.0,8.975000000000001,171,11.899999999999977,2120.3237137608235,1534.7250000000001,0
L,300.7,312.3,1652.25,33.824999999999996,93,11.600000000000023,5852.510260785186,3145.7249999999995,0
L,300.5,309.7,2172.0,12.825,28,9.199999999999989,2917.06302663773,359.09999999999997,0
L,298.8,308.6,1724.0,26.999999999999996,38,9.800000000000011,4874.495161309922,1025.9999999999998,0
M,302.4,311.9,1167.5,67.775,102,9.5,8286.192788276794,6913.05,0
L,300.3,310.1,1465.0,40.125,174,9.800000000000011,6155.7544551683495,6981.75,0
L,301.4,311.1,1486.0,33.824999999999996,193,9.700000000000045,5263.628535346822,6528.224999999999,0
H,299.9,311.3,1342.5,43.449999999999996,153,11.400000000000034,6108.473485731823,6647.849999999999,0
M,298.9,308.5,1554.25,45.375,121,9.600000000000023,7385.265827535928,5490.375,0
M,300.6,310.9,1848.25,23.325,91,10.299999999999955,4514.513803602928,2122.575,0
L,301.7,310.6,1330.25,50.8,112,8.900000000000034,7076.6154757947115,5689.599999999999,0
L,296.2,306.9,1522.75,38.725,138,10.699999999999989,6175.166225275188,5344.05,0
L,300.8,311.2,1461.5,37.675,181,10.399999999999977,5766.080465395645,6819.174999999999,0
M,298.2,309.3,2467.75,3.0249999999999986,144,11.100000000000023,781.7270814820344,435.5999999999998,0
L,299.0,308.9,1696.0,23.85,14,9.899999999999977,4235.87220668819,333.90000000000003,0
L,297.1,308.3,1955.0,15.274999999999999,139,11.199999999999989,3127.2067772302294,2123.225,0
L,300.3,311.7,2350.5,9.325,121,11.399999999999977,2295.2907896116894,1128.3249999999998,0
M,297.6,309.3,1545.5,43.625,3,11.699999999999989,7060.461144570566,130.875,0
L,301.4,310.8,1967.25,12.475000000000001,112,9.400000000000034,2569.9739797829047,1397.2000000000003,0
H,298.3,309.5,1367.0,65.32499999999999,89,11.199999999999989,9351.398210363153,5813.924999999999,0
M,302.2,310.8,1333.75,52.199999999999996,49,8.600000000000023,7290.772611002172,2557.7999999999997,0
L,297.0,307.7,1402.0,51.5,8,10.699999999999989,7561.080478904794,412.0,0
H,302.0,310.9,1808.0,21.049999999999997,222,8.899999999999977,3985.4663282460588,4673.099999999999,0
L,299.7,309.1,1867.5,28.924999999999997,141,9.400000000000034,5656.692827191526,4078.4249999999997,0
L,297.0,307.6,1809.75,32.949999999999996,20,10.600000000000023,6244.571206476149,658.9999999999999,0
M,302.3,310.9,1249.75,47.3,67,8.599999999999966,6190.317210345594,3169.1,1
L,297.6,308.7,1416.0,54.650000000000006,145,11.099999999999966,8103.6754180818,7924.250000000001,0
L,297.7,308.9,2086.25,18.075,99,11.199999999999989,3948.8739733149027,1789.425,0
L,295.8,306.5,1503.5,31.900000000000006,86,10.699999999999989,5022.53224313483,2743.4000000000005,0
M,299.3,309.3,1444.0,50.8,42,10.0,7681.738580753666,2133.6,0
H,297.9,307.8,1731.0,29.799999999999997,142,9.900000000000034,5401.842904141505,4231.599999999999,0
M,302.6,310.2,1605.0,38.55,97,7.599999999999966,6479.299228579928,3739.35,0
L,299.1,308.6,1074.75,71.44999999999999,152,9.5,8041.52293442134,10860.399999999998,0
L,299.4,310.7,1365.25,50.275000000000006,213,11.300000000000011,7187.748661416982,10708.575,0
M,303.8,313.0,2000.5,11.424999999999997,215,9.199999999999989,2393.4446160853463,2456.3749999999995,0
L,300.4,309.6,1557.75,30.674999999999997,154,9.200000000000045,5003.926815142413,4723.95,0
H,300.5,311.7,1414.25,58.324999999999996,175,11.199999999999989,8637.927465268114,10206.875,0
L,301.8,310.0,2425.75,3.549999999999997,203,8.199999999999989,901.7850082343764,720.6499999999994,0
L,298.8,309.6,1535.0,43.625,165,10.800000000000011,7012.4929517410665,7198.125,0
L,300.6,309.7,1657.5,26.999999999999996,76,9.099999999999966,4686.470840992573,2051.9999999999995,0
L,298.2,307.8,1626.0,31.549999999999997,137,9.600000000000023,5372.154853565082,4322.349999999999,0
L,302.1,310.1,1937.5,20.874999999999996,176,8.0,4235.423220738114,3673.9999999999995,0
L,298.1,308.9,1262.0,43.625,113,10.799999999999955,5765.319938174089,4929.625,0
M,304.0,313.1,1407.25,45.199999999999996,101,9.100000000000023,6660.982767724782,4565.2,0
L,299.8,309.9,1587.5,34.35,157,10.099999999999966,5710.433696521997,5392.95,0
L,299.6,311.0,1624.25,31.549999999999997,133,11.399999999999977,5366.373014085537,4196.15,0
L,301.0,311.4,1456.25,39.425,75,10.399999999999977,6012.239303269203,2956.875,0
H,300.2,310.3,1333.75,44.675,0,10.100000000000023,6239.756061236054,0.0,0
H,299.4,309.1,1272.5,47.475,81,9.700000000000045,6326.323301304191,3845.475,0
L,300.2,309.4,1540.25,32.074999999999996,46,9.199999999999989,5173.524385549519,1475.4499999999998,0
M,303.7,312.4,1575.25,29.275000000000006,149,8.699999999999989,4829.197976734445,4361.975000000001,0
M,297.4,309.4,1563.0,44.150000000000006,134,12.0,7226.338545677047,5916.1,0
H,302.0,310.5,2091.5,11.600000000000001,119,8.5,2540.6478668601135,1380.4,0
M,298.1,308.7,1171.0,69.69999999999999,59,10.599999999999966,8547.090277184972,4112.299999999999,0
M,303.4,311.7,1237.5,47.475,192,8.300000000000011,6152.318338203486,9115.2,1
L,299.7,309.4,1398.5,45.375,55,9.699999999999989,6645.194955643555,2495.625,0
M,303.8,312.7,1507.0,37.675,180,8.899999999999977,5945.592378618705,6781.499999999999,0
L,300.6,310.4,1484.25,53.074999999999996,118,9.799999999999955,8249.462988667041,6262.849999999999,0
L,296.7,307.9,1354.75,57.975,138,11.199999999999989,8224.860391198617,8000.55,0
L,297.9,308.8,1295.25,55.35,75,10.900000000000034,7507.577847017222,4151.25,0
M,298.0,307.4,1430.0,51.675,182,9.399999999999977,7738.292484506038,9404.85,0
M,297.2,308.5,1237.5,51.675,185,11.300000000000011,6696.599265437918,9559.875,0
L,298.6,308.4,1314.5,51.5,36,9.799999999999955,7089.1870823968275,1854.0,0
L,301.5,310.9,1669.75,38.55,160,9.399999999999977,6740.69151833105,6168.0,0
L,297.2,308.5,1526.25,47.824999999999996,163,11.300000000000011,7643.799267972283,7795.474999999999,0
L,300.9,310.7,1248.0,50.8,151,9.800000000000011,6639.0649229782375,7670.799999999999,0
L,298.4,309.3,1335.5,45.725,166,10.900000000000034,6394.789077201424,7590.35,0
H,297.3,308.7,1615.5,29.624999999999996,93,11.399999999999977,5011.802395225881,2755.1249999999995,0
H,298.4,308.5,2067.0,12.825,153,10.100000000000023,2776.0447863997183,1962.225,0
L,303.4,311.6,1606.75,43.625,137,8.200000000000045,7340.275602742644,5976.625,0
L,300.0,309.6,1911.25,20.525,51,9.600000000000023,4107.989096234531,1046.7749999999999,0
L,297.4,308.7,1573.5,34.875,125,11.300000000000011,5746.581646992365,4359.375,0
L,300.4,311.8,2826.5,2.0,5,11.400000000000034,591.9807756914366,10.0,0
M,299.7,309.3,1318.0,43.625,221,9.600000000000023,6021.150299931417,9641.125,1
M,296.2,307.2,1585.75,31.199999999999996,8,11.0,5181.051772447214,249.59999999999997,0
M,300.3,311.6,1248.0,64.975,81,11.300000000000011,8491.599278947066,5262.974999999999,0
M,300.3,309.9,1402.0,51.675,28,9.599999999999966,7586.773470823402,1446.8999999999999,0
L,302.4,311.8,1066.0,73.55,138,9.400000000000034,8210.479096328341,10149.9,0
M,296.8,307.5,1395.0,38.900000000000006,13,10.699999999999989,5682.669871445898,505.70000000000005,0
M,302.6,310.4,1409.0,45.725,35,7.7999999999999545,6746.729921210638,1600.375,0
L,302.7,312.2,1402.0,53.425,166,9.5,7843.703390009487,8868.55,0
L,302.9,312.3,1631.25,33.824999999999996,141,9.400000000000034,5778.1252007298135,4769.325,0
M,298.1,308.9,1423.0,58.324999999999996,115,10.799999999999955,8691.370537794963,6707.374999999999,0
L,298.9,309.7,1332.0,43.625,207,10.800000000000011,6085.107890370749,9030.375,0
M,298.1,307.9,1279.5,66.725,42,9.799999999999955,8940.411132429721,2802.45,0
H,300.0,311.4,1741.5,30.674999999999997,155,11.399999999999977,5594.182987366723,4754.625,0
M,302.5,311.9,1536.75,31.199999999999996,86,9.399999999999977,5020.956210820278,2683.2,0
L,296.8,308.0,1512.25,39.25,29,11.199999999999989,6215.7261499284405,1138.25,0
M,300.1,309.2,1822.0,18.775,95,9.099999999999966,3582.2586191210767,1783.6249999999998,0
M,300.4,311.4,1676.75,25.775,119,11.0,4525.802593204827,3067.225,0
L,303.1,311.3,1207.75,62.35,172,8.199999999999989,7885.733972723703,10724.2,1
M,298.6,309.8,1353.0,48.875,115,11.199999999999989,6924.894876583471,5620.625,0
M,299.2,308.4,1286.5,44.675,54,9.199999999999989,6018.703784652434,2412.45,0
L,297.0,307.8,1815.0,26.824999999999996,197,10.800000000000011,5098.529987419044,5284.524999999999,0
L,297.4,308.8,1437.0,38.55,128,11.400000000000034,5801.092206522964,4934.4,0
L,302.0,310.6,1640.0,38.375,94,8.600000000000023,6590.537788455787,3607.25,0
M,302.1,311.0,1624.25,29.975,215,8.899999999999977,5098.479591036894,6444.625,0
L,296.6,307.5,1468.5,45.025000000000006,204,10.899999999999977,6923.987741704748,9185.1,0
M,302.0,310.5,2060.0,14.225000000000001,87,8.5,3068.6553441489505,1237.575,0
L,297.4,308.7,1370.5,70.75,96,11.300000000000011,10153.92852569818,6792.0,0
L,297.6,308.6,1288.25,52.725,11,11.0,7112.877963497242,579.975,0
L,300.0,311.3,1332.0,53.074999999999996,208,11.300000000000011,7403.257335963955,11039.599999999999,0
M,298.4,310.1,1206.0,71.44999999999999,96,11.700000000000045,9023.565162979425,6859.199999999999,0
L,298.8,308.8,2354.0,6.524999999999999,59,10.0,1608.4797306747057,384.9749999999999,0
M,303.6,312.3,1841.25,25.075,100,8.699999999999989,4834.842371535394,2507.5,0
M,301.8,310.8,1829.0,28.749999999999996,62,9.0,5506.557423273409,1782.4999999999998,0
L,300.5,310.6,1403.75,51.324999999999996,173,10.100000000000023,7544.793284491339,8879.224999999999,0
M,299.8,309.6,1225.25,63.400000000000006,95,9.800000000000011,8134.719589487023,6023.000000000001,0
L,303.2,311.2,1255.0,52.025000000000006,29,8.0,6837.296801425877,1508.7250000000001,1
M,297.6,308.6,1480.75,32.425,88,11.0,5027.942981982169,2853.3999999999996,0
M,297.3,308.4,1531.5,37.150000000000006,87,11.099999999999966,5958.054029477945,3232.0500000000006,0
L,300.6,311.6,2306.75,7.7499999999999964,15,11.0,1872.1077871976318,116.24999999999994,0
M,301.1,311.3,1300.5,63.574999999999996,8,10.199999999999989,8658.154740467946,508.59999999999997,0
L,298.9,310.4,1913.0,16.325,30,11.5,3270.3691544543162,489.75,0
L,299.9,309.3,1444.0,43.449999999999996,109,9.400000000000034,6570.305931766668,4736.049999999999,0
M,298.2,309.0,1342.5,54.125,97,10.800000000000011,7609.231931305752,5250.125,0
L,297.4,309.0,1503.5,38.900000000000006,209,11.600000000000023,6124.65530589169,8130.100000000001,0
M,302.8,311.0,1507.0,28.749999999999996,82,8.199999999999989,4537.114290253158,2357.4999999999995,0
M,303.8,312.5,2971.75,2.0,146,8.699999999999989,622.4018645536978,292.0,0
H,301.4,310.3,1689.0,42.925,11,8.900000000000034,7592.216280095747,472.17499999999995,0
L,298.0,307.3,1361.75,51.675,185,9.300000000000011,7368.964888654613,9559.875,0
M,295.3,305.8,1650.5,33.650000000000006,184,10.5,5816.064513511199,6191.600000000001,0
H,298.8,308.5,1248.0,53.6,85,9.699999999999989,7004.997635268377,4556.0,0
M,297.4,308.8,1248.0,55.525000000000006,220,11.400000000000034,7256.576374967849,12215.500000000002,0
M,297.5,308.4,1662.75,34.35,80,10.899999999999977,5981.11724654611,2748.0,0
L,297.2,308.3,1767.75,23.325,124,11.100000000000023,4317.885446405559,2892.2999999999997,0
L,300.7,310.6,1697.75,22.1,47,9.900000000000034,3929.1140100222924,1038.7,0
M,296.6,307.5,1610.25,31.549999999999997,201,10.899999999999977,5320.118298249184,6341.549999999999,0
M,298.8,309.7,1412.5,53.775000000000006,101,10.899999999999977,7954.218074578083,5431.275000000001,0
L,296.2,307.3,1864.0,22.624999999999996,42,11.100000000000023,4416.346232661411,950.2499999999999,0
L,299.1,308.5,1752.0,31.549999999999997,74,9.399999999999977,5788.447296092265,2334.7,0
L,299.8,309.2,1949.75,15.624999999999996,63,9.399999999999977,3190.2709772586963,984.3749999999998,0
M,297.4,308.0,1389.75,44.5,190,10.600000000000023,6476.275445650848,8455.0,0
L,301.6,309.8,1648.75,29.624999999999996,89,8.199999999999989,5114.954626511093,2636.6249999999995,0
M,300.7,311.7,1340.75,56.225,219,11.0,7894.159331521548,12313.275,0
L,303.8,312.6,1629.5,42.574999999999996,134,8.800000000000011,7265.033804190698,5705.049999999999,0
M,300.7,309.6,1298.75,59.725,160,8.900000000000034,8122.8856026600315,9556.0,0
L,302.2,311.4,1372.25,45.725,29,9.199999999999989,6570.759499206031,1326.025,0
L,302.4,311.5,1503.5,36.625,79,9.100000000000023,5766.46531049571,2893.375,0
L,300.2,311.6,1276.0,69.875,155,11.400000000000034,9336.865726346425,10830.625,0
H,302.9,312.3,1349.5,55.525000000000006,26,9.400000000000034,7846.754661874287,1443.65,0
L,298.3,309.4,1438.75,51.150000000000006,10,11.099999999999966,7706.542763750698,511.50000000000006,0
M,298.8,308.6,1494.75,35.225,210,9.800000000000011,5513.76410592105,7397.25,0
L,300.3,311.8,1577.0,39.775000000000006,121,11.5,6568.564965837806,4812.775000000001,0
M,303.3,312.4,1503.5,38.375,68,9.099999999999966,6041.996076184924,2609.5,0
L,296.6,307.4,1697.75,19.299999999999997,175,10.799999999999955,3431.3077101099652,3377.4999999999995,0
L,300.4,310.5,1323.25,65.32499999999999,44,10.100000000000023,9052.112422723512,2874.2999999999993,0
L,297.6,309.5,1699.5,33.650000000000006,42,11.899999999999977,5988.73168174025,1413.3000000000002,0
H,297.3,308.0,1291.75,56.225,206,10.699999999999989,7605.653788173008,11582.35,0
L,303.8,312.8,1395.0,41.525000000000006,145,9.0,6066.140524724702,6021.125000000001,0
L,299.0,310.2,1340.75,47.475,246,11.199999999999989,6665.632979350566,11678.85,0
M,302.3,311.6,1788.75,28.400000000000006,52,9.300000000000011,5319.815919956277,1476.8000000000002,0
H,302.8,312.4,1339.0,64.44999999999999,246,9.599999999999966,9037.163023181713,15854.699999999997,1
M,301.5,310.7,2144.0,7.575000000000003,152,9.199999999999989,1700.7325989473711,1151.4000000000005,0
L,302.4,311.4,2074.0,17.374999999999996,121,9.0,3773.6549155532784,2102.3749999999995,0
L,298.0,307.7,1458.0,44.675,47,9.699999999999989,6821.041677437426,2099.725,0
L,298.7,309.6,1393.25,67.6,194,10.900000000000034,9862.894000263499,13114.4,0
L,300.1,309.6,1181.5,52.375,75,9.5,6480.169711544361,3928.125,0
H,300.1,311.5,1290.0,56.225,33,11.399999999999977,7595.350018767703,1855.425,0
H,297.4,308.6,1354.75,50.449999999999996,120,11.200000000000045,7157.295502129715,6053.999999999999,0
M,299.9,311.3,1300.5,57.8,55,11.400000000000034,7871.668800614192,3179.0,0
H,296.6,307.4,1330.25,42.925,189,10.799999999999955,5979.600773592283,8112.825,0
M,300.8,312.0,1099.25,85.0,159,11.199999999999989,9784.62121929931,13515.0,0
L,298.1,307.7,1962.0,17.549999999999997,127,9.599999999999966,3605.8258000107558,2228.8499999999995,0
L,300.4,311.8,1262.0,70.4,10,11.400000000000034,9303.805699655148,704.0,0
L,301.5,310.7,1333.75,53.074999999999996,79,9.199999999999989,7412.983837719163,4192.924999999999,0
H,300.9,311.4,1297.0,45.025000000000006,121,10.5,6115.364045618699,5448.025000000001,0
L,298.1,307.8,1342.5,64.975,113,9.699999999999989,9134.592974348105,7342.174999999999,0
H,299.1,308.8,1610.25,51.85,192,9.699999999999989,8743.205507582257,9955.2,0
L,301.8,310.8,1575.25,46.25,29,9.0,7629.390484166287,1341.25,0
H,298.5,309.4,1622.5,29.1,143,10.899999999999977,4944.317058035956,4161.3,0
H,298.9,309.3,1276.0,45.025000000000006,58,10.400000000000034,6016.348899159182,2611.4500000000003,0
M,298.3,308.1,1883.25,20.35,89,9.800000000000011,4013.2942941721703,1811.15,0
L,300.6,310.9,1445.75,53.6,75,10.299999999999955,8114.964207683698,4020.0,0
L,299.5,310.0,1340.75,55.875,56,10.5,7845.0182774347095,3129.0,0
M,304.0,313.5,1900.75,16.15,126,9.5,3214.5941038806463,2034.8999999999999,0
L,298.9,308.3,2116.0,11.95,33,9.400000000000034,2647.9646719067405,394.34999999999997,0
L,297.4,308.4,1216.5,61.650000000000006,49,11.0,7853.691036654026,3020.8500000000004,0
L,301.0,311.0,1384.5,68.3,33,10.0,9902.441415784439,2253.9,0
M,297.1,308.4,1696.0,27.35,184,11.299999999999955,4857.488673078491,5032.400000000001,0
M,301.3,310.9,1515.75,34.875,159,9.599999999999966,5535.672787689022,5545.125,0
L,301.5,310.6,1412.5,47.3,208,9.100000000000023,6996.457739238369,9838.4,0
L,302.5,311.2,1017.0,75.475,167,8.699999999999989,8038.086817456478,12604.324999999999,0
L,299.3,309.1,1486.0,47.3,55,9.800000000000011,7360.521203899622,2601.5,0
L,298.9,310.1,1393.25,54.3,181,11.200000000000045,7922.4133759513015,9828.3,0
L,302.4,311.4,1407.25,47.475,56,9.0,6996.242409241904,2658.6,0
L,300.6,311.7,1489.5,46.6,198,11.099999999999966,7268.671506684168,9226.800000000001,0
M,296.6,307.5,1463.25,40.125,153,10.899999999999977,6148.401164863541,6139.125,0
L,302.0,309.7,1584.0,31.199999999999996,207,7.699999999999989,5175.334073817681,6458.399999999999,0
M,297.4,308.4,1391.5,52.199999999999996,116,11.0,7606.4555487981415,6055.2,0
M,300.4,311.8,1857.0,22.799999999999997,165,11.400000000000034,4433.792543864346,3761.9999999999995,0
L,301.0,310.4,1605.0,30.499999999999996,124,9.399999999999977,5126.293812495144,3781.9999999999995,0
M,298.5,309.3,1830.75,17.025,118,10.800000000000011,3263.9596509425232,2008.9499999999998,0
L,301.3,310.6,1512.25,37.675,47,9.300000000000011,5966.305291682904,1770.725,0
L,298.9,310.1,1673.25,37.150000000000006,58,11.200000000000045,6509.509568935013,2154.7000000000003,0
M,300.2,309.6,1592.75,32.949999999999996,36,9.400000000000034,5495.809249407314,1186.1999999999998,0
L,300.6,309.5,1384.5,40.3,55,8.899999999999977,5842.875388815708,2216.5,0
H,300.3,309.9,1804.5,22.975,130,9.599999999999966,4341.512186655964,2986.75,0
M,297.5,308.7,1235.75,63.05,171,11.199999999999989,8159.138927383987,10781.55,0
L,301.5,310.4,1092.25,65.15,26,8.899999999999977,7451.866937293563,1693.9,0
M,300.8,310.6,1573.5,35.925,155,9.800000000000011,5919.597008407188,5568.375,0
L,297.0,308.1,1559.5,38.55,103,11.100000000000023,6295.618160106167,3970.6499999999996,0
L,302.4,311.9,2137.0,15.624999999999996,121,9.5,3496.6580732923885,1890.6249999999995,0
L,300.3,309.6,1381.0,49.75,181,9.300000000000011,7194.744595557444,9004.75,0
L,302.3,310.8,1356.5,42.75,102,8.5,6072.73786929724,4360.5,0
M,301.2,309.9,1417.75,59.199999999999996,15,8.699999999999989,8789.212822997139,887.9999999999999,0
L,298.2,308.9,1678.5,26.299999999999997,79,10.699999999999989,4622.806465867576,2077.7,0
L,301.1,310.0,1517.5,36.8,17,8.899999999999977,5847.9700049022795,625.5999999999999,0
M,296.0,306.6,1305.75,60.074999999999996,124,10.600000000000023,8214.524551368306,7449.299999999999,0
L,298.0,308.5,1867.5,14.575,124,10.5,2850.3473796479343,1807.3,0
L,300.0,311.2,1501.75,36.625,58,11.199999999999989,5759.7534286910095,2124.25,0
L,300.0,311.5,1671.5,34.875,35,11.5,6104.487590052581,1220.625,0
L,300.9,311.3,1692.5,27.525000000000006,170,10.400000000000034,4878.481056989165,4679.250000000001,0
M,298.9,309.6,1116.75,67.07499999999999,166,10.700000000000045,7844.138631491703,11134.449999999999,0
M,302.6,312.3,1610.25,34.35,46,9.699999999999989,5792.268258157194,1580.1000000000001,0
L,300.1,311.4,1895.5,21.575,71,11.299999999999955,4282.557582517473,1531.825,0
L,300.7,309.6,1776.5,23.325,129,8.900000000000034,4339.258093927012,3008.9249999999997,0
H,299.5,309.1,1578.75,47.824999999999996,40,9.600000000000023,7906.730938123664,1912.9999999999998,0
L,300.2,309.7,1969.0,17.725,104,9.5,3654.774431547564,1843.4,0
L,300.2,309.8,1237.5,74.25,26,9.600000000000023,9622.109249322988,1930.5,0
L,297.9,307.8,1503.5,35.574999999999996,100,9.900000000000034,5601.146851082181,3557.4999999999995,0
L,303.6,311.8,1836.0,24.025,90,8.199999999999989,4619.17792635268,2162.25,0
L,298.9,308.5,1598.0,30.324999999999996,126,9.600000000000023,5074.651265257884,3820.9499999999994,0
L,298.2,308.7,1333.75,51.324999999999996,3,10.5,7168.561384285182,153.975,0
L,299.0,310.4,1536.75,39.949999999999996,120,11.399999999999977,6429.076943021478,4793.999999999999,0
H,299.1,309.4,2039.0,13.350000000000001,77,10.299999999999955,2850.5398021979668,1027.95,0
M,297.4,309.3,1606.75,33.3,126,11.900000000000034,5603.006935732493,4195.799999999999,0
M,298.8,308.6,1470.25,42.225,13,9.800000000000011,6501.139188008604,548.9250000000001,0
L,299.9,309.2,1599.75,38.375,180,9.300000000000011,6428.78830919643,6907.5,0
L,302.0,309.9,1298.75,60.25,183,7.899999999999977,8194.288113189901,11025.75,0
M,300.2,309.5,1743.25,20.7,92,9.300000000000011,3778.8411614255806,1904.3999999999999,0
L,299.2,310.3,1507.0,42.574999999999996,158,11.100000000000023,6718.874466348808,6726.849999999999,0
M,302.5,311.0,1430.0,45.725,181,8.5,6847.284448070413,8276.225,0
M,302.3,311.0,1575.25,32.425,70,8.699999999999989,5348.821328629013,2269.75,0
L,302.3,311.3,1813.25,30.499999999999996,127,9.0,5791.434427107053,3873.4999999999995,0
L,302.7,312.2,1620.75,30.499999999999996,228,9.5,5176.59856486075,6953.999999999999,0
L,302.5,312.0,1486.0,38.199999999999996,186,9.5,5944.43784331851,7105.199999999999,0
M,296.9,307.7,2383.75,2.0,3,10.800000000000011,499.25143253297796,6.0,0
L,300.5,309.8,1426.5,62.175,146,9.300000000000011,9287.871279916753,9077.55,0
H,299.7,309.2,1438.75,57.1,132,9.5,8603.00277243724,7537.2,0
M,304.2,313.7,2567.5,2.499999999999993,139,9.5,672.1699281743142,347.49999999999903,0
L,300.9,312.0,1494.75,47.650000000000006,188,11.100000000000023,7458.647541437561,8958.2,0
M,298.2,309.5,1456.25,34.175,182,11.300000000000011,5211.624050455929,6219.849999999999,0
L,302.1,310.9,1785.25,24.025,203,8.799999999999955,4491.496401427627,4877.075,0
L,298.3,307.7,1433.5,56.75,109,9.399999999999977,8519.069888708831,6185.75,0
M,300.8,311.9,1242.75,47.824999999999996,214,11.099999999999966,6223.9682491548265,10234.55,0
L,298.8,309.6,1692.5,18.775,143,10.800000000000011,3327.646933513953,2684.825,0
M,299.2,308.9,1402.0,39.6,22,9.699999999999989,5813.957028439415,871.2,0
L,297.7,308.7,1834.25,21.225,102,11.0,4076.9449248293076,2164.9500000000003,0
L,298.4,309.2,1223.5,62.525000000000006,196,10.800000000000011,8010.991889816206,12254.900000000001,0
L,297.6,308.6,1479.0,36.975,152,11.0,5726.707146467592,5620.2,0
M,296.2,307.2,1727.5,24.725,0,11.0,4472.8359955637725,0.0,0
L,298.6,309.9,1696.0,20.7,199,11.299999999999955,3676.4173869369192,4119.3,0
L,300.3,310.4,1918.25,15.624999999999996,7,10.099999999999966,3138.7292227857392,109.37499999999997,0
L,301.3,310.8,1302.25,70.75,164,9.5,9648.269553148817,11603.0,0
M,303.5,312.8,1276.0,50.275000000000006,89,9.300000000000011,6717.866538705783,4474.475,0
M,299.6,310.8,1367.0,58.5,98,11.199999999999989,8374.386457041632,5733.0,0
L,302.2,310.8,1232.25,69.35,76,8.600000000000023,8948.98768037402,5270.599999999999,0
L,302.3,311.0,1654.0,27.525000000000006,171,8.699999999999989,4767.508223491923,4706.775000000001,0
L,301.6,310.9,1855.25,21.924999999999997,193,9.299999999999955,4259.618065660042,4231.525,0
M,301.9,311.5,1480.75,41.699999999999996,150,9.600000000000023,6466.159517306289,6254.999999999999,0
L,301.0,310.9,1631.25,37.5,49,9.899999999999977,6405.903770210437,1837.5,0
L,302.2,311.1,1442.25,39.6,97,8.900000000000034,5980.86984612464,3841.2000000000003,0
M,300.6,310.3,1694.25,27.525000000000006,0,9.699999999999989,4883.525276693586,0.0,0
L,298.2,308.4,1456.25,45.375,183,10.199999999999989,6919.603256457581,8303.625,0
L,296.4,307.2,1928.75,14.575,144,10.800000000000011,2943.832668538663,2098.7999999999997,0
L,300.6,310.3,1753.75,23.674999999999997,217,9.699999999999989,4347.96750506062,5137.474999999999,1
L,298.4,308.1,1479.0,57.8,156,9.700000000000045,8952.093930110259,9016.8,0
L,297.0,307.9,1661.0,25.775,170,10.899999999999977,4483.290954115531,4381.75,0
L,301.2,310.7,1802.75,26.999999999999996,98,9.5,5097.155540633099,2645.9999999999995,0
M,300.8,309.7,1463.25,38.55,171,8.899999999999977,5907.0620537193645,6592.049999999999,0
L,298.9,309.0,1671.5,26.824999999999996,202,10.100000000000023,4695.423071058365,5418.649999999999,0
L,300.3,310.6,2030.25,12.999999999999996,88,10.300000000000011,2763.8946768119595,1143.9999999999998,0
L,297.4,308.5,1136.0,61.475,130,11.100000000000023,7313.166930634512,7991.75,0
L,297.6,309.2,1689.0,28.225,155,11.599999999999966,4992.202784058299,4374.875,0
L,297.8,308.4,1274.25,52.725,150,10.599999999999966,7035.579076255665,7908.75,0
L,298.8,309.8,1426.5,39.25,141,11.0,5863.272179119141,5534.25,0
H,299.9,309.8,1319.75,55.525000000000006,119,9.900000000000034,7673.771370884469,6607.475,0
M,298.7,309.6,2019.75,13.7,78,10.900000000000034,2897.655838020179,1068.6,0
L,300.0,309.0,1414.25,60.775000000000006,2,9.0,9000.772253779165,121.55000000000001,0
L,301.9,310.8,1433.5,47.824999999999996,57,8.900000000000034,7179.286650704843,2726.0249999999996,0
L,300.2,311.5,1543.75,33.475,125,11.300000000000011,5411.6060578110055,4184.375,0
L,297.7,309.3,1598.0,34.875,145,11.600000000000023,5836.058132757419,5056.875,0
L,297.9,307.3,1498.25,34.525000000000006,12,9.400000000000034,5416.847281554746,414.30000000000007,0
L,297.3,308.7,1235.75,64.44999999999999,91,11.399999999999977,8340.309339728754,5864.949999999999,0
L,300.4,309.8,1517.5,27.874999999999996,117,9.400000000000034,4429.678366485082,3261.3749999999995,0
L,299.8,309.5,1573.5,26.650000000000006,18,9.699999999999989,4391.294649242912,479.7000000000001,0
L,297.5,308.3,3200.0,2.0,127,10.800000000000011,670.2064327658225,254.0,1
M,301.1,310.7,1706.5,24.549999999999997,108,9.599999999999966,4387.18963484222,2651.3999999999996,0
L,300.1,311.4,1774.75,25.249999999999996,38,11.299999999999955,4692.7474813150575,959.4999999999999,0
M,300.0,309.5,1363.5,41.699999999999996,178,9.5,5954.150600605859,7422.599999999999,0
L,303.7,312.7,1620.75,35.400000000000006,192,9.0,6008.2488261006765,6796.800000000001,0
M,297.5,308.4,1325.0,47.824999999999996,25,10.899999999999977,6635.894532391989,1195.625,0
L,303.3,311.3,1307.5,53.25,18,8.0,7291.047500359361,958.5,0
L,300.3,311.3,1200.75,76.175,112,11.0,9578.415585997778,8531.6,0
H,296.9,307.9,1594.5,34.175,63,11.0,5706.3928229713165,2153.0249999999996,0
L,298.5,310.0,2026.75,15.975000000000001,22,11.5,3390.546199928108,351.45000000000005,0
L,298.1,308.9,2607.75,2.0,78,10.799999999999955,546.1658828265855,156.0,0
L,300.3,311.7,1619.0,24.9,123,11.399999999999977,4221.577960114356,3062.7,0
L,298.2,307.9,1965.5,17.9,188,9.699999999999989,3684.2975485096736,3365.2,0
M,300.0,310.2,1395.0,73.025,68,10.199999999999989,10667.788364070351,4965.700000000001,0
L,304.3,313.5,2023.25,14.749999999999996,170,9.199999999999989,3125.145107051311,2507.4999999999995,0
M,299.1,308.9,1314.5,62.0,112,9.799999999999955,8534.555322497152,6944.0,0
L,297.4,309.2,1354.75,50.1,193,11.800000000000011,7107.64132124279,9669.300000000001,0
H,301.6,310.4,1265.5,49.75,156,8.799999999999955,6593.01179267049,7761.0,0
H,299.2,308.8,2208.75,7.575000000000003,104,9.600000000000023,1752.0956753381556,787.8000000000003,0
L,302.5,311.9,1155.25,74.775,172,9.399999999999977,9046.092345801075,12861.300000000001,0
L,303.5,312.3,2275.25,7.225000000000001,112,8.800000000000011,1721.4546749901426,809.2000000000002,0
M,296.9,307.8,2089.75,13.350000000000001,157,10.900000000000034,2921.4887452884755,2095.9500000000003,0
L,299.0,310.4,1867.5,19.299999999999997,116,11.399999999999977,3774.387953839116,2238.7999999999997,0
L,299.0,310.0,1249.75,54.475,37,11.0,7129.334673014297,2015.575,0
M,300.5,311.4,1165.75,60.25,60,10.899999999999977,7355.142535477288,3615.0,0
M,298.8,310.6,1739.75,29.449999999999996,9,11.800000000000011,5365.383412399656,265.04999999999995,0
L,301.5,310.6,1533.25,42.05,114,9.100000000000023,6751.613788790031,4793.7,0
H,299.1,310.6,2004.0,19.299999999999997,168,11.5,4050.2669127141044,3242.3999999999996,0
L,299.7,309.0,1340.75,56.400000000000006,85,9.300000000000011,7918.729858564969,4794.000000000001,0
L,297.6,309.5,1624.25,24.374999999999996,151,11.899999999999977,4145.969642419492,3680.6249999999995,0
L,295.8,306.4,1188.5,68.65,65,10.599999999999966,8544.13979808448,4462.25,0
L,298.3,309.6,1354.75,47.475,197,11.300000000000011,6735.234964590846,9352.575,0
L,300.0,309.7,1589.25,26.299999999999997,117,9.699999999999989,4377.000402669077,3077.0999999999995,0
M,302.1,311.5,1216.5,59.199999999999996,99,9.399999999999977,7541.5816605015125,5860.799999999999,0
H,299.1,310.0,1374.0,56.925,205,10.899999999999977,8190.650410696432,11669.625,0
L,300.8,311.2,1314.5,55.525000000000006,111,10.399999999999977,7643.244907768619,6163.275000000001,0
L,300.1,311.5,1773.0,24.725,203,11.399999999999977,4590.644411076451,5019.175,0
M,297.9,309.1,1211.25,57.1,56,11.200000000000045,7242.666973494079,3197.6,0
M,299.3,310.7,1389.75,49.925,146,11.399999999999977,7265.798912901542,7289.049999999999,0
L,298.0,308.7,1514.0,50.449999999999996,114,10.699999999999989,7998.631031721267,5751.299999999999,0
L,300.7,310.6,1402.0,41.525000000000006,82,9.900000000000034,6096.579939544109,3405.0500000000006,0
M,301.4,310.0,1759.0,22.45,44,8.600000000000023,4135.33600578556,987.8,0
L,297.3,308.6,1514.0,32.775000000000006,120,11.300000000000011,5196.33562070693,3933.000000000001,0
H,302.1,310.1,2096.75,13.350000000000001,171,8.0,2931.2748064044076,2282.8500000000004,0
L,301.3,310.5,1500.0,55.35,72,9.199999999999989,8694.357668809753,3985.2000000000003,0
L,298.8,309.3,1407.25,48.699999999999996,63,10.5,7176.766831597276,3068.1,0
L,304.0,313.3,1528.0,34.525000000000006,117,9.300000000000011,5524.406905533557,4039.4250000000006,0
M,299.5,309.3,1801.0,21.4,132,9.800000000000011,4036.0459699688545,2824.7999999999997,0
M,299.1,310.1,1617.25,24.374999999999996,226,11.0,4128.1018342022,5508.749999999999,0
L,300.4,309.5,1864.0,21.4,215,9.100000000000023,4177.22914382118,4601.0,0
M,300.2,309.8,1435.25,50.275000000000006,41,9.600000000000023,7556.283659621845,2061.275,0
H,298.6,309.5,1535.0,30.150000000000006,119,10.899999999999977,4846.456446876635,3587.850000000001,0
L,302.1,311.4,1580.5,48.35,31,9.299999999999955,8002.387852936186,1498.8500000000001,0
M,304.1,313.6,1391.5,46.775000000000006,131,9.5,6815.937898372283,6127.525000000001,0
L,301.6,310.0,1610.25,23.325,79,8.399999999999977,3933.177791019404,1842.675,0
L,301.0,311.3,1230.5,52.55,71,10.300000000000011,6771.4699633576565,3731.0499999999997,0
L,302.3,310.9,2179.0,10.024999999999999,135,8.599999999999966,2287.5480727175295,1353.3749999999998,0
L,297.8,307.5,1636.5,28.225,116,9.699999999999989,4837.027741925048,3274.1000000000004,0
M,300.1,311.6,1377.5,60.25,76,11.5,8691.150626309212,4579.0,0
L,303.9,312.7,1213.0,79.32499999999999,156,8.800000000000011,10076.263119313684,12374.699999999999,0
L,300.6,310.2,1281.25,53.074999999999996,71,9.599999999999966,7121.1887850629255,3768.325,0
L,302.8,312.1,1472.0,34.35,84,9.300000000000011,5294.965922066381,2885.4,0
L,302.9,312.4,2422.25,3.7250000000000014,192,9.5,944.8739149737701,715.2000000000003,0
L,299.7,309.3,1398.5,44.85,0,9.600000000000023,6568.308402437761,0.0,0
H,304.1,313.4,1837.75,22.1,65,9.299999999999955,4253.11693236252,1436.5,0
L,297.4,308.8,1237.5,56.75,188,11.400000000000034,7354.272052512856,10669.0,0
H,296.7,307.4,1776.5,30.150000000000006,109,10.699999999999989,5608.94454584778,3286.350000000001,0
H,296.9,307.9,1577.0,27.35,79,11.0,4516.66252207829,2160.65,0
M,297.9,307.6,1685.5,23.325,64,9.700000000000045,4116.982559703901,1492.8,0
L,300.3,311.8,1351.25,50.625,53,11.5,7163.567560962913,2683.125,0
M,302.3,311.9,1508.75,44.324999999999996,159,9.599999999999966,7003.169621043069,7047.674999999999,0
L,302.2,311.5,1461.5,41.0,93,9.300000000000011,6274.964806402692,3813.0,0
L,300.3,310.2,1265.5,55.699999999999996,36,9.899999999999977,7381.5227507888685,2005.1999999999998,0
H,298.8,310.2,1416.0,48.875,107,11.399999999999977,7247.340092566294,5229.625,0
L,299.7,309.3,1655.75,30.150000000000006,8,9.600000000000023,5227.700496362208,241.20000000000005,0
L,298.0,308.2,1519.25,36.625,9,10.199999999999989,5826.872246738016,329.625,0
H,301.4,310.4,1687.25,37.85,16,9.0,6687.656198350699,605.6,0
M,298.6,309.4,1431.75,34.875,179,10.799999999999955,5228.896265065979,6242.625,0
L,300.0,311.5,1930.5,19.825,83,11.5,4007.851484899825,1645.475,0
L,302.5,311.4,1598.0,36.1,209,8.899999999999977,6041.052289391909,7544.900000000001,0
M,301.8,311.0,1942.75,17.025,33,9.199999999999989,3463.639280004691,561.8249999999999,0
L,302.3,311.5,1403.75,57.1,28,9.199999999999989,8393.720341830598,1598.8,0
M,300.7,309.8,1477.25,38.199999999999996,173,9.100000000000023,5909.435265169764,6608.599999999999,0
L,303.5,311.7,2298.0,9.325,157,8.199999999999989,2244.023924495921,1464.0249999999999,0
L,300.4,311.1,1472.0,35.75,162,10.700000000000045,5510.772393416975,5791.5,0
L,300.3,311.8,1342.5,50.8,182,11.5,7141.782579405676,9245.6,0
M,300.1,309.5,1428.25,45.199999999999996,50,9.399999999999977,6760.382759284363,2260.0,0
M,300.6,309.5,1547.25,40.650000000000006,93,8.899999999999977,6586.423611076525,3780.4500000000007,0
L,303.0,311.2,1274.25,54.650000000000006,65,8.199999999999989,7292.449436081027,3552.2500000000005,1
L,302.2,310.1,1421.25,49.225,15,7.900000000000034,7326.302060418864,738.375,0
L,299.1,308.2,1613.75,28.574999999999996,123,9.099999999999966,4828.932250355828,3514.7249999999995,0
H,298.3,309.0,2060.0,15.624999999999996,181,10.699999999999989,3370.667117914048,2828.1249999999995,0
L,297.5,308.5,1547.25,37.675,93,11.0,6104.391378777565,3503.7749999999996,0
L,304.1,313.6,1288.25,52.025000000000006,134,9.5,7018.444306324211,6971.35,0
H,303.3,311.8,2030.25,18.775,44,8.5,3991.701735164965,826.0999999999999,0
H,300.5,309.4,1498.25,30.324999999999996,40,8.899999999999977,4757.882514501017,1212.9999999999998,0
M,300.4,311.5,1452.75,27.35,144,11.100000000000023,4160.799923239845,3938.4,0
L,302.1,311.2,1424.75,52.375,198,9.099999999999966,7814.322299215259,10370.25,0
H,299.5,309.2,2145.75,9.850000000000001,162,9.699999999999989,2213.3187832978983,1595.7000000000003,0
H,302.2,311.6,1244.5,47.650000000000006,142,9.400000000000034,6209.9259844917515,6766.300000000001,0
M,300.7,309.5,1727.5,25.075,90,8.800000000000011,4536.152177502997,2256.75,0
M,298.9,309.8,2277.0,8.274999999999999,105,10.900000000000034,1973.1479519217748,868.8749999999999,0
H,297.9,308.7,1573.5,33.125,120,10.800000000000011,5458.222711300991,3975.0,0
L,298.2,308.6,1237.5,64.975,38,10.400000000000034,8420.155535013619,2469.0499999999997,0
L,301.9,309.7,1361.75,45.199999999999996,140,7.800000000000011,6445.616119345689,6327.999999999999,0
L,303.9,313.4,1393.25,55.175,174,9.5,8050.076574919209,9600.449999999999,0
L,300.0,309.8,1270.75,39.6,105,9.800000000000011,5269.676101204984,4158.0,0
L,299.1,310.6,1190.25,57.275000000000006,78,11.5,7138.9099856230505,4467.450000000001,0
L,302.0,311.0,1725.75,30.150000000000006,18,9.0,5448.711539542249,542.7,0
H,300.7,310.3,1265.5,59.025000000000006,12,9.600000000000023,7822.161227384436,708.3000000000001,0
L,300.2,309.5,2690.0,2.0,39,9.300000000000011,563.3922825437695,78.0,0
H,297.5,308.5,1794.0,19.299999999999997,158,11.0,3625.8377452141235,3049.3999999999996,0
L,302.6,311.9,1412.5,38.725,84,9.299999999999955,5728.072430274964,3252.9,0
L,302.9,311.2,1934.0,11.95,196,8.300000000000011,2420.209676496993,2342.2,0
M,304.3,313.4,1711.75,26.475,53,9.099999999999966,4745.750730870405,1403.1750000000002,0
L,301.6,310.8,1305.75,44.5,3,9.199999999999989,6084.8330010135605,133.5,0
L,300.9,310.4,1998.75,18.95,90,9.5,3966.3981698357084,1705.5,0
M,298.0,307.7,1472.0,42.574999999999996,160,9.699999999999989,6562.828941251125,6811.999999999999,0
L,297.5,308.9,1636.5,23.499999999999996,155,11.399999999999977,4027.2861624530947,3642.4999999999995,0
M,299.5,310.7,1361.75,42.574999999999996,101,11.199999999999989,6071.285537193423,4300.075,0
H,300.8,311.7,1438.75,38.025000000000006,39,10.899999999999977,5729.05745047156,1482.9750000000001,0
M,302.2,311.6,1655.75,36.275000000000006,79,9.400000000000034,6289.712620415889,2865.7250000000004,0
M,303.7,312.3,1942.75,16.499999999999996,190,8.600000000000023,3356.831020268863,3134.9999999999995,0
H,301.0,310.9,1486.0,35.574999999999996,21,9.899999999999977,5535.952258535497,747.0749999999999,0
H,296.4,307.5,1325.0,62.699999999999996,94,11.100000000000023,8699.855455953535,5893.799999999999,0
L,302.6,310.4,1456.25,53.775000000000006,189,7.7999999999999545,8200.58766095882,10163.475,0
H,299.4,309.0,1682.0,29.275000000000006,130,9.600000000000023,5156.458337957364,3805.750000000001,0
L,303.4,311.7,1136.0,60.074999999999996,51,8.300000000000011,7146.620632092205,3063.825,1
M,298.3,309.5,1570.0,57.625,199,11.199999999999989,9474.127145369519,11467.375,0
L,301.1,310.8,1442.25,56.574999999999996,116,9.699999999999989,8544.639180416705,6562.7,0
L,300.4,311.2,1330.25,46.6,22,10.800000000000011,6491.540967953417,1025.2,0
L,299.7,309.6,1587.5,34.699999999999996,174,9.900000000000034,5768.618610460357,6037.799999999999,0
L,302.2,311.5,1463.25,50.1,87,9.300000000000011,7676.882202109991,4358.7,0
M,302.4,310.3,1281.25,65.32499999999999,165,7.900000000000034,8764.79806658946,10778.624999999998,1
M,297.7,309.1,1900.75,19.475,167,11.400000000000034,3876.4223017384274,3252.3250000000003,0
L,298.8,308.3,1729.25,19.124999999999996,12,9.5,3463.2819238403445,229.49999999999994,0
L,303.5,312.0,1260.25,65.675,30,8.5,8667.331463508775,1970.25,1
L,297.2,308.1,1374.0,57.275000000000006,210,10.900000000000034,8241.010140933478,12027.750000000002,1
L,303.4,312.9,1300.5,64.975,109,9.5,8848.81799861431,7082.275,0
H,300.9,310.7,1325.0,41.35,207,9.800000000000011,5737.464483312259,8559.45,0
L,302.4,311.3,1500.0,37.150000000000006,120,8.900000000000034,5835.508354043041,4458.000000000001,0
M,298.7,309.9,1421.25,40.650000000000006,137,11.199999999999989,6050.059497329139,5569.050000000001,0
M,298.1,309.0,2443.25,2.0,129,10.899999999999977,511.71308339221747,258.0,0
L,298.0,308.9,1302.25,64.625,88,10.899999999999977,8812.995333883284,5687.0,0
L,300.6,311.9,1445.75,47.650000000000006,126,11.299999999999955,7214.142621196423,6003.900000000001,0
L,297.3,308.2,2187.75,12.999999999999996,47,10.899999999999977,2978.3083754194627,610.9999999999999,0
L,303.8,313.2,1207.75,53.949999999999996,176,9.399999999999977,6823.341585059242,9495.199999999999,0
L,300.6,310.6,1508.75,31.199999999999996,62,10.0,4929.473032747744,1934.3999999999996,0
M,301.4,310.6,1374.0,41.35,101,9.200000000000045,5949.642415147958,4176.35,0
L,300.8,311.1,1459.75,42.225,176,10.300000000000011,6454.710375579363,7431.6,0
M,301.5,310.5,1500.0,37.150000000000006,200,9.0,5835.508354043041,7430.000000000001,0
M,299.2,309.0,2161.5,12.124999999999996,137,9.800000000000011,2744.514977130127,1661.1249999999995,0
L,300.4,311.5,1480.75,48.35,149,11.100000000000023,7497.33363697264,7204.150000000001,0
L,297.8,309.7,1577.0,35.574999999999996,25,11.899999999999977,5874.96413977825,889.3749999999999,0
L,300.4,309.7,1473.75,32.775000000000006,177,9.300000000000011,5058.189974251544,5801.175000000001,0
L,301.3,310.6,1592.75,38.55,72,9.300000000000011,6429.8466332216085,2775.6,0
L,300.1,309.6,1608.5,31.199999999999996,32,9.5,5255.381854631149,998.3999999999999,0
L,300.4,310.6,1291.75,55.525000000000006,24,10.200000000000045,7510.963567599934,1332.6000000000001,0
L,299.7,309.2,1190.25,83.69999999999999,71,9.5,10432.59303005935,5942.699999999999,0
M,298.1,308.6,1363.5,43.625,11,10.5,6229.012468859247,479.875,0
L,297.5,308.3,1384.5,44.324999999999996,29,10.800000000000011,6426.438005192463,1285.425,0
L,303.7,312.7,2350.5,9.499999999999996,166,9.0,2338.365951883222,1576.9999999999993,0
M,297.4,308.3,1582.25,53.949999999999996,18,10.900000000000034,8939.128315429505,971.0999999999999,0
L,300.4,311.3,1486.0,59.900000000000006,175,10.900000000000034,9321.252010858085,10482.500000000002,0
M,296.7,307.8,1795.75,26.999999999999996,113,11.100000000000023,5077.3635069154825,3050.9999999999995,0
L,300.1,309.3,1818.5,17.725,203,9.199999999999989,3375.4227037934206,3598.175,0
M,300.8,310.7,1620.75,33.650000000000006,167,9.899999999999977,5711.230875657846,5619.550000000001,0
L,302.4,311.9,1127.25,85.0,139,9.5,10033.8542364841,11815.0,1
L,297.0,307.7,2137.0,10.2,118,10.699999999999989,2282.6183902452717,1203.6,0
L,301.8,311.2,2058.25,16.15,204,9.399999999999977,3480.961890996891,3294.6,0
L,300.7,311.7,2212.25,4.774999999999999,13,11.0,1106.206478708056,62.07499999999998,0
L,295.6,306.2,1757.25,19.65,35,10.599999999999966,3615.969217291034,687.75,0
L,301.4,310.4,1598.0,39.25,199,9.0,6568.18012073774,7810.75,0
L,298.7,308.5,1788.75,31.900000000000006,77,9.800000000000011,5975.427036852297,2456.3000000000006,0
M,299.9,310.4,2054.75,16.85,175,10.5,3625.663648621238,2948.7500000000005,0
L,298.8,309.7,1685.5,41.0,169,10.899999999999977,7236.711037421648,6929.0,0
L,297.3,308.7,1549.0,34.525000000000006,116,11.399999999999977,5600.331345989187,4004.9000000000005,0
L,301.8,310.2,3200.0,2.0,215,8.399999999999977,670.2064327658225,430.0,1
L,297.5,308.5,1865.75,17.2,136,11.0,3360.5511895694895,2339.2,0
L,299.8,309.7,1419.5,61.125,89,9.899999999999977,9086.212447482823,5440.125,0
M,297.9,307.5,1743.25,26.999999999999996,126,9.600000000000023,4928.923254033365,3401.9999999999995,0
L,298.9,310.1,1629.5,42.75,80,11.200000000000045,7294.895951360009,3420.0,0
H,301.7,310.1,1774.75,21.575,72,8.400000000000034,4009.7436399751437,1553.3999999999999,0
H,300.6,311.7,1556.0,28.574999999999996,92,11.099999999999966,4656.123055958895,2628.8999999999996,0
H,303.6,312.4,1459.75,59.025000000000006,2,8.799999999999955,9022.836706182876,118.05000000000001,0
M,300.1,309.2,1419.5,47.824999999999996,98,9.099999999999966,7109.171538664475,4686.849999999999,0
L,300.7,311.1,3134.5,2.0,163,10.400000000000034,656.4881448451471,326.0,0
H,295.6,306.3,1510.5,32.949999999999996,60,10.699999999999989,5212.004314066708,1976.9999999999998,0
M,297.6,308.3,1437.0,34.525000000000006,68,10.699999999999989,5195.4009968924875,2347.7000000000003,0
M,298.7,309.5,1309.25,50.8,113,10.800000000000011,6964.900441033058,5740.4,0
M,304.2,313.4,1195.5,65.675,75,9.199999999999989,8222.015286351709,4925.625,0
L,298.4,308.0,1508.75,54.125,25,9.600000000000023,8551.529740303578,1353.125,0
M,302.5,312.0,1409.0,45.900000000000006,189,9.5,6772.551194829269,8675.1,0
L,298.7,310.1,1377.5,65.85,66,11.400000000000034,9498.958817302266,4346.099999999999,0
L,297.6,308.4,1237.5,70.925,88,10.799999999999955,9191.220181929062,6241.4,0
L,299.8,309.2,1479.0,53.425,216,9.399999999999977,8274.49166463911,11539.8,0
L,302.0,311.1,1731.0,33.3,23,9.100000000000023,6036.287540533964,765.9,0
M,298.4,307.8,1699.5,25.6,173,9.400000000000034,4556.0633299420615,4428.8,0
L,301.6,309.9,1314.5,46.775000000000006,102,8.299999999999955,6438.771374351682,4771.05,0
M,302.6,311.6,1017.0,85.0,187,9.0,9052.499231318989,15895.0,1
L,298.7,309.7,2161.5,8.274999999999999,29,11.0,1873.0607369692214,239.97499999999997,0
M,300.2,309.8,1472.0,38.900000000000006,122,9.600000000000023,5996.336953955815,4745.800000000001,0
L,299.5,309.3,1629.5,34.35,14,9.800000000000011,5861.512887233131,480.90000000000003,0
L,301.6,310.4,1601.5,32.074999999999996,156,8.799999999999955,5379.256161959133,5003.699999999999,0
L,299.8,310.8,1587.5,26.650000000000006,161,11.0,4430.365589878056,4290.650000000001,0
L,302.3,311.5,1547.25,36.449999999999996,57,9.199999999999989,5905.90751841917,2077.6499999999996,0
L,299.7,310.3,1503.5,36.275000000000006,4,10.600000000000023,5711.359157357868,145.10000000000002,0
L,301.2,310.8,1027.5,83.35,45,9.600000000000023,8968.422357927291,3750.7499999999995,0
L,300.0,311.5,1654.0,26.299999999999997,79,11.5,4555.330291656223,2077.7,0
L,297.3,308.2,1939.25,21.749999999999996,123,10.899999999999977,4416.941826268654,2675.2499999999995,0
L,300.8,310.5,1379.25,48.175,89,9.699999999999989,6958.142744335493,4287.575,0
L,297.6,309.6,1496.5,57.449999999999996,222,12.0,9003.168372675993,12753.9,1
M,301.9,310.7,1445.75,52.55,73,8.800000000000011,7955.995692421237,3836.1499999999996,0
L,298.6,309.6,1302.25,58.324999999999996,196,11.0,7953.856136924449,11431.699999999999,0
L,296.3,307.3,1612.0,25.249999999999996,5,11.0,4262.408192635511,126.24999999999999,0
L,300.6,312.0,1477.25,44.150000000000006,3,11.399999999999977,6829.883951760344,132.45000000000002,0
L,297.5,308.6,1384.5,46.074999999999996,34,11.100000000000023,6680.160881878009,1566.55,0
L,302.4,311.3,1305.75,58.675,51,8.900000000000034,8023.091603021811,2992.4249999999997,0
L,301.0,312.2,1673.25,33.125,67,11.199999999999989,5804.23968966278,2219.375,0
L,301.3,310.0,1582.25,42.925,197,8.699999999999989,7112.364836697154,8456.224999999999,0
L,300.6,310.2,1402.0,50.625,17,9.599999999999966,7432.615519311751,860.625,0
L,302.0,310.6,1305.75,57.8,84,8.600000000000023,7903.4460103052525,4855.2,0
L,302.2,310.8,1214.75,53.949999999999996,54,8.600000000000023,6862.889000580181,2913.2999999999997,0
L,299.3,309.0,1353.0,51.85,158,9.699999999999989,7346.410216897248,8192.300000000001,0
L,301.2,310.3,1489.5,50.275000000000006,76,9.100000000000023,7841.898283230613,3820.9000000000005,0
M,302.3,311.0,1566.5,34.35,143,8.699999999999989,5634.89410116643,4912.05,0
L,297.8,308.9,1547.25,36.1,106,11.099999999999966,5849.197844031059,3826.6000000000004,0
L,296.8,308.1,1242.75,54.824999999999996,201,11.300000000000011,7134.951578879526,11019.824999999999,0
L,298.9,310.2,1603.25,44.675,179,11.300000000000011,7500.572749898184,7996.825,0
L,296.6,307.4,1300.5,45.025000000000006,48,10.799999999999955,6131.866570028617,2161.2000000000003,0
L,297.8,307.3,1340.75,59.025000000000006,24,9.5,8287.287764216264,1416.6000000000001,0
M,296.2,306.8,1540.25,44.324999999999996,129,10.600000000000023,7149.383270131954,5717.924999999999,0
L,299.2,308.4,1323.25,53.775000000000006,24,9.199999999999989,7451.624118361378,1290.6000000000001,0
L,299.9,309.4,1255.0,76.875,57,9.5,10103.165624403924,4381.875,0
L,297.6,309.5,2371.5,6.174999999999997,220,11.899999999999977,1533.517402969236,1358.4999999999993,0
L,302.2,310.7,1612.0,34.0,100,8.5,5739.480338598312,3400.0,0
L,299.6,311.1,1531.5,35.400000000000006,131,11.5,5677.391995787867,4637.400000000001,0
L,298.0,308.4,2214.0,8.799999999999997,13,10.399999999999977,2040.2759329473545,114.39999999999996,0
L,300.4,311.2,1853.5,20.525,20,10.800000000000011,3983.862806995789,410.5,0
L,302.5,311.2,1573.5,40.475,165,8.699999999999989,6669.330241204759,6678.375,0
L,297.0,308.1,1416.0,46.425,122,11.100000000000023,6884.04631810517,5663.849999999999,0
M,298.2,307.8,1631.25,30.674999999999997,127,9.600000000000023,5240.029284032137,3895.7249999999995,0
L,299.0,309.1,1309.25,49.225,179,10.100000000000023,6748.961106493157,8811.275,0
H,304.2,313.5,1717.0,26.650000000000006,91,9.300000000000011,4791.771790753149,2425.1500000000005,0
L,297.7,308.7,2070.5,13.874999999999996,17,11.0,3008.4087600316698,235.87499999999994,0
M,303.9,313.0,1451.0,42.05,11,9.100000000000023,6389.428734736236,462.54999999999995,0
M,297.4,309.0,1489.5,43.449999999999996,144,11.600000000000023,6777.334269644358,6256.799999999999,0
L,302.9,312.3,1547.25,31.374999999999996,185,9.400000000000034,5083.617239791535,5804.374999999999,0
L,296.0,306.7,2224.5,7.049999999999997,127,10.699999999999989,1642.2911216089656,895.3499999999997,0
L,301.0,311.6,1389.75,46.074999999999996,131,10.600000000000023,6705.491936142985,6035.825,0
M,303.8,312.6,1816.75,21.575,167,8.800000000000011,4104.635446076823,3603.025,0
H,298.5,307.9,1074.75,65.15,141,9.399999999999977,7332.4733264877605,9186.150000000001,0
M,300.6,309.8,1550.75,44.675,130,9.199999999999989,7254.959109249718,5807.75,0
H,300.7,309.5,1787.0,23.674999999999997,29,8.800000000000011,4430.402241792348,686.5749999999999,0
M,301.1,311.1,1655.75,32.775000000000006,174,10.0,5682.848549528071,5702.850000000001,0
L,299.0,310.2,1270.75,54.3,174,11.199999999999989,7225.843744834105,9448.199999999999,0
M,298.6,310.0,1515.75,35.925,27,11.399999999999977,5702.338204952777,969.9749999999999,0
L,302.0,310.8,1696.0,21.049999999999997,235,8.800000000000011,3738.579033575949,4946.749999999999,1
M,303.4,311.4,1680.25,22.1,122,8.0,3888.613644729764,2696.2000000000003,0
M,303.8,312.4,1664.5,28.749999999999996,203,8.599999999999966,5011.298431404368,5836.249999999999,0
M,298.7,308.4,1391.5,45.900000000000006,132,9.699999999999989,6688.435051529402,6058.800000000001,0
L,301.9,310.9,2018.0,12.649999999999999,54,9.0,2673.2544927681383,683.0999999999999,0
L,303.0,311.2,1781.75,22.45,186,8.199999999999989,4188.820311715987,4175.7,0
L,302.8,311.1,1582.25,26.824999999999996,76,8.300000000000011,4444.71023283404,2038.6999999999996,0
L,302.3,310.2,1309.25,67.25,57,7.899999999999977,9220.266824005379,3833.25,0
M,299.6,309.2,1759.0,24.2,92,9.599999999999966,4457.689591982653,2226.4,0
L,301.9,310.8,1906.0,25.424999999999997,66,8.900000000000034,5074.724569086467,1678.0499999999997,0
M,300.9,311.5,2082.75,8.45,12,10.600000000000023,1842.987841292733,101.39999999999999,0
L,300.5,311.4,1398.5,42.925,66,10.899999999999977,6286.3910406831865,2833.0499999999997,0
M,300.7,311.8,1332.0,44.5,224,11.100000000000023,6207.158764962713,9968.0,0
M,298.2,308.3,1738.0,28.574999999999996,191,10.100000000000023,5200.733850421954,5457.824999999999,0
M,300.7,311.9,1260.25,66.725,36,11.199999999999989,8805.903188467804,2402.1,0
M,301.8,310.3,1335.5,62.175,26,8.5,8695.374759431352,1616.55,0
L,297.7,309.6,1459.75,54.125,18,11.900000000000034,8273.799859756851,974.25,0
L,298.4,308.8,1421.25,40.475,111,10.400000000000034,6024.013730735471,4492.725,0
H,295.5,305.9,1657.5,35.400000000000006,197,10.399999999999977,6144.483991523597,6973.800000000001,0
M,302.2,311.5,1395.0,52.55,90,9.300000000000011,7676.717268495679,4729.5,0
L,302.6,310.4,1248.0,70.4,67,7.7999999999999545,9200.593909009212,4716.8,1
L,299.9,310.4,1333.75,37.5,144,10.5,5237.624002156733,5400.0,0
L,298.4,309.1,1360.0,54.3,135,10.700000000000045,7733.344476076634,7330.5,0
L,301.9,310.7,1267.25,58.324999999999996,20,8.800000000000011,7740.083846817054,1166.5,0
M,303.7,312.9,1610.25,27.35,9,9.199999999999989,4611.893358387169,246.15,0
L,300.7,310.1,1234.0,52.375,165,9.400000000000034,6768.11631319995,8641.875,0
L,298.0,309.1,2058.25,11.424999999999997,122,11.100000000000023,2462.5380560148283,1393.8499999999997,0
L,300.7,312.0,1582.25,26.999999999999996,5,11.300000000000011,4473.706478528205,134.99999999999997,0
L,300.9,310.7,1367.0,47.475,141,9.800000000000011,6796.136701676094,6693.975,0
L,298.9,310.3,1466.75,46.949999999999996,124,11.400000000000034,7211.412053581676,5821.799999999999,0
L,304.1,313.3,1442.25,40.125,70,9.199999999999989,6060.161681205838,2808.75,0
L,300.8,312.0,1288.25,56.574999999999996,177,11.199999999999989,7632.263077948913,10013.775,0
L,299.8,310.4,1841.25,19.825,103,10.599999999999966,3822.562313686508,2041.975,0
H,301.9,310.3,1762.5,26.999999999999996,100,8.400000000000034,4983.351346756808,2699.9999999999995,0
M,302.9,312.3,2035.5,14.049999999999997,180,9.400000000000034,2994.856714722247,2528.9999999999995,0
L,297.0,308.3,1480.75,54.475,137,11.300000000000011,8447.099273507436,7463.075,0
L,300.0,310.5,1340.75,62.0,142,10.5,8704.986723954398,8804.0,0
H,302.3,311.7,1417.75,49.75,130,9.399999999999977,7386.205032839657,6467.5,0
L,299.6,309.1,1332.0,58.85,85,9.5,8208.793108270913,5002.25,0
L,300.0,310.1,1433.5,41.875,60,10.100000000000023,6286.097825368852,2512.5,0
M,300.1,311.4,1626.0,22.45,210,11.299999999999955,3822.658524961524,4714.5,0
H,300.6,312.1,1239.25,52.375,138,11.5,6796.91097336551,7227.75,0
L,301.2,310.6,1384.5,59.900000000000006,112,9.400000000000034,8684.57160769382,6708.800000000001,0
M,300.2,310.1,1582.25,38.025000000000006,45,9.900000000000034,6300.469957260556,1711.1250000000002,0
L,300.9,311.0,2375.0,5.649999999999999,138,10.100000000000023,1405.2082140119342,779.6999999999998,0
M,300.7,309.5,1708.25,23.674999999999997,14,8.800000000000011,4235.162075848784,331.44999999999993,0
L,300.8,311.9,1599.75,25.95,21,11.099999999999966,4347.284863156934,544.9499999999999,0
L,301.8,310.7,1577.0,43.275000000000006,72,8.899999999999977,7146.565654220767,3115.8,0
M,302.4,310.4,1645.25,30.324999999999996,149,8.0,5224.699620879558,4518.424999999999,0
M,300.8,310.9,1533.25,43.275000000000006,115,10.099999999999966,6948.3017053481235,4976.625000000001,0
L,299.0,310.2,1813.25,20.7,49,11.199999999999989,3930.5800865939677,1014.3,0
L,297.9,309.2,1456.25,39.775000000000006,10,11.300000000000011,6065.613653456756,397.75000000000006,0
L,299.8,309.1,1970.75,13.7,113,9.300000000000011,2827.3574664083517,1548.1,0
L,300.3,311.6,1274.25,53.25,197,11.300000000000011,7105.634628935309,10490.25,0
M,300.3,311.3,1505.25,41.525000000000006,98,11.0,6545.561308130364,4069.4500000000007,0
M,297.8,307.3,2026.75,15.799999999999997,222,9.5,3353.4040662825723,3507.5999999999995,0
L,299.7,310.6,1909.5,15.975000000000001,144,10.900000000000034,3194.398899105821,2300.4,0
L,297.7,309.2,1304.0,48.175,159,11.5,6578.51596056805,7659.825,0
L,298.8,308.2,1395.0,63.75,21,9.399999999999977,9312.858722485242,1338.75,0
L,297.3,308.7,1480.75,46.6,189,11.399999999999977,7225.972026534127,8807.4,0
L,303.3,311.4,1771.25,23.674999999999997,7,8.099999999999966,4391.354208603634,165.72499999999997,0
L,298.0,308.6,1372.25,70.05,43,10.600000000000023,10066.302961604866,3012.15,0
M,298.2,309.0,1885.0,16.85,168,10.800000000000011,3326.1350420494136,2830.8,0
M,301.9,311.0,1437.0,54.475,43,9.100000000000023,8197.52264462616,2342.425,0
L,301.4,310.1,2259.5,8.45,205,8.700000000000045,1999.3907225547619,1732.2499999999998,0
L,304.0,313.0,1314.5,44.5,113,9.0,6125.608255663278,5028.5,0
L,298.4,309.5,1407.25,54.125,112,11.100000000000023,7976.232130599643,6062.0,0
L,299.2,310.2,1685.5,28.400000000000006,156,11.0,5012.746182018899,4430.400000000001,0
L,300.5,311.4,1319.75,49.225,29,10.899999999999977,6803.086820923691,1427.525,0
M,298.2,309.4,1832.5,30.499999999999996,73,11.199999999999989,5852.918013331683,2226.4999999999995,0
H,302.5,311.3,1307.5,53.425,130,8.800000000000011,7315.008689327678,6945.25,0
L,297.5,308.5,1272.5,40.125,110,11.0,5346.892521639403,4413.75,0
L,301.1,311.3,1722.25,21.924999999999997,51,10.199999999999989,3954.2526417372355,1118.175,0
L,298.9,308.7,1501.75,43.449999999999996,165,9.800000000000011,6833.072668303736,7169.249999999999,0
L,302.7,310.5,1743.25,24.2,195,7.800000000000011,4417.775657318794,4719.0,0
L,298.5,309.4,1351.25,49.225,148,10.899999999999977,6965.463964215297,7285.3,0
M,302.3,311.7,1484.25,35.225,114,9.399999999999977,5475.032195493105,4015.65,0
M,300.6,309.8,1402.0,45.375,12,9.199999999999989,6661.8257617534955,544.5,0
L,298.3,308.4,1543.75,35.574999999999996,160,10.099999999999966,5751.0944139395515,5691.999999999999,0
M,302.6,311.0,1195.5,55.35,111,8.399999999999977,6929.403062041372,6143.85,1
M,301.0,311.1,1354.75,53.25,167,10.100000000000023,7554.52894922512,8892.75,0
L,301.1,310.1,1475.5,50.449999999999996,42,9.0,7795.231233358474,2118.8999999999996,0
M,303.6,312.0,1748.5,32.775000000000006,81,8.399999999999977,6001.184169620916,2654.7750000000005,0
H,297.9,307.7,1701.25,33.125,92,9.800000000000011,5901.367262536264,3047.5,0
M,299.3,308.8,1753.75,19.999999999999996,188,9.5,3673.0454108220656,3759.9999999999995,0
L,299.4,309.1,2294.5,8.975000000000001,55,9.700000000000045,2156.508316145483,493.62500000000006,0
L,303.7,312.6,1312.75,47.475,136,8.900000000000034,6526.429008870001,6456.6,0
L,298.4,309.4,1293.5,45.900000000000006,119,11.0,6217.384649050148,5462.1,0
L,302.8,312.2,1925.25,18.249999999999996,44,9.399999999999977,3679.41368093028,802.9999999999999,0
H,298.6,308.4,1332.0,58.675,164,9.799999999999955,8184.38293335252,9622.699999999999,0
H,297.8,307.8,1778.25,24.025,48,10.0,4473.885156610378,1153.1999999999998,0
L,298.5,308.8,1153.5,73.025,26,10.300000000000011,8820.999195666775,1898.65,0
M,299.2,310.4,1498.25,39.949999999999996,34,11.199999999999989,6268.010105665808,1358.3,0
L,303.5,312.9,1101.0,83.0,113,9.399999999999977,9569.605382099868,9379.0,0
H,300.8,309.9,2441.5,3.8999999999999986,194,9.099999999999966,997.125800286132,756.5999999999997,0
L,295.7,306.2,1431.75,51.150000000000006,92,10.5,7669.0478554301035,4705.8,0
L,297.2,307.9,1160.5,57.1,167,10.699999999999989,6939.207449114451,9535.7,0
L,301.0,312.1,1801.0,24.025,200,11.100000000000023,4531.121702266436,4805.0,0
L,299.3,309.2,2859.75,2.0,207,9.899999999999977,598.944639406894,414.0,0
L,295.6,306.2,1368.75,48.175,51,10.599999999999966,6905.171565205153,2456.9249999999997,0
L,300.5,311.9,1375.75,45.725,16,11.399999999999977,6587.518587015994,731.6,0
M,298.7,309.8,1617.25,43.975,200,11.100000000000023,7447.519103960688,8795.0,0
L,300.2,309.4,1596.25,37.324999999999996,51,9.199999999999989,6239.206282521675,1903.5749999999998,0
L,300.0,310.5,1524.5,44.150000000000006,186,10.5,7048.338523918526,8211.900000000001,0
L,298.6,310.1,1881.5,17.9,5,11.5,3526.8409247117534,89.5,0
L,301.2,310.6,1300.5,49.574999999999996,64,9.400000000000034,6751.5221590043,3172.7999999999997,0
L,297.1,307.8,1368.75,46.775000000000006,179,10.699999999999989,6704.5023344571055,8372.725,0
M,297.3,308.3,1423.0,74.6,207,11.0,11116.609380531578,15442.199999999999,1
M,302.0,310.7,2644.5,2.0,17,8.699999999999989,553.8627848278805,34.0,0
H,304.1,313.3,1825.5,27.174999999999997,134,9.199999999999989,5194.933684985264,3641.45,0
L,302.5,312.0,2460.75,3.374999999999993,40,9.5,869.7008387611199,134.99999999999972,0
M,300.8,310.7,1410.75,45.55,139,9.899999999999977,6729.256121071983,6331.45,0
M,301.7,310.8,1794.0,25.6,137,9.100000000000023,4809.401361527543,3507.2000000000003,0
L,300.7,309.8,1662.75,25.424999999999997,123,9.100000000000023,4427.071499081073,3127.2749999999996,0
L,301.8,310.3,1463.25,42.75,63,8.5,6550.633016770502,2693.25,0
L,295.5,306.1,1622.5,31.725,129,10.600000000000023,5390.325040075282,4092.525,0
M,303.4,311.8,1521.0,44.85,204,8.400000000000034,7143.651827034563,9149.4,0
M,299.7,310.2,1389.75,45.199999999999996,30,10.5,6578.149441425131,1355.9999999999998,0
L,295.8,306.4,1242.75,54.3,99,10.599999999999966,7066.627829150174,5375.7,0
H,300.0,310.1,1869.25,20.525,55,10.100000000000023,4017.7154313336277,1128.875,0
M,298.7,310.1,1505.25,59.025000000000006,53,11.400000000000034,9304.076007523052,3128.3250000000003,0
L,295.9,306.6,1344.25,58.150000000000006,51,10.700000000000045,8185.748217159895,2965.65,0
M,300.2,309.5,1421.25,52.375,23,9.300000000000011,7795.125859104886,1204.625,0
M,298.4,309.1,1437.0,39.6,78,10.700000000000045,5959.0986090352635,3088.8,0
M,297.8,307.5,1328.5,52.375,113,9.699999999999989,7286.420196180012,5918.375,0
L,298.1,308.6,1388.0,48.875,205,10.5,7104.031107685039,10019.375,0
H,302.3,311.7,1405.5,48.175,152,9.399999999999977,7090.5706921613455,7322.599999999999,0
L,303.5,311.7,1704.75,24.549999999999997,141,8.199999999999989,4382.690612362891,3461.5499999999997,0
L,298.9,310.3,1487.75,33.824999999999996,161,11.400000000000034,5269.827290351436,5445.824999999999,0
L,300.7,310.9,1531.5,39.25,61,10.199999999999989,6294.848469906038,2394.25,0
L,299.6,311.0,1585.75,28.400000000000006,139,11.399999999999977,4716.085587740415,3947.600000000001,0
L,297.5,308.4,1391.5,48.175,4,10.899999999999977,7019.942453320891,192.7,0
L,298.7,310.3,1409.0,40.3,86,11.600000000000023,5946.270439033105,3465.7999999999997,0
L,300.8,311.3,1988.25,17.374999999999996,116,10.5,3617.632297902028,2015.4999999999995,0
L,300.7,310.8,2238.5,8.799999999999997,74,10.100000000000023,2062.853512151153,651.1999999999998,0
L,297.4,308.6,1423.0,42.574999999999996,196,11.200000000000045,6344.365206114368,8344.699999999999,0
L,302.0,309.7,1344.25,33.824999999999996,209,7.699999999999989,4761.529379973058,7069.424999999999,0
L,301.4,310.7,1697.75,34.175,121,9.300000000000011,6075.903678394201,4135.174999999999,0
H,298.1,308.5,1305.75,48.699999999999996,111,10.399999999999977,6659.131846053042,5405.7,0
L,299.0,308.4,1619.0,37.85,5,9.399999999999977,6417.137581940899,189.25,0
L,300.2,310.4,2033.75,15.45,35,10.199999999999989,3290.4452405076945,540.75,0
M,297.3,308.5,1862.25,18.775,138,11.199999999999989,3661.3946835665342,2590.95,0
L,298.6,309.5,1407.25,47.824999999999996,7,10.899999999999977,7047.820815629153,334.775,0
M,300.0,310.5,2002.25,15.274999999999999,123,10.5,3202.7876059893742,1878.8249999999998,0
M,301.7,309.9,1419.5,38.900000000000006,192,8.199999999999989,5782.47303406269,7468.800000000001,0
L,300.0,311.1,1363.5,53.949999999999996,179,11.100000000000023,7703.2715804001455,9657.05,0
L,301.4,310.8,1300.5,62.525000000000006,125,9.400000000000034,8515.157296858175,7815.625000000001,0
M,298.3,309.1,1473.75,41.35,176,10.800000000000011,6381.576062099201,7277.6,0
L,301.3,311.1,1711.75,41.875,0,9.800000000000011,7506.262959592,0.0,0
L,302.3,310.1,1298.75,57.625,48,7.800000000000011,7837.275560540549,2766.0,0
M,298.0,307.5,1367.0,49.225,95,9.5,7046.652535861099,4676.375,0
M,303.4,312.9,1358.25,40.125,63,9.5,5707.2037465750245,2527.875,0
L,300.4,311.1,1650.5,32.425,191,10.700000000000045,5604.335567625574,6193.174999999999,0
L,300.4,311.7,1272.5,52.900000000000006,3,11.300000000000011,7049.236495818677,158.70000000000002,0
L,300.2,310.2,1346.0,57.1,21,10.0,8048.404331329643,1199.1000000000001,0
M,297.3,308.5,1536.75,56.574999999999996,176,11.199999999999989,9104.506334203757,9957.199999999999,0
M,301.7,309.8,1116.75,85.0,111,8.100000000000023,9940.391855039803,9435.0,1
L,301.5,310.4,1363.5,65.5,7,8.899999999999977,9352.442789920475,458.5,0
L,302.0,310.8,1402.0,45.025000000000006,229,8.800000000000011,6610.43977791628,10310.725000000002,0
M,298.6,310.0,1566.5,34.875,12,11.399999999999977,5721.016936773777,418.5,0
L,303.7,313.0,1937.5,21.049999999999997,42,9.300000000000011,4270.929762708373,884.0999999999999,0
H,303.3,311.4,1759.0,23.85,50,8.099999999999966,4393.218874743235,1192.5,0
L,296.2,306.8,1300.5,63.574999999999996,132,10.600000000000023,8658.154740467946,8391.9,0
L,300.4,310.4,1470.25,51.324999999999996,48,10.0,7902.213589687188,2463.6,0
M,299.1,308.2,1381.0,49.400000000000006,45,9.099999999999966,7144.128301920357,2223.0000000000005,0
M,299.5,308.9,1403.75,45.375,74,9.399999999999977,6670.141164808466,3357.75,0
L,297.6,309.4,2296.25,8.975000000000001,108,11.799999999999955,2158.153070799331,969.3000000000002,0
L,297.5,308.5,1400.25,43.625,32,11.0,6396.901143762494,1396.0,0
L,299.9,309.4,2121.25,9.674999999999997,22,9.5,2149.173351797819,212.84999999999994,0
L,301.7,310.1,3200.0,2.0,10,8.400000000000034,670.2064327658225,20.0,0
M,297.2,308.5,1256.75,64.8,43,11.300000000000011,8528.10458558178,2786.4,0
M,301.4,310.5,1605.0,40.125,83,9.100000000000023,6744.017679553039,3330.375,0
M,302.5,310.4,1636.5,27.525000000000006,181,7.899999999999977,4717.066026447722,4982.0250000000015,0
M,298.0,307.6,1146.5,72.675,155,9.600000000000023,8725.44765510784,11264.625,0
L,298.0,307.7,1393.25,46.6,148,9.699999999999989,6798.977225033715,6896.8,0
L,297.8,309.2,1270.75,53.074999999999996,15,11.399999999999977,7062.829774531678,796.1249999999999,0
L,297.3,308.6,1139.5,50.625,184,11.300000000000011,6040.988148541898,9315.0,0
M,297.5,308.6,1066.0,76.525,77,11.100000000000023,8542.582091727074,5892.425,0
L,301.7,310.5,1612.0,38.725,114,8.800000000000011,6537.099297418225,4414.650000000001,0
H,298.6,309.7,1795.75,18.424999999999997,54,11.099999999999966,3464.830467219176,994.9499999999998,0
M,298.2,308.9,1655.75,31.900000000000006,142,10.699999999999989,5531.132531806116,4529.800000000001,0
H,297.6,309.0,1239.25,67.6,46,11.399999999999977,8772.719461565792,3109.6,0
L,298.8,310.6,2025.0,14.749999999999996,209,11.800000000000011,3127.848185730337,3082.749999999999,0
M,302.5,310.4,1510.5,36.1,45,7.899999999999977,5710.268762907684,1624.5,0
L,298.2,308.4,1515.75,31.374999999999996,181,10.199999999999989,4980.121396809836,5678.874999999999,0
L,298.9,309.6,1780.0,29.275000000000006,195,10.700000000000045,5456.894079407912,5708.625000000001,0
L,300.7,310.4,1570.0,53.074999999999996,203,9.699999999999989,8726.061574672229,10774.224999999999,0
L,303.4,312.7,1554.25,32.425,98,9.300000000000011,5277.515029374158,3177.6499999999996,0
L,299.3,309.3,1543.75,36.449999999999996,45,10.0,5892.547895659779,1640.2499999999998,0
L,300.3,310.6,1377.5,64.44999999999999,86,10.300000000000011,9297.006769554002,5542.699999999999,0
L,300.9,311.5,1503.5,42.225,129,10.600000000000023,6648.163760701197,5447.025000000001,0
M,302.6,311.6,1526.25,38.55,184,9.0,6161.389686990726,7093.2,0
L,302.0,310.4,1431.75,52.900000000000006,159,8.399999999999977,7931.429746867106,8411.1,0
L,300.1,310.1,1615.5,46.425,17,10.0,7853.938437075495,789.2249999999999,0
L,301.3,310.6,1365.25,41.525000000000006,54,9.300000000000011,5936.773011742222,2242.3500000000004,0
M,298.0,307.5,1374.0,62.875,92,9.5,9046.765824726188,5784.5,0
L,298.1,307.6,1239.25,46.074999999999996,155,9.5,5979.335047213667,7141.624999999999,0
M,297.4,308.7,2016.25,10.549999999999997,135,11.300000000000011,2227.539726043147,1424.2499999999995,0
L,302.7,310.5,1234.0,43.449999999999996,10,7.800000000000011,5614.790526177333,434.49999999999994,1
M,300.1,311.4,1218.25,55.175,203,11.299999999999955,7038.941889391944,11200.525,0
L,302.2,310.8,1921.75,22.275,16,8.600000000000023,4482.736593911867,356.4,0
L,297.3,308.3,1444.0,37.150000000000006,37,11.0,5617.649375492101,1374.5500000000002,0
L,301.5,311.1,1365.25,61.475,121,9.600000000000023,8788.997493000676,7438.475,0
H,303.3,312.6,1830.75,21.049999999999997,125,9.300000000000011,4035.6153099759244,2631.2499999999995,0
M,297.0,307.9,2163.25,12.649999999999999,97,10.899999999999977,2865.66787982194,1227.05,0
M,298.3,309.3,1277.75,70.05,198,11.0,9373.086980645376,13869.9,0
L,296.3,307.4,1445.75,40.125,51,11.099999999999966,6074.868261815455,2046.375,0
M,302.2,310.9,1969.0,18.6,54,8.699999999999989,3835.1934796493474,1004.4000000000001,0
L,300.5,309.8,1223.5,80.025,153,9.300000000000011,10253.172746622022,12243.825,0
L,303.6,312.4,1255.0,63.225,7,8.799999999999955,8309.237679387814,442.575,0
M,299.7,310.3,1776.5,30.674999999999997,6,10.600000000000023,5706.612734457068,184.04999999999998,0
M,299.4,309.1,1426.5,55.35,70,9.700000000000045,8268.334143038075,3874.5,0
M,300.6,309.4,1410.75,39.25,78,8.799999999999955,5798.535735501106,3061.5,0
L,298.4,307.9,1400.25,49.574999999999996,23,9.5,7269.372474544999,1140.225,0
L,301.7,310.7,1550.75,39.949999999999996,92,9.0,6487.646702059904,3675.3999999999996,0
M,300.2,310.4,1547.25,32.775000000000006,80,10.199999999999989,5310.455937343988,2622.0000000000005,0
L,303.5,311.6,1368.75,51.150000000000006,139,8.100000000000023,7331.593680544756,7109.85,0
L,298.1,308.2,1531.5,39.074999999999996,151,10.099999999999966,6266.7822665370295,5900.324999999999,0
L,299.9,310.2,1123.75,85.0,62,10.300000000000011,10002.700109336001,5270.0,1
H,299.6,310.1,1549.0,34.699999999999996,62,10.5,5628.718253608248,2151.3999999999996,0
H,298.3,308.6,1375.75,56.925,91,10.300000000000011,8201.082461801758,5180.175,0
M,303.8,312.7,2228.0,5.649999999999999,131,8.899999999999977,1318.2332213973007,740.1499999999999,0
L,301.1,310.1,1349.5,52.375,35,9.0,7401.598836842247,1833.125,0
L,296.6,307.6,1794.0,20.7,108,11.0,3888.8518821726607,2235.6,0
H,298.2,307.6,1424.75,55.35,204,9.400000000000034,8258.190725757797,11291.4,0
M,302.3,311.0,1631.25,28.924999999999997,158,8.699999999999989,4941.087108088983,4570.15,0
L,300.3,311.6,1599.75,36.275000000000006,107,11.300000000000011,6076.984909865812,3881.4250000000006,0
M,301.8,310.9,1225.25,48.35,142,9.099999999999966,6203.685996083557,6865.7,0
L,299.3,310.5,1111.5,74.94999999999999,15,11.199999999999989,8723.88078577186,1124.2499999999998,0
L,297.8,307.3,1192.0,77.05,186,9.5,9617.839301307982,14331.3,1
M,301.3,311.1,2079.25,14.749999999999996,22,9.800000000000011,3211.64362478015,324.49999999999994,0
L,302.5,310.3,1584.0,35.574999999999996,168,7.800000000000011,5901.041976796923,5976.599999999999,0
L,300.5,311.9,1627.75,24.725,149,11.399999999999977,4214.563700016747,3684.025,0
M,299.8,309.7,1592.75,36.275000000000006,124,9.899999999999977,6050.393946047053,4498.1,0
L,299.4,309.1,1431.75,41.175,215,9.700000000000045,6173.471074239187,8852.625,0
M,299.6,310.6,1727.5,30.150000000000006,151,11.0,5454.23681562175,4552.650000000001,0
H,297.7,308.2,1475.5,45.55,151,10.5,7038.112639831091,6878.049999999999,0
L,300.3,311.7,1633.0,29.1,59,11.399999999999977,4976.314179212768,1716.9,0
L,299.8,309.6,1402.0,45.725,12,9.800000000000011,6713.211745590714,548.7,0
L,301.7,310.5,3183.5,2.0,149,8.800000000000011,666.7506808468737,298.0,0
M,304.1,313.5,1647.0,29.1,108,9.399999999999977,5018.977007448518,3142.8,0
L,298.0,308.6,1167.5,59.199999999999996,170,10.600000000000023,7237.810594850404,10064.0,0
L,300.6,310.5,1442.25,36.275000000000006,98,9.899999999999977,5478.688223943721,3554.9500000000007,0
M,298.0,308.5,1813.25,28.049999999999997,58,10.5,5326.220841978781,1626.8999999999999,0
L,297.4,308.2,1353.0,57.8,52,10.800000000000011,8189.4408975248,3005.6,0
H,297.3,308.4,2131.75,10.725000000000001,90,11.099999999999966,2394.20972479619,965.2500000000001,0
M,299.7,309.0,1433.5,56.05,158,9.300000000000011,8413.988850434009,8855.9,0
M,300.3,309.9,1484.25,37.675,33,9.599999999999966,5855.836422007174,1243.2749999999999,0
H,302.0,309.9,1906.0,17.9,192,7.899999999999977,3572.7657733194796,3436.7999999999997,0
L,302.3,311.2,1727.5,34.0,114,8.899999999999977,6150.7148169532165,3876.0,0
L,301.1,312.2,1314.5,66.375,81,11.099999999999966,9136.792089205619,5376.375,0
L,298.1,307.9,1524.5,41.699999999999996,50,9.799999999999955,6657.207620552718,2085.0,0
L,296.9,307.9,1248.0,69.175,110,11.0,9040.498347382274,7609.25,0
M,301.3,311.5,1753.75,26.999999999999996,0,10.199999999999989,4958.611304609789,0.0,0
H,300.9,312.0,1314.5,45.025000000000006,212,11.100000000000023,6197.876667668295,9545.300000000001,0
H,302.1,310.9,1410.75,44.675,198,8.799999999999955,6599.989400853806,8845.65,0
M,302.5,310.3,1862.25,18.075,186,7.800000000000011,3524.884628786424,3361.95,0
L,302.7,312.4,1249.75,53.949999999999996,11,9.699999999999989,7060.626078184879,593.4499999999999,0
L,301.6,310.6,2079.25,11.424999999999997,146,9.0,2487.6629432619125,1668.0499999999995,0
M,301.1,311.2,1654.0,31.549999999999997,208,10.099999999999966,5464.664285237789,6562.4,0
L,299.5,309.3,1535.0,42.925,181,9.800000000000011,6899.971574864992,7769.424999999999,0
M,298.9,309.3,1636.5,24.025,65,10.400000000000034,4117.25744906109,1561.625,0
L,297.3,308.7,1592.75,34.525000000000006,114,11.399999999999977,5758.507263605085,3935.850000000001,0
L,302.6,312.0,1986.5,20.174999999999997,196,9.399999999999977,4196.920384774493,3954.2999999999993,0
L,296.8,308.0,1785.25,22.45,41,11.199999999999989,4197.048666474514,920.4499999999999,0
L,298.7,309.9,1657.5,44.675,146,11.199999999999989,7754.373511901601,6522.549999999999,0
M,301.7,311.1,1475.5,42.75,108,9.400000000000034,6605.473443529729,4617.0,0
L,300.4,310.0,1113.25,85.0,40,9.600000000000023,9909.237727891705,3400.0,0
L,301.7,310.8,1482.5,53.6,145,9.100000000000023,8321.241181318404,7772.0,0
M,302.1,311.0,1234.0,75.82499999999999,207,8.899999999999977,9798.42328302408,15695.774999999998,1
L,300.5,310.5,3200.0,2.0,17,10.0,670.2064327658225,34.0,1
M,299.7,310.6,1620.75,36.8,139,10.900000000000034,6245.863186454939,5115.2,0
M,298.1,307.7,1353.0,53.25,142,9.599999999999966,7544.770377044907,7561.5,0
L,297.1,308.3,1972.5,11.95,169,11.199999999999989,2468.38861783367,2019.55,0
H,298.8,309.8,1477.25,33.125,171,11.0,5124.346679548388,5664.375,0
M,301.8,309.5,1900.75,22.975,220,7.699999999999989,4573.083562641354,5054.5,0
L,301.7,311.2,1531.5,34.525000000000006,130,9.5,5537.060978942828,4488.250000000001,0
L,298.2,307.8,1543.75,24.725,194,9.600000000000023,3997.071240608726,4796.650000000001,0
M,300.7,311.7,1846.5,24.2,44,11.0,4679.433673448532,1064.8,0
L,299.3,309.1,1442.25,42.225,118,9.800000000000011,6377.32902153063,4982.55,0
L,300.7,312.4,1442.25,37.85,56,11.699999999999989,5716.563729187314,2119.6,0
L,301.1,312.3,1813.25,22.275,83,11.199999999999989,4229.645962747856,1848.8249999999998,0
L,299.2,308.4,1510.5,39.25,0,9.199999999999989,6208.533211748659,0.0,0
L,304.1,313.2,1340.75,53.425,150,9.099999999999966,7501.0308988268325,8013.75,0
L,300.3,309.3,1223.5,63.925,192,9.0,8190.366358360671,12273.599999999999,0
L,298.8,309.1,1454.5,44.5,158,10.300000000000011,6778.012330058758,7031.0,0
L,302.2,311.3,1547.25,35.574999999999996,207,9.100000000000023,5764.133332448888,7364.024999999999,1
L,299.7,310.4,1694.25,33.650000000000006,108,10.699999999999989,5970.231628001423,3634.2000000000007,0
L,302.4,310.9,1230.5,50.975,148,8.5,6568.5191509449405,7544.3,1
M,297.3,308.3,1769.5,24.725,8,11.0,4581.5822252677835,197.8,0
L,298.5,309.7,1729.25,36.449999999999996,78,11.199999999999989,6600.6079019074805,2843.0999999999995,0
M,302.7,311.1,1139.5,76.525,125,8.400000000000034,9131.587517376172,9565.625,1
M,302.9,311.1,2240.25,8.45,58,8.200000000000045,1982.3567453876103,490.09999999999997,0
L,299.3,308.6,1169.25,54.650000000000006,65,9.300000000000011,6691.541301265639,3552.2500000000005,0
M,296.4,307.5,1816.75,25.249999999999996,72,11.100000000000023,4803.802781619456,1817.9999999999998,0
H,299.4,309.3,1554.25,35.925,39,9.900000000000034,5847.177407255717,1401.0749999999998,0
L,301.4,310.8,1253.25,63.400000000000006,4,9.400000000000034,8320.618098775443,253.60000000000002,0
M,303.9,312.7,1468.5,46.074999999999996,174,8.800000000000011,7085.457750117628,8017.049999999999,0
L,303.9,313.1,1479.0,35.400000000000006,195,9.200000000000045,5482.770330897979,6903.000000000001,0
L,301.1,310.1,1606.75,34.699999999999996,7,9.0,5838.568788886411,242.89999999999998,0
H,298.8,308.6,1536.75,36.275000000000006,170,9.800000000000011,5837.666235496976,6166.750000000001,0
L,298.1,308.2,1764.25,26.475,25,10.099999999999966,4891.304645502037,661.875,0
L,300.9,310.9,1018.75,85.0,109,10.0,9068.076294893039,9265.0,0
M,298.8,308.6,1666.25,31.725,52,9.800000000000011,5535.672787689022,1649.7,0
L,302.3,311.0,1368.75,54.125,174,8.699999999999989,7758.0157958843565,9417.75,0
L,300.3,310.2,1480.75,61.824999999999996,2,9.899999999999977,9586.818037349192,123.64999999999999,0
L,297.6,308.6,1627.75,27.525000000000006,83,11.0,4691.844927925621,2284.5750000000003,0
M,301.1,312.3,2110.75,15.624999999999996,131,11.199999999999989,3453.7066112315906,2046.8749999999995,0
L,298.2,309.0,1475.5,41.35,89,10.800000000000011,6389.153845379048,3680.15,0
L,302.8,310.6,1442.25,42.225,205,7.800000000000011,6377.32902153063,8656.125,0
M,297.5,309.5,1587.5,44.5,60,12.0,7397.796200734465,2670.0,0
M,296.8,307.4,1445.75,47.125,30,10.599999999999966,7134.658363565192,1413.75,0
L,302.0,310.7,1769.5,26.124999999999996,37,8.699999999999989,4841.004474625716,966.6249999999999,0
M,301.2,310.7,1542.0,42.225,53,9.5,6818.402739608411,2237.925,0
L,300.3,309.5,1449.25,38.025000000000006,35,9.199999999999989,5770.868121700023,1330.8750000000002,0
L,297.9,307.8,1120.25,74.425,55,9.900000000000034,8730.968349698054,4093.375,0
L,298.8,309.9,1913.0,23.85,83,11.099999999999966,4777.8440633222335,1979.5500000000002,0
L,299.4,310.7,1584.0,42.400000000000006,3,11.300000000000011,7033.146305444542,127.20000000000002,0
L,296.3,307.4,1753.75,29.799999999999997,60,11.099999999999966,5472.837662124878,1787.9999999999998,0
L,301.5,310.6,1461.5,52.199999999999996,20,9.100000000000023,7989.101534005378,1044.0,0
L,301.4,311.1,1428.25,35.225,41,9.700000000000045,5268.462006544065,1444.2250000000001,0
L,298.2,308.3,2028.5,25.6,96,10.100000000000023,5438.054995461885,2457.6000000000004,0
L,300.5,310.6,1570.0,33.650000000000006,30,10.100000000000023,5532.397022849186,1009.5000000000002,0
L,301.7,311.2,1650.5,36.625,75,9.5,6330.263382090568,2746.875,0
M,297.3,308.3,1571.75,43.275000000000006,6,11.0,7122.773980356051,259.65000000000003,0
M,301.7,310.1,1746.75,30.85,5,8.400000000000034,5643.058315074947,154.25,0
H,298.8,308.8,1398.5,57.625,4,10.0,8439.214530445395,230.5,0
H,300.2,309.9,2205.25,10.374999999999996,165,9.699999999999989,2395.9323647679075,1711.8749999999993,0
L,298.0,308.5,1326.75,51.85,201,10.5,7203.880085194696,10421.85,0
H,300.5,309.5,1731.0,30.150000000000006,62,9.0,5465.287367780752,1869.3000000000004,0
L,298.4,309.6,1862.25,18.075,163,11.200000000000045,3524.884628786424,2946.225,1
M,302.3,311.5,1547.25,44.324999999999996,21,9.199999999999989,7181.875192151707,930.8249999999999,0
L,300.4,310.1,1500.0,44.150000000000006,196,9.700000000000045,6935.065782799469,8653.400000000001,0
M,300.7,311.3,1472.0,39.949999999999996,50,10.600000000000023,6158.191807468759,1997.4999999999998,0
L,297.4,308.6,1473.75,34.0,71,11.200000000000045,5247.245129658351,2414.0,0
L,303.9,312.6,1365.25,63.75,172,8.700000000000045,9114.251161916112,10965.0,0
L,299.3,310.6,1459.75,49.225,107,11.300000000000011,7524.763013330828,5267.075,0
L,301.4,310.6,2609.5,2.0,99,9.200000000000045,546.5324019695043,198.0,0
L,297.4,308.6,1452.75,44.324999999999996,107,11.200000000000045,6743.2342448850495,4742.775,0
M,299.5,310.8,1939.25,25.075,114,11.300000000000011,5092.17546177869,2858.5499999999997,0
M,295.4,305.9,1526.25,41.35,178,10.5,6608.909560494592,7360.3,0
L,301.0,311.3,1218.25,59.375,60,10.300000000000011,7574.756224424952,3562.5,0
L,304.4,313.6,1613.75,38.725,0,9.200000000000045,6544.1960243229905,0.0,0
L,302.0,310.5,2331.25,8.799999999999997,106,8.5,2148.3257762798194,932.7999999999997,0
M,300.7,309.6,1388.0,45.55,61,8.900000000000034,6620.738965832296,2778.5499999999997,0
M,297.2,308.4,1281.25,43.625,97,11.199999999999989,5853.26162502817,4231.625,0
H,301.2,310.9,1666.25,33.125,71,9.699999999999989,5779.957796444409,2351.875,0
M,298.8,310.5,1806.25,27.699999999999996,4,11.699999999999989,5239.456597871326,110.79999999999998,0
H,298.8,310.0,1547.25,37.324999999999996,53,11.199999999999989,6047.681704389452,1978.2249999999997,0
L,299.9,310.9,1130.75,59.725,173,11.0,7072.148523740389,10332.425000000001,0
M,301.9,311.4,1433.5,40.125,153,9.5,6023.395229681795,6139.125,0
L,300.8,312.5,1360.0,53.074999999999996,123,11.699999999999989,7558.881364047281,6528.224999999999,0
M,298.6,310.1,1421.25,43.625,61,11.5,6492.837529421492,2661.125,0
M,303.9,313.2,1617.25,41.525000000000006,74,9.300000000000011,7032.591945240878,3072.8500000000004,0
L,298.9,310.1,1309.25,45.025000000000006,179,11.200000000000045,6173.122881053416,8059.475000000001,0
L,300.8,312.0,1454.5,35.574999999999996,164,11.199999999999989,5418.601991951467,5834.299999999999,0
L,300.1,311.3,1442.25,49.400000000000006,40,11.199999999999989,7460.984100973668,1976.0000000000002,0
L,300.1,310.5,1717.0,21.4,95,10.399999999999977,3847.801738165754,2032.9999999999998,0
L,298.7,310.1,1741.5,24.725,49,11.400000000000034,4509.084738798443,1211.525,0
L,302.1,311.0,1645.25,31.725,142,8.899999999999977,5465.905868834427,4504.95,0
L,298.3,309.2,1603.25,36.1,137,10.899999999999977,6060.899300980963,4945.7,0
M,298.7,309.4,1276.0,54.824999999999996,157,10.699999999999989,7325.848492979502,8607.525,0
H,297.5,308.8,2061.75,12.299999999999997,179,11.300000000000011,2655.6432479508894,2201.6999999999994,0
L,299.1,308.3,1536.75,29.975,128,9.199999999999989,4823.819308312111,3836.8,0
L,301.2,310.4,1302.25,57.625,74,9.199999999999989,7858.396226151245,4264.25,0
M,300.3,309.6,1536.75,37.5,54,9.300000000000011,6034.8031380051425,2025.0,0
L,303.3,311.3,1232.25,54.475,32,8.0,7029.504021461787,1743.2,1
L,298.6,309.4,1787.0,32.6,185,10.799999999999955,6100.574998201923,6031.0,0
L,302.6,310.3,1458.0,41.0,105,7.699999999999989,6259.937521543022,4305.0,0
M,299.2,308.5,1540.25,35.574999999999996,135,9.300000000000011,5738.055495430215,4802.624999999999,0
M,299.4,308.6,1566.5,38.725,109,9.200000000000045,6352.584397894324,4221.025000000001,0
L,301.4,310.7,1277.75,58.85,25,9.300000000000011,7874.46350907895,1471.25,0
L,302.5,310.4,1230.5,66.725,187,7.899999999999977,8598.027275072114,12477.574999999999,1
L,300.6,312.2,1158.75,66.025,52,11.599999999999966,8011.7386725699025,3433.3,0
M,303.3,311.8,1557.75,41.35,205,8.5,6745.3096595318275,8476.75,0
L,296.8,307.6,1648.75,36.1,126,10.800000000000011,6232.906734752759,4548.6,0
M,298.7,310.0,1423.0,40.650000000000006,69,11.300000000000011,6057.508998908965,2804.8500000000004,0
H,298.6,309.4,1253.25,49.574999999999996,56,10.799999999999955,6506.224641116602,2776.2,0
L,297.2,308.7,1430.0,57.625,146,11.5,8629.300520941664,8413.25,0
L,300.6,311.7,1592.75,31.374999999999996,76,11.099999999999966,5233.111235209544,2384.4999999999995,0
M,300.7,310.6,1230.5,65.675,19,9.900000000000034,8462.726733463636,1247.825,0
L,298.0,307.7,1680.25,24.2,17,9.699999999999989,4258.119918663361,411.4,0
L,300.5,311.6,1554.25,36.275000000000006,90,11.100000000000023,5904.143645043875,3264.7500000000005,0
M,300.4,309.7,1818.5,26.824999999999996,167,9.300000000000011,5108.361863427841,4479.775,0
L,295.8,306.4,1318.0,53.6,84,10.599999999999966,7397.90615647734,4502.400000000001,0
L,301.1,310.2,1769.5,29.975,52,9.099999999999966,5554.415660360033,1558.7,0
L,301.0,311.0,1729.25,24.9,182,10.0,4509.057249862723,4531.8,0
M,295.7,306.3,1227.0,58.5,46,10.600000000000023,7516.731662611618,2691.0,0
L,300.4,309.8,1580.5,38.375,150,9.400000000000034,6351.429862594129,5756.25,0
M,300.0,311.4,1559.5,32.25,120,11.399999999999977,5266.762274018778,3870.0,0
L,300.2,309.8,1594.5,29.449999999999996,19,9.600000000000023,4917.4328789028605,559.55,0
L,298.9,308.7,1242.75,59.025000000000006,185,9.800000000000011,7681.541576714348,10919.625000000002,0
M,302.2,311.4,1270.75,66.725,9,9.199999999999989,8879.271157901578,600.525,0
M,298.4,308.2,1430.0,36.1,188,9.800000000000011,5405.947918542196,6786.8,0
L,303.9,312.7,1673.25,29.624999999999996,165,8.800000000000011,5190.9615337738815,4888.124999999999,0
H,297.9,307.5,2159.75,11.075,146,9.600000000000023,2504.816039150513,1616.9499999999998,0
H,300.9,312.0,2595.5,2.0,173,11.100000000000023,543.6002488261538,346.0,0
M,301.4,310.0,1825.5,26.475,207,8.600000000000023,5061.117545905608,5480.325000000001,0
M,298.9,309.9,1405.5,47.475,112,11.0,6987.542161086869,5317.2,0
H,303.4,312.2,1589.25,34.699999999999996,85,8.800000000000011,5774.977717589998,2949.4999999999995,0
L,301.1,310.6,1349.5,53.6,10,9.5,7574.714991021374,536.0,0
L,296.1,307.1,2191.25,10.024999999999999,20,11.0,2300.4083131446932,200.49999999999997,0
L,298.5,308.1,1778.25,20.35,48,9.600000000000023,3789.5343574202375,976.8000000000001,0
L,302.6,312.1,1988.25,17.2,198,9.5,3581.195713606613,3405.6,0
L,297.4,308.2,1444.0,51.675,25,10.800000000000011,7814.051991347356,1291.875,0
L,298.3,308.0,1631.25,36.449999999999996,101,9.699999999999989,6226.538464644545,3681.4499999999994,0
H,296.9,307.8,1580.5,36.449999999999996,104,10.900000000000034,6032.82393463338,3790.7999999999997,0
M,300.9,310.5,1848.25,21.575,32,9.600000000000023,4175.804300653083,690.4,0
L,300.2,311.5,1480.75,43.449999999999996,128,11.300000000000011,6737.5211277448025,5561.599999999999,0
L,302.1,311.5,1396.75,48.875,97,9.399999999999977,7148.815165460431,4740.875,0
L,299.6,309.1,1265.5,60.25,164,9.5,7984.501718761749,9881.0,0
M,302.2,310.6,1241.0,60.425,126,8.400000000000034,7852.664783053853,7613.549999999999,1
M,298.0,308.2,2527.25,3.549999999999997,143,10.199999999999989,939.5181539978677,507.6499999999996,0
L,302.6,311.6,1412.5,35.05,135,9.0,5184.478726433505,4731.75,0
M,300.3,311.1,1454.5,47.650000000000006,166,10.800000000000011,7257.804214096625,7909.900000000001,0
L,300.3,310.4,1207.75,65.5,52,10.099999999999966,8284.131118097876,3406.0,0
M,297.5,309.4,1806.25,30.499999999999996,148,11.899999999999977,5769.076759389006,4513.999999999999,0
L,300.5,311.5,1493.0,36.1,73,11.0,5644.112057610839,2635.3,0
L,300.7,310.2,1297.0,58.85,83,9.5,7993.096592663194,4884.55,0
L,303.0,311.3,1258.5,68.65,146,8.300000000000011,9047.370581312003,10022.900000000001,1
L,300.0,309.4,2387.25,5.299999999999997,55,9.399999999999977,1324.9588476698605,291.49999999999983,0
L,297.9,307.5,1673.25,37.324999999999996,21,9.600000000000023,6540.173476729456,783.8249999999999,0
M,301.7,310.0,1304.0,58.85,195,8.300000000000011,8036.235895784739,11475.75,0
L,296.9,307.9,1715.25,22.624999999999996,177,11.0,4063.915169298543,4004.6249999999995,0
L,300.7,309.5,1458.0,46.6,240,8.800000000000011,7114.95337814402,11184.0,0
L,300.7,310.5,1244.5,62.35,199,9.800000000000011,8125.684892614074,12407.65,0
L,303.0,312.7,1584.0,43.449999999999996,111,9.699999999999989,7207.316202159558,4822.95,0
L,298.9,308.7,1377.5,48.525000000000006,108,9.800000000000011,6999.802226417504,5240.700000000001,0
L,299.8,309.1,1690.75,32.25,205,9.300000000000011,5710.021362486214,6611.25,0
L,299.7,309.3,1379.25,37.675,127,9.600000000000023,5441.57816072319,4784.724999999999,0
L,300.6,310.5,1617.25,37.324999999999996,14,9.899999999999977,6321.2882445783425,522.55,0
L,300.2,309.4,1542.0,35.05,194,9.199999999999989,5659.799076927763,6799.7,0
M,299.7,309.1,1235.75,50.975,102,9.400000000000034,6596.54412091037,5199.45,0
M,298.7,309.6,1820.25,16.15,189,10.900000000000034,3078.450568243455,3052.35,0
H,300.4,311.4,1398.5,62.0,105,11.0,9079.93580716034,6510.0,0
M,301.8,310.7,1160.5,46.074999999999996,68,8.899999999999977,5599.369233239025,3133.1,0
L,300.4,311.8,1095.75,73.9,198,11.400000000000034,8479.779036587935,14632.2,1
M,297.1,307.9,1778.25,17.374999999999996,183,10.799999999999955,3235.5360914091693,3179.6249999999995,0
M,297.5,309.4,1377.5,54.824999999999996,139,11.899999999999977,7908.58644128469,7620.674999999999,0
H,300.7,309.5,2382.0,4.774999999999999,2,8.800000000000011,1191.087730718766,9.549999999999997,0
L,301.5,311.1,1440.5,56.925,107,9.600000000000023,8587.068352698843,6090.974999999999,0
L,299.0,308.6,1370.5,36.275000000000006,126,9.600000000000023,5206.130844801435,4570.650000000001,0
L,304.0,313.2,1169.25,52.725,144,9.199999999999989,6455.837421943839,7592.400000000001,0
L,303.0,311.0,1248.0,47.650000000000006,115,8.0,6227.390621651832,5479.750000000001,1
M,302.7,312.0,2271.75,7.7499999999999964,71,9.300000000000011,1843.7025536214242,550.2499999999998,0
L,297.1,307.8,1557.75,41.0,92,10.699999999999989,6688.21514004365,3772.0,0
H,298.0,307.6,1657.5,26.650000000000006,118,9.600000000000023,4625.7202930537815,3144.7000000000007,0
M,302.4,311.9,1316.25,57.975,188,9.5,7991.1219707807195,10899.300000000001,0
H,301.5,310.9,1536.75,41.0,124,9.399999999999977,6598.051430885623,5084.0,0
H,298.8,309.6,1522.75,40.650000000000006,152,10.800000000000011,6482.130588958978,6178.800000000001,0
M,298.0,308.7,1484.25,44.85,96,10.699999999999989,6971.048799655522,4305.6,0
L,300.8,310.8,1729.25,21.4,149,10.0,3875.254021970373,3188.6,0
L,303.1,311.2,1309.25,49.574999999999996,144,8.099999999999966,6796.9476252798,7138.799999999999,0
L,301.3,310.7,1951.5,12.825,174,9.399999999999977,2620.9247221379055,2231.5499999999997,0
L,297.9,309.4,1596.25,32.775000000000006,39,11.5,5478.633246072283,1278.2250000000001,0
M,299.8,309.2,1270.75,72.15,65,9.399999999999977,9601.190169240897,4689.75,0
M,302.2,311.2,1444.0,43.625,166,9.0,6596.768613885407,7241.75,0
L,301.0,311.5,1598.0,25.95,195,10.5,4342.529277277563,5060.25,0
M,296.7,307.5,1521.0,43.975,55,10.800000000000011,7004.282922939686,2418.625,0
L,298.1,307.7,1125.5,54.824999999999996,42,9.599999999999966,6461.7887765269825,2302.6499999999996,0
M,298.1,307.7,1361.75,53.775000000000006,103,9.599999999999966,7668.429354376428,5538.825000000001,0
L,300.9,310.8,1858.75,21.225,14,9.900000000000034,4131.40050648847,297.15000000000003,0
L,298.4,308.0,1564.75,36.449999999999996,7,9.600000000000023,5972.7056322161225,255.14999999999998,0
L,300.4,309.5,1230.5,58.5,30,9.100000000000023,7538.1730324723685,1755.0,0
L,302.6,312.3,1752.0,25.95,52,9.699999999999989,4761.020834662259,1349.3999999999999,0
M,301.6,310.4,1279.5,48.875,161,8.799999999999955,6548.708791270178,7868.875,0
L,301.5,310.5,1657.5,27.874999999999996,155,9.0,4838.3472108395545,4320.624999999999,0
L,298.0,307.5,1701.25,31.900000000000006,31,9.5,5683.128020374546,988.9000000000002,0
L,298.4,308.3,1358.25,45.025000000000006,186,9.900000000000034,6404.158222792287,8374.650000000001,0
L,298.1,308.1,1466.75,41.0,59,10.0,6297.505733692199,2419.0,0
M,302.4,310.1,1283.0,55.875,107,7.7000000000000455,7507.11053511,5978.625,1
L,301.4,311.3,2935.0,2.0,50,9.900000000000034,614.7049625524028,100.0,0
L,301.8,309.6,1375.75,46.775000000000006,138,7.800000000000011,6738.790200277161,6454.950000000001,0
L,301.0,310.9,1458.0,47.824999999999996,194,9.899999999999977,7301.988096775487,9278.05,0
L,300.8,309.9,1165.75,84.57499999999999,192,9.099999999999966,10324.666886937619,16238.399999999998,1
H,298.2,309.0,1536.75,38.725,100,10.800000000000011,6231.940040513311,3872.5,0
L,300.3,311.8,1473.75,37.5,51,11.5,5787.402716534947,1912.5,0
L,299.4,309.3,1279.5,46.6,28,9.900000000000034,6243.8839830831785,1304.8,0
L,302.9,312.2,1619.0,41.35,139,9.300000000000011,7010.532074326452,5747.650000000001,0
L,301.8,310.0,1743.25,27.35,201,8.199999999999989,4992.816703622688,5497.35,0
L,298.2,308.8,1785.25,25.424999999999997,30,10.600000000000023,4753.227721385948,762.7499999999999,0
L,301.2,312.4,1459.75,63.925,97,11.199999999999989,9771.8735526089,6200.724999999999,0
L,297.7,307.2,1788.75,27.525000000000006,31,9.5,5155.913140732272,853.2750000000002,0
L,297.5,308.4,1389.75,33.125,13,10.899999999999977,4820.823014318749,430.625,0
H,299.8,310.9,1367.0,52.900000000000006,168,11.099999999999966,7572.735787649613,8887.2,0
M,301.5,310.6,1402.0,43.625,140,9.100000000000023,6404.895842567411,6107.5,0
L,297.8,309.8,1552.5,34.699999999999996,198,12.0,5641.43646786753,6870.599999999999,0
H,301.2,310.7,1767.75,16.15,64,9.5,2989.6613058713733,1033.6,0
M,298.2,308.8,1682.0,26.124999999999996,39,10.600000000000023,4601.621659406868,1018.8749999999999,0
L,298.0,308.7,1505.25,52.55,208,10.699999999999989,8283.425568747756,10930.4,0
H,300.3,311.8,2616.5,2.674999999999997,204,11.5,732.9479650488269,545.6999999999994,0
L,298.4,308.9,1718.75,31.374999999999996,93,10.5,5647.09460713634,2917.8749999999995,0
H,299.0,310.1,1375.75,57.8,45,11.100000000000023,8327.142139519396,2601.0,0
H,303.0,312.5,1841.25,22.799999999999997,89,9.5,4396.187679800876,2029.1999999999998,0
L,297.2,308.5,1624.25,32.949999999999996,95,11.300000000000011,5604.500501239887,3130.2499999999995,0
L,298.7,310.2,1255.0,49.925,28,11.5,6561.307886808012,1397.8999999999999,0
L,298.6,309.7,1242.75,64.8,6,11.099999999999966,8433.102823737225,388.79999999999995,0
L,298.3,309.2,1290.0,61.475,26,10.899999999999977,8304.564560315599,1598.3500000000001,0
L,298.2,307.5,1442.25,60.074999999999996,180,9.300000000000011,9073.251414291357,10813.5,0
L,298.1,307.6,1424.75,51.675,143,9.5,7709.882669440544,7389.525,0
L,301.1,311.7,1333.75,51.324999999999996,135,10.599999999999966,7168.561384285182,6928.874999999999,0
H,299.9,310.1,1402.0,60.25,185,10.200000000000045,8845.73007483522,11146.25,0
L,301.0,311.5,1396.75,39.949999999999996,197,10.5,5843.379352637221,7870.149999999999,0
L,298.7,309.6,1522.75,37.675,61,10.900000000000034,6007.731117811302,2298.1749999999997,0
L,298.8,308.4,1909.5,18.775,130,9.599999999999966,3754.293541828593,2440.75,0
L,302.3,311.9,1379.25,61.125,173,9.599999999999966,8828.572397457334,10574.625,0
L,297.2,308.1,1778.25,25.075,0,10.900000000000034,4669.4139563789895,0.0,0
M,302.7,312.4,1358.25,48.175,49,9.699999999999989,6852.200386074812,2360.575,0
L,300.3,311.8,1925.25,16.325,187,11.5,3291.31114198284,3052.775,0
L,297.2,308.1,1449.25,47.824999999999996,152,10.900000000000034,7258.166151750257,7269.4,0
H,298.8,310.5,1134.25,67.94999999999999,202,11.699999999999989,8070.991073512014,13725.899999999998,0
L,301.3,311.0,1627.75,23.499999999999996,151,9.699999999999989,4005.7531628066145,3548.4999999999995,0
H,298.1,309.5,1547.25,40.650000000000006,65,11.399999999999977,6586.423611076525,2642.2500000000005,0
M,298.3,308.4,1470.25,47.650000000000006,196,10.099999999999966,7336.395081316991,9339.400000000001,0
L,300.8,310.5,1463.25,38.55,47,9.699999999999989,5907.0620537193645,1811.85,0
L,301.4,310.6,1594.5,37.150000000000006,157,9.200000000000045,6203.145380347753,5832.550000000001,0
L,300.0,311.3,1529.75,38.900000000000006,43,11.300000000000011,6231.587265838252,1672.7000000000003,0
L,299.7,309.4,1318.0,40.125,91,9.699999999999989,5538.078069564427,3651.375,0
M,300.8,311.4,2110.75,9.149999999999999,53,10.599999999999966,2022.4905915372194,484.94999999999993,0
L,300.9,312.7,1347.75,46.949999999999996,112,11.800000000000011,6626.337545740382,5258.4,0
L,302.7,312.4,1360.0,61.125,60,9.699999999999989,8705.353243097315,3667.5,0
L,297.9,308.6,1944.5,18.424999999999997,118,10.700000000000045,3751.8378635710365,2174.1499999999996,0
L,298.4,308.9,1487.75,36.625,194,10.5,5706.058374253404,7105.25,0
H,303.9,313.2,1809.75,21.225,201,9.300000000000011,4022.489343170146,4266.225,0
M,301.5,310.6,1736.25,26.124999999999996,137,9.100000000000023,4750.039004842554,3579.1249999999995,0
M,303.4,311.5,1599.75,34.0,114,8.100000000000023,5695.864560590974,3876.0,0
H,301.7,310.1,1428.25,37.324999999999996,49,8.400000000000034,5582.550586068337,1828.9249999999997,0
M,296.9,308.0,1741.5,28.574999999999996,67,11.100000000000023,5211.207134930859,1914.5249999999996,0
M,298.9,308.9,1932.25,22.624999999999996,50,10.0,4578.049897027902,1131.2499999999998,0
M,302.3,310.1,1899.0,28.749999999999996,112,7.800000000000011,5717.305930451724,3219.9999999999995,0
L,298.3,309.4,1281.25,61.824999999999996,12,11.099999999999966,8295.195414724736,741.9,0
L,300.2,310.2,1281.25,47.125,193,10.0,6322.864276892895,9095.125,0
L,302.6,312.1,1221.75,59.55,206,9.5,7618.9080366788085,12267.3,0
M,301.1,311.1,1696.0,36.275000000000006,153,10.0,6442.610662373757,5550.075000000001,0
L,299.6,309.0,1445.75,55.699999999999996,72,9.399999999999977,8432.901238208618,4010.3999999999996,0
M,301.3,310.0,1837.75,26.999999999999996,202,8.699999999999989,5196.115709221177,5453.999999999999,0
H,298.9,310.2,1969.0,17.2,216,11.300000000000011,3546.523002686493,3715.2,0
L,302.3,311.6,1991.75,16.499999999999996,79,9.300000000000011,3441.4969422831077,1303.4999999999998,0
L,303.8,312.6,2007.5,19.475,170,8.800000000000011,4094.130091142913,3310.7500000000005,0
M,299.6,309.4,1743.25,23.325,80,9.799999999999955,4258.042033345491,1866.0,0
M,302.2,311.3,1771.25,24.549999999999997,2,9.100000000000023,4553.65346657737,49.099999999999994,0
L,301.5,310.7,1360.0,47.3,222,9.199999999999989,6736.412407337472,10500.599999999999,0
M,300.1,311.3,1526.25,40.650000000000006,130,11.199999999999989,6497.029592118627,5284.500000000001,0
L,302.0,310.8,1414.25,34.35,0,8.800000000000011,5087.232034838573,0.0,0
L,302.6,311.0,1774.75,36.8,99,8.399999999999977,6839.330982669075,3643.2,0
L,303.4,311.9,1279.5,43.1,34,8.5,5774.922739718561,1465.4,1
M,297.3,308.1,1265.5,61.3,214,10.800000000000011,8123.650711370874,13118.199999999999,0
M,300.0,311.4,1235.75,78.44999999999999,10,11.399999999999977,10152.013463176427,784.4999999999999,0
M,298.9,309.6,1445.75,50.8,199,10.700000000000045,7691.048166983803,10109.199999999999,0
L,297.5,309.4,2025.0,13.524999999999999,98,11.899999999999977,2868.0777431866313,1325.4499999999998,0
L,302.2,310.6,1428.25,46.6,0,8.400000000000034,6969.775145633879,0.0,0
L,298.9,309.9,1494.75,47.650000000000006,115,11.0,7458.647541437561,5479.750000000001,0
L,301.0,310.9,1914.75,20.874999999999996,129,9.899999999999977,4185.691154533318,2692.8749999999995,0
M,304.0,313.2,1384.5,64.625,7,9.199999999999989,9369.623374744793,452.375,0
L,302.3,310.9,1662.75,28.924999999999997,104,8.599999999999966,5036.501203969323,3008.2,0
H,300.4,311.3,2415.25,5.825000000000003,26,10.900000000000034,1473.2845633198174,151.45000000000007,0
M,302.5,311.0,1297.0,61.475,116,8.5,8349.628088937467,7131.1,0
M,299.7,309.6,1454.5,45.025000000000006,163,9.900000000000034,6857.97764406507,7339.075000000001,0
L,300.3,310.3,2646.25,2.0,32,10.0,554.2293039707993,64.0,0
L,301.5,310.5,1435.25,54.475,189,9.0,8187.53957947091,10295.775,0
M,299.2,308.2,1799.25,19.65,14,9.0,3702.3944311912896,275.09999999999997,0
H,297.6,308.6,1459.75,39.949999999999996,19,11.0,6106.943268310138,759.05,0
H,297.4,308.7,1890.25,17.2,158,11.300000000000011,3404.680094376914,2717.6,0
L,299.4,309.3,1321.5,73.55,38,9.900000000000034,10178.375352530864,2794.9,0
L,298.4,309.7,1526.25,39.949999999999996,165,11.300000000000011,6385.149623742659,6591.749999999999,0
L,297.2,308.5,1517.5,45.375,212,11.300000000000011,7210.6423633815475,9619.5,0
L,298.0,308.3,1253.25,69.69999999999999,216,10.300000000000011,9147.430307328836,15055.199999999997,1
M,295.6,306.1,1759.0,19.475,110,10.5,3587.3349092505027,2142.25,0
H,296.4,307.5,1662.75,31.725,75,11.100000000000023,5524.044967879923,2379.375,0
M,298.1,308.5,1270.75,59.725,116,10.399999999999977,7947.762756173424,6928.1,0
L,304.2,313.3,1788.75,32.775000000000006,180,9.100000000000023,6139.3298160763015,5899.500000000001,0
H,298.6,308.3,1279.5,61.475,181,9.699999999999989,8236.969267382798,11126.975,0
L,297.4,308.7,1736.25,26.124999999999996,131,11.300000000000011,4750.039004842554,3422.3749999999995,0
M,303.7,312.9,1330.25,43.625,48,9.199999999999989,6077.113191565833,2094.0,0
M,299.0,308.9,1405.5,39.6,105,9.899999999999977,5828.4711864989995,4158.0,0
L,301.9,310.4,2166.75,11.249999999999996,163,8.5,2552.6422058121307,1833.7499999999993,0
M,300.9,309.9,1433.5,45.375,209,9.0,6811.503016742964,9483.375,0
L,302.6,312.4,1718.75,28.049999999999997,15,9.799999999999955,5048.637569089221,420.74999999999994,0
L,299.6,310.9,1445.75,41.875,137,11.299999999999955,6339.815787252889,5736.875,0
M,301.1,310.6,1162.25,55.699999999999996,103,9.5,6779.276821101827,5737.099999999999,0
L,301.9,309.6,1400.25,45.900000000000006,225,7.7000000000000455,6730.493123179335,10327.500000000002,0
L,300.9,310.7,1914.75,14.575,164,9.800000000000011,2922.4646025064962,2390.2999999999997,0
M,297.3,308.3,1496.5,37.150000000000006,2,11.0,5821.892167883608,74.30000000000001,0
L,296.5,307.5,1610.25,31.725,206,11.0,5349.6276707434345,6535.35,0
L,298.9,308.6,1969.0,12.475000000000001,213,9.700000000000045,2572.260142936861,2657.175,0
H,297.7,307.6,1561.25,37.324999999999996,63,9.900000000000034,6102.40301242723,2351.475,0
M,297.0,307.7,1491.25,52.725,199,10.699999999999989,8233.711828500107,10492.275,0
L,300.0,309.3,1311.0,69.175,122,9.300000000000011,9496.86965818763,8439.35,0
L,300.8,310.7,1727.5,18.95,0,9.899999999999977,3428.118993566572,0.0,0
L,299.1,308.2,1178.0,75.82499999999999,36,9.099999999999966,9353.76225883498,2729.7,0
H,297.7,309.3,1319.75,55.875,147,11.600000000000023,7722.142734771178,8213.625,0
L,301.1,311.7,2047.75,13.174999999999997,7,10.599999999999966,2825.2453998472815,92.22499999999998,0
L,301.3,310.6,1382.75,47.650000000000006,76,9.300000000000011,6899.77915231496,3621.4000000000005,0
L,298.3,308.8,1414.25,56.05,166,10.5,8301.000161650712,9304.3,0
M,302.6,310.5,1568.25,40.125,184,7.899999999999977,6589.5985831520575,7383.0,0
L,297.1,308.5,1363.5,40.3,35,11.399999999999977,5754.25106005794,1410.5,0
