Type,Air temperature [K],Process temperature [K],Rotational speed [rpm],Torque [Nm],Tool wear [min],Temp_Diff,Power,Wear_Load,Machine failure
M,305.5,314.5,1487,46.1,175,9.0,7178.612517281261,8067.5,0
L,303.3,311.8,1478,39.5,180,8.5,6113.644023640857,7110.0,0
M,304.7,313.0,1724,33.0,171,8.300000000000011,5957.716308267683,5643.0,0
M,304.7,313.1,1691,27.7,105,8.400000000000034,4905.146633633447,2908.5,0
L,301.8,312.4,1525,39.7,77,10.599999999999966,6339.995774332002,3056.9,0
L,302.1,312.6,1416,41.2,185,10.5,6109.266737876856,7622.000000000001,0
L,302.1,313.0,1628,35.9,174,10.899999999999977,6120.367031919539,6246.599999999999,0
L,301.2,311.6,1569,35.2,199,10.400000000000034,5783.546411552666,7004.8,0
M,304.7,313.1,1876,22.1,99,8.400000000000034,4341.639159359047,2187.9,0
H,298.7,308.7,1458,49.8,151,10.0,7603.533867630304,7519.799999999999,0
L,299.9,310.5,1713,29.3,13,10.600000000000023,5255.978757235332,380.90000000000003,0
L,302.1,310.8,1489,38.1,32,8.699999999999989,5940.845955717907,1219.2,0
L,303.4,314.4,1476,48.7,189,11.0,7527.381661707287,9204.300000000001,0
L,301.4,311.6,1798,29.6,81,10.200000000000045,5573.269143272389,2397.6,0
L,306.5,314.7,1511,37.1,27,8.199999999999989,5870.390504473399,1001.7,0
L,304.0,314.2,1547,34.5,152,10.199999999999989,5589.050410368921,5244.0,0
H,303.9,312.9,1457,43.8,69,9.0,6682.858724569279,3022.2,0
L,303.1,313.7,1489,39.1,188,10.599999999999966,6096.773671091079,7350.8,0
L,303.7,312.6,1376,50.8,75,8.900000000000034,7319.994658668314,3810.0,0
H,302.2,313.3,1761,30.4,180,11.100000000000023,5606.1092584779135,5472.0,0
M,304.5,313.3,1385,47.5,30,8.800000000000011,6889.250889934617,1425.0,0
L,306.8,315.6,1422,42.4,152,8.800000000000011,6313.847251478622,6444.8,0
L,307.0,315.4,1363,62.5,200,8.399999999999977,8920.814139256016,12500.0,1
M,306.5,315.4,1530,34.5,110,8.899999999999977,5527.632273991241,3795.0,0
M,303.6,312.7,1478,40.1,5,9.099999999999966,6206.509502480972,200.5,0
L,298.9,308.9,1892,21.7,72,10.0,4299.416154094799,1562.3999999999999,0
L,303.7,313.3,1496,46.4,90,9.600000000000023,7269.058969778111,4176.0,0
L,303.6,313.2,1543,39.6,60,9.599999999999966,6398.670253125547,2376.0,0
M,300.3,310.9,1599,32.9,58,10.599999999999966,5509.0026295554535,1908.1999999999998,0
M,305.0,313.7,1558,39.1,179,8.699999999999989,6379.29709842841,6998.900000000001,0
L,303.7,314.8,1420,53.8,67,11.100000000000023,8000.170412121527,3604.6,0
L,302.2,311.4,1526,37.9,177,9.199999999999989,6056.508925247571,6708.3,0
L,301.4,310.6,1598,32.7,94,9.200000000000045,5472.088915875774,3073.8,0
M,303.7,313.8,1348,53.0,35,10.100000000000023,7481.598184768973,1855.0,0
L,304.1,313.0,1428,44.1,103,8.899999999999977,6594.70563470955,4542.3,0
M,300.5,311.1,1842,27.0,133,10.600000000000023,5208.132301121159,3591.0,0
L,301.7,312.6,1786,27.7,114,10.900000000000034,5180.716669230832,3157.7999999999997,0
L,301.5,312.0,1480,38.1,160,10.5,5904.937551687375,6096.0,0
M,303.8,312.9,1450,39.4,62,9.099999999999966,5982.639609986162,2442.7999999999997,0
L,302.7,312.1,1399,51.3,144,9.400000000000034,7515.6006892563255,7387.2,0
L,304.0,313.0,1317,50.9,75,9.0,7019.920200372929,3817.5,0
M,301.0,311.2,1392,53.4,104,10.199999999999989,7784.112613358646,5553.599999999999,0
L,303.4,312.4,1376,43.5,74,9.0,6268.1056624423545,3219.0,0
L,304.0,314.7,1540,34.1,113,10.699999999999989,5499.253220353813,3853.3,0
L,303.6,313.3,1533,38.5,117,9.699999999999989,6180.612307039879,4504.5,0
M,302.1,313.0,1428,43.0,53,10.899999999999977,6430.211843367589,2279.0,0
L,301.8,311.4,1852,25.0,57,9.599999999999966,4848.524662040247,1425.0,0
M,298.6,308.7,1477,45.0,40,10.099999999999966,6960.1985240281865,1800.0,0
L,304.4,313.1,1578,33.0,181,8.700000000000045,5453.176528101163,5973.0,0
L,300.9,311.6,1504,43.0,4,10.700000000000045,6772.436003098636,172.0,0
L,305.5,314.6,1534,38.6,3,9.100000000000023,6200.708028047342,115.80000000000001,0
M,304.0,313.2,1517,40.2,171,9.199999999999989,6386.16671436426,6874.200000000001,0
L,305.5,313.0,1520,41.2,154,7.5,6557.969944613574,6344.8,0
L,305.3,314.2,1510,38.7,141,8.899999999999977,6119.508329927558,5456.700000000001,0
H,303.9,314.4,1513,38.0,38,10.5,6020.757600849719,1444.0,0
L,302.1,310.7,1493,34.9,119,8.599999999999966,5456.496144338455,4153.099999999999,0
M,302.6,311.9,1283,62.1,83,9.299999999999955,8343.47318533031,5154.3,0
L,303.9,313.2,1477,43.2,143,9.300000000000011,6681.790583067059,6177.6,0
L,302.2,311.1,1267,68.2,76,8.900000000000034,9048.77120803673,5183.2,1
M,305.2,313.0,1507,40.4,111,7.800000000000011,6375.631906999221,4484.4,0
M,302.9,312.0,1372,56.2,133,9.100000000000023,8074.563326158534,7474.6,0
L,303.0,312.0,1717,28.3,48,9.0,5088.4480929948995,1358.4,0
L,301.5,312.0,1548,44.5,132,10.5,7213.725051172883,5874.0,0
L,302.1,312.7,1598,33.4,20,10.599999999999966,5589.228433952624,668.0,0
L,303.1,312.1,1760,25.4,55,9.0,4681.39193286927,1397.0,0
L,300.0,310.2,1502,39.4,126,10.199999999999989,6197.189444275321,4964.4,0
M,303.3,314.2,1319,51.4,170,10.899999999999977,7099.643349945524,8738.0,0
H,303.8,313.4,1425,44.0,33,9.599999999999966,6565.928646002667,1452.0,0
L,301.7,312.2,1667,30.4,92,10.5,5306.862086247974,2796.7999999999997,0
L,300.3,310.7,1601,35.7,9,10.399999999999977,5985.330907692738,321.3,0
L,301.5,312.6,1809,28.9,20,11.100000000000023,5474.759269631324,578.0,0
L,303.2,312.3,1827,23.0,6,9.100000000000023,4400.428829883223,138.0,0
L,303.4,314.0,1704,29.7,103,10.600000000000023,5299.741142899837,3059.1,0
M,302.3,311.2,1289,51.5,185,8.899999999999977,6951.663863985934,9527.5,0
M,301.8,311.6,1368,49.1,117,9.800000000000011,7033.900287681403,5744.7,0
L,304.1,312.1,1501,36.1,156,8.0,5674.355122889396,5631.6,0
M,303.7,313.1,1609,27.6,108,9.400000000000034,4650.4367732558985,2980.8,0
M,305.1,314.0,1866,23.1,159,8.899999999999977,4513.903156530887,3672.9,0
H,302.3,311.2,1408,44.4,82,8.899999999999977,6546.576435256554,3640.7999999999997,0
M,304.5,313.6,1660,33.8,115,9.100000000000023,5875.6160202538695,3886.9999999999995,0
H,300.1,310.4,1420,39.8,192,10.299999999999955,5918.341680342691,7641.599999999999,0
L,302.7,313.4,1384,48.2,188,10.699999999999989,6985.72920032636,9061.6,0
L,299.6,310.1,1498,41.1,80,10.5,6447.364939256189,3288.0,0
L,303.8,313.3,1689,32.9,151,9.5,5819.077824464765,4967.9,0
L,301.2,311.5,1780,29.3,91,10.300000000000011,5461.554108510735,2666.3,0
M,302.0,311.1,1645,33.4,22,9.100000000000023,5753.617505539467,734.8,0
H,300.0,310.4,1846,27.3,179,10.399999999999977,5277.43583505935,4886.7,0
M,306.7,315.3,1685,31.8,203,8.600000000000023,5611.1986385767295,6455.400000000001,0
L,301.5,310.8,1334,49.8,186,9.300000000000011,6956.8684358153805,9262.8,0
L,304.0,313.4,1492,44.6,15,9.399999999999977,6968.387608878544,669.0,0
H,304.1,313.1,1782,24.9,93,9.0,4646.604030218518,2315.7,0
L,305.7,314.7,1611,34.1,186,9.0,5752.790219474022,6342.6,0
L,303.9,312.9,1544,36.0,148,9.0,5820.742868571168,5328.0,0
M,302.8,312.1,1434,48.0,82,9.300000000000011,7208.070184396421,3936.0,0
L,302.7,312.1,1321,53.4,166,9.400000000000034,7387.078133797967,8864.4,0
L,301.7,312.2,1547,37.4,0,10.5,6058.85464776225,0.0,0
L,307.1,315.8,1415,50.0,184,8.699999999999989,7408.922674715928,9200.0,0
L,301.4,312.6,1533,35.2,92,11.200000000000045,5650.845537865033,3238.4,0
L,300.1,310.6,1487,34.6,208,10.5,5387.85234485752,7196.8,0
L,306.3,313.9,1511,43.4,65,7.599999999999966,6867.249269383976,2821.0,0
L,305.6,313.3,1470,41.2,156,7.699999999999989,6342.247249067075,6427.200000000001,0
L,302.9,311.7,1598,34.6,111,8.800000000000011,5790.039036370084,3840.6000000000004,0
L,306.9,315.2,1789,24.4,163,8.300000000000011,4571.18486258134,3977.2,0
L,300.7,311.4,1516,33.7,92,10.699999999999989,5350.048513259322,3100.4,0
L,306.4,315.2,1363,45.5,26,8.800000000000011,6494.35269337838,1183.0,0
L,301.9,312.5,1470,45.9,109,10.600000000000023,7065.756037188803,5003.099999999999,0
L,301.7,311.0,1353,47.0,190,9.300000000000011,6659.233947814284,8930.0,0
M,306.6,314.4,1617,36.0,95,7.7999999999999545,6095.946385025634,3420.0,0
H,301.9,311.2,1353,48.1,79,9.300000000000011,6815.088359358874,3799.9,0
L,301.1,310.3,1524,40.8,71,9.199999999999989,6511.390597536349,2896.7999999999997,0
M,301.3,310.3,1392,50.4,101,9.0,7346.802915978947,5090.4,0
M,303.0,312.6,1314,53.5,199,9.600000000000023,7361.694065156962,10646.5,0
L,306.7,314.9,1316,59.3,137,8.199999999999989,8172.204025832105,8124.099999999999,0
L,304.7,313.2,1763,25.9,3,8.5,4781.682042347368,77.69999999999999,0
L,299.7,309.9,1535,34.6,114,10.199999999999989,5561.77091416025,3944.4,0
M,299.4,309.9,1416,50.0,210,10.5,7414.158662471911,10500.0,0
L,300.6,311.1,1528,40.0,123,10.5,6400.471432913605,4920.0,0
L,303.2,313.9,1331,49.8,143,10.699999999999989,6941.223304400504,7121.4,0
L,304.8,313.8,1471,44.2,148,9.0,6808.689982321063,6541.6,0
L,303.7,314.2,1395,43.7,215,10.5,6383.873351727139,9395.5,0
M,299.9,310.1,1685,32.0,10,10.200000000000045,5646.4891960520545,320.0,0
L,304.7,312.6,1487,48.0,36,7.900000000000034,7474.4772414208355,1728.0,0
M,305.3,313.9,1571,32.7,17,8.599999999999966,5379.631844080626,555.9000000000001,0
M,300.9,311.5,1970,21.6,37,10.600000000000023,4456.035019851763,799.2,0
M,301.9,312.6,1442,42.9,153,10.700000000000045,6478.152547261368,6563.7,0
L,305.7,314.8,1858,25.4,2,9.100000000000023,4942.060347313127,50.8,0
L,304.0,312.9,1614,31.6,84,8.899999999999977,5340.958838514935,2654.4,0
L,303.5,313.3,1445,46.6,155,9.800000000000011,7051.51415049253,7223.0,0
L,303.0,311.8,1558,29.7,168,8.800000000000011,4845.655340749969,4989.599999999999,0
H,300.4,310.8,1502,43.6,169,10.400000000000034,6857.803547472184,7368.400000000001,0
L,303.3,314.0,1466,46.2,62,10.699999999999989,7092.58523845046,2864.4,0
L,306.6,314.8,2168,17.7,219,8.199999999999989,4018.473995059776,3876.2999999999997,0
L,305.6,314.7,1377,45.5,54,9.099999999999966,6561.059177389603,2457.0,0
H,303.1,313.9,1377,56.7,50,10.799999999999955,8176.089128747045,2835.0,0
L,301.2,310.3,1530,35.9,68,9.100000000000023,5751.941989457552,2441.2,0
L,300.5,311.4,1459,48.5,193,10.899999999999977,7410.126951899804,9360.5,0
L,305.5,313.9,1759,24.6,124,8.399999999999977,4531.370411684846,3050.4,0
L,303.6,312.8,1794,24.4,211,9.199999999999989,4583.960672705938,5148.4,0
M,301.2,310.3,1566,33.8,100,9.100000000000023,5542.9004142876865,3379.9999999999995,0
L,301.4,310.5,1515,42.8,125,9.100000000000023,6790.238361468978,5350.0,0
L,300.5,311.2,1371,46.5,121,10.699999999999989,6676.04146851099,5626.5,0
L,301.8,312.5,1423,42.1,154,10.699999999999989,6273.582505635113,6483.400000000001,0
L,300.4,310.8,1431,43.0,113,10.400000000000034,6443.720691778024,4859.0,0
H,302.3,312.9,1548,41.6,25,10.599999999999966,6743.617126489707,1040.0,0
L,303.4,314.3,1405,47.9,58,10.900000000000034,7047.587159675542,2778.2,0
L,299.6,309.8,1474,40.0,158,10.199999999999989,6174.27676185514,6320.0,0
L,304.2,312.4,1984,19.7,169,8.199999999999989,4092.9506849008776,3329.2999999999997,0
M,303.7,313.1,1572,38.5,50,9.400000000000034,6337.849019352048,1925.0,0
H,301.0,310.4,1482,37.8,132,9.399999999999977,5866.358793901292,4989.599999999999,0
M,306.8,315.0,1366,45.1,143,8.199999999999989,6451.428065754832,6449.3,0
M,303.8,313.9,1521,39.9,15,10.099999999999966,6355.2220267264,598.5,0
L,302.6,312.7,1381,60.5,13,10.099999999999966,8749.387900125133,786.5,0
L,303.4,314.1,1332,54.6,111,10.700000000000045,7615.97457453852,6060.6,0
L,303.6,312.9,1446,49.7,155,9.299999999999955,7525.810865380492,7703.5,0
L,304.1,313.3,1521,41.0,99,9.199999999999989,6530.4286490171025,4059.0,0
M,305.3,314.2,1442,41.7,127,8.899999999999977,6296.94548300231,5295.900000000001,0
M,302.4,311.5,1381,44.9,88,9.100000000000023,6493.347383729231,3951.2,0
L,303.5,311.8,1528,37.0,221,8.300000000000011,5920.4360754450845,8177.0,0
L,301.2,310.3,1515,46.7,74,9.100000000000023,7408.975034593488,3455.8,0
M,300.2,311.0,1584,40.0,4,10.800000000000011,6635.043684381642,160.0,0
M,303.9,314.6,1297,48.6,76,10.700000000000045,6600.925988163658,3693.6,0
L,300.3,311.5,1548,37.4,171,11.199999999999989,6062.771166603726,6395.4,0
L,302.8,312.0,1641,27.1,16,9.199999999999989,4657.002701901902,433.6,0
L,304.3,312.9,1459,44.7,92,8.599999999999966,6829.539685565387,4112.400000000001,0
L,305.9,314.9,1383,51.4,160,9.0,7444.129456387158,8224.0,0
M,306.4,315.3,1526,30.8,37,8.900000000000034,4921.912266428105,1139.6000000000001,0
M,305.4,313.5,1580,36.5,64,8.100000000000023,6039.188277750779,2336.0,0
L,302.3,311.4,1623,31.1,152,9.099999999999966,5285.7610555913625,4727.2,0
L,302.1,313.1,1921,23.9,158,11.0,4807.8829250783065,3776.2,0
L,300.4,310.5,1423,38.0,154,10.100000000000023,5662.616038340482,5852.0,0
M,305.3,313.2,1544,39.7,141,7.899999999999977,6418.985885618761,5597.700000000001,0
H,305.4,312.6,1597,28.9,179,7.2000000000000455,4833.1622739641925,5173.099999999999,0
L,300.7,310.7,1334,53.0,156,10.0,7403.896126470185,8268.0,0
L,301.3,310.6,1528,33.9,82,9.300000000000011,5424.39953939428,2779.7999999999997,0
L,304.9,313.5,1353,43.8,130,8.600000000000023,6205.839296048204,5694.0,0
M,306.5,314.8,1624,34.8,121,8.300000000000011,5918.2579045385955,4210.799999999999,0
L,305.0,313.6,1406,50.5,187,8.600000000000023,7435.416772761202,9443.5,0
L,301.7,312.3,1589,31.8,217,10.600000000000023,5291.510170147432,6900.6,0
H,300.8,311.7,1648,33.0,29,10.899999999999977,5695.079162427577,957.0,0
L,304.0,314.8,1488,42.6,107,10.800000000000011,6638.059613329089,4558.2,0
M,302.8,313.6,1763,25.5,171,10.800000000000011,4707.833671036984,4360.5,0
L,300.5,311.3,1530,37.8,157,10.800000000000011,6056.362317590402,5934.599999999999,0
M,301.3,310.2,1717,27.1,7,8.899999999999977,4872.683509546353,189.70000000000002,0
L,302.1,311.3,1502,38.3,88,9.199999999999989,6024.171464866619,3370.3999999999996,0
M,303.4,312.2,1367,51.2,143,8.800000000000011,7329.377548727036,7321.6,0
M,302.8,311.8,1640,31.1,211,9.0,5341.126390123127,6562.1,0
L,304.6,313.1,1506,43.4,222,8.5,6844.5250825230105,9634.8,0
M,303.4,313.0,1644,31.4,41,9.600000000000023,5405.801310885028,1287.3999999999999,0
M,302.4,311.5,1939,19.8,204,9.100000000000023,4020.4217825050023,4039.2000000000003,0
H,301.3,312.6,1509,37.6,85,11.300000000000011,5941.631353881304,3196.0,0
L,303.2,314.0,1549,37.2,67,10.800000000000011,6034.245505309131,2492.4,0
H,300.4,311.2,1323,51.1,130,10.800000000000011,7079.610460791135,6643.0,0
L,302.0,312.6,1623,33.0,210,10.600000000000023,5608.685364453858,6930.0,0
H,305.9,313.7,2102,17.8,91,7.800000000000011,3918.152469655142,1619.8,0
L,300.3,310.6,1506,36.0,150,10.300000000000011,5677.486243567474,5400.0,0
M,305.3,314.3,1475,48.0,180,9.0,7414.158662471911,8640.0,0
L,300.4,311.0,1501,44.9,20,10.600000000000023,7057.577424313958,898.0,0
H,303.5,312.5,1358,60.4,102,9.0,8589.449418130876,6160.8,0
L,303.2,313.5,1627,33.7,147,10.300000000000011,5741.773701235433,4953.900000000001,0
M,301.8,312.5,1484,44.9,80,10.699999999999989,6977.644835231121,3592.0,0
L,300.3,310.8,2358,14.9,49,10.5,3679.2448203251506,730.1,0
M,301.6,312.7,1328,50.5,12,11.099999999999966,7022.925657344863,606.0,0
L,302.8,311.8,1291,56.4,188,9.0,7624.896697674714,10603.199999999999,0
L,304.1,312.7,1496,43.4,54,8.599999999999966,6799.076708801078,2343.6,0
M,303.8,313.0,1409,50.6,141,9.199999999999989,7466.036829158192,7134.6,0
L,303.7,312.7,1569,32.8,31,9.0,5389.213701674074,1016.8,0
L,301.4,311.9,1540,43.2,141,10.5,6966.795868600725,6091.200000000001,0
M,305.0,313.1,1623,34.3,9,8.100000000000023,5829.6335757808265,308.7,0
L,303.3,312.3,1523,39.2,24,9.0,6251.9369322518805,940.8000000000001,0
L,305.0,313.1,1325,55.3,192,8.100000000000023,7673.078257005271,10617.599999999999,0
L,307.0,315.6,1564,50.9,119,8.600000000000023,8336.488377663825,6057.099999999999,0
L,303.3,312.1,1593,38.1,140,8.800000000000011,6355.787513404046,5334.0,0
L,303.6,313.0,1644,33.8,148,9.399999999999977,5818.9835766851575,5002.4,0
L,299.8,310.4,1611,35.4,72,10.599999999999966,5972.104802621124,2548.7999999999997,0
L,306.1,315.4,1511,40.1,107,9.299999999999955,6345.085154430817,4290.7,0
M,302.0,312.6,1487,47.5,123,10.600000000000023,7396.618103489368,5842.5,0
L,305.2,313.6,1630,34.6,94,8.400000000000034,5905.984749238572,3252.4,0
L,301.0,310.8,1405,56.2,218,9.800000000000011,8268.776584003455,12251.6,1
M,303.6,311.9,1432,44.2,84,8.299999999999955,6628.174068445794,3712.8,0
M,300.2,311.3,1485,47.9,143,11.100000000000023,7448.8732612940785,6849.7,0
M,303.2,313.1,1983,20.8,83,9.900000000000034,4319.312907567535,1726.4,0
M,304.0,313.1,1698,27.3,14,9.100000000000023,4854.326136473876,382.2,0
M,305.9,315.0,1903,21.2,23,9.100000000000023,4224.771912645506,487.59999999999997,0
M,306.9,315.6,1473,42.8,97,8.700000000000045,6601.994129665877,4151.599999999999,0
L,300.5,311.4,1596,30.7,5,10.899999999999977,5130.974785548993,153.5,0
L,303.7,314.8,1548,37.9,58,11.100000000000023,6143.824257066342,2198.2,0
H,300.3,311.3,1499,44.2,134,11.0,6938.291151257154,5922.8,0
M,304.4,313.3,1530,39.9,107,8.900000000000034,6392.82689078987,4269.3,0
L,298.6,308.7,1612,31.2,131,10.099999999999966,5266.8172518902165,4087.2,0
M,303.2,312.7,1628,30.3,27,9.5,5165.657968444625,818.1,0
M,303.9,312.5,1600,36.0,204,8.600000000000023,6031.857894892402,7344.0,0
M,301.5,311.5,1921,22.0,196,10.0,4425.666290867061,4312.0,0
L,300.6,311.2,1476,39.0,44,10.599999999999966,6028.087983708095,1716.0,0
L,303.4,313.9,1552,28.8,135,10.5,4680.7217264365045,3888.0,0
L,307.0,315.5,2354,15.0,117,8.5,3697.654553275186,1755.0,0
L,299.9,310.5,1521,34.5,84,10.600000000000023,5495.116790026586,2898.0,0
L,302.9,312.1,1280,59.3,163,9.200000000000045,7948.648292602655,9665.9,0
M,306.5,314.8,1543,33.3,71,8.300000000000011,5380.699985582845,2364.2999999999997,0
M,300.9,310.3,1303,59.3,75,9.400000000000034,8091.475566610358,4447.5,0
L,304.8,313.5,1529,41.6,12,8.699999999999989,6660.846632043127,499.20000000000005,0
M,301.9,312.1,1567,34.5,204,10.200000000000045,5661.3070414014865,7038.0,0
L,303.2,312.3,1506,41.8,161,9.100000000000023,6592.192360586678,6729.799999999999,0
L,302.8,311.5,1614,30.8,100,8.699999999999989,5205.744690704431,3080.0,0
L,303.6,313.2,1397,53.7,80,9.599999999999966,7855.960837346245,4296.0,0
H,301.4,311.2,1344,52.9,130,9.800000000000011,7445.323261595521,6877.0,0
L,302.6,313.3,1498,46.9,116,10.699999999999989,7357.21205963784,5440.4,0
L,299.6,310.0,1557,35.1,60,10.399999999999977,5723.00792111799,2106.0,0
L,304.4,312.9,1436,49.7,108,8.5,7473.765147086022,5367.6,0
M,299.2,309.8,1451,42.8,11,10.600000000000023,6503.390008245206,470.79999999999995,0
M,303.7,313.3,1486,41.2,71,9.600000000000023,6411.2785116419545,2925.2000000000003,0
L,301.5,312.0,1547,33.1,68,10.5,5362.248364730763,2250.8,0
L,300.9,311.6,1595,32.0,32,10.700000000000045,5344.896301307434,1024.0,0
L,304.9,312.2,1595,31.4,133,7.300000000000011,5244.67949565792,4176.2,0
H,303.5,313.1,1411,47.2,201,9.600000000000023,6974.251915165244,9487.2,0
L,303.2,312.3,1401,49.3,163,9.100000000000023,7232.920182286317,8035.9,0
M,302.1,311.2,2008,20.3,178,9.099999999999966,4268.62854608962,3613.4,0
H,300.7,309.7,1429,44.1,26,9.0,6599.323775910327,1146.6000000000001,0
L,301.8,312.2,1505,39.0,131,10.399999999999977,6146.52602674843,5109.0,0
L,298.5,308.5,1621,29.5,176,10.0,5007.64632994457,5192.0,0
L,301.2,310.3,1749,26.1,66,9.100000000000023,4780.341629481837,1722.6000000000001,0
L,303.8,313.1,1663,30.6,139,9.300000000000011,5328.957954578223,4253.400000000001,0
H,303.8,313.3,1618,32.8,40,9.5,5557.519292102391,1312.0,0
L,304.1,313.3,1274,55.7,169,9.199999999999989,7431.102318850272,9413.300000000001,0
M,306.8,315.7,1710,26.5,190,8.899999999999977,4745.375703247382,5035.0,0
M,302.0,312.8,1582,33.3,177,10.800000000000011,5516.699531556748,5894.099999999999,0
L,303.5,314.2,1409,54.7,104,10.699999999999989,8070.992382508954,5688.8,0
H,302.7,312.0,1375,46.8,86,9.300000000000011,6738.7162419501055,4024.7999999999997,0
L,304.9,312.9,1286,62.8,22,8.0,8457.25119926782,1381.6,1
M,303.2,313.8,1587,31.2,73,10.600000000000023,5185.1358428968815,2277.6,0
M,303.3,314.2,1374,47.9,222,10.899999999999977,6892.0887952983585,10633.8,1
M,306.8,315.4,1815,27.8,66,8.599999999999966,5283.844684072673,1834.8,0
M,306.8,315.6,2117,18.6,22,8.800000000000011,4123.4660215427475,409.20000000000005,0
L,304.1,314.8,1595,31.9,134,10.699999999999989,5328.193500365849,4274.599999999999,0
L,299.9,310.6,1741,28.8,60,10.700000000000045,5250.732297503837,1728.0,0
M,303.5,314.2,1269,64.0,87,10.699999999999989,8504.919631798288,5568.0,0
L,302.3,311.1,1437,48.1,67,8.800000000000011,7238.198057944347,3222.7000000000003,0
L,304.6,312.6,1687,26.6,16,8.0,4699.215235190637,425.6,0
L,302.3,311.1,1403,50.6,189,8.800000000000011,7434.243911503862,9563.4,0
H,303.0,312.2,1529,42.4,107,9.199999999999989,6788.939836505495,4536.8,0
H,303.4,311.8,1396,51.2,54,8.400000000000034,7484.865441128705,2764.8,0
M,302.8,311.6,1268,58.0,90,8.800000000000011,7701.509670520258,5220.0,0
L,305.1,313.9,1686,30.9,106,8.799999999999955,5455.626970370962,3275.3999999999996,0
L,301.3,310.6,1505,46.1,80,9.300000000000011,7265.508970079554,3688.0,0
L,305.6,314.8,1512,34.2,44,9.199999999999989,5415.100425139654,1504.8000000000002,0
L,302.8,312.1,1374,51.6,137,9.300000000000011,7424.4630863756865,7069.2,0
L,302.8,311.6,1485,39.9,207,8.800000000000011,6204.8025704725205,8259.3,0
L,300.5,311.1,1536,39.0,202,10.600000000000023,6273.132210688099,7878.0,0
L,303.7,313.5,1413,52.0,91,9.800000000000011,7694.3887271721205,4732.0,0
L,300.6,311.2,1319,50.9,141,10.599999999999966,7030.580671444109,7176.9,0
L,304.6,313.0,1809,25.5,40,8.399999999999977,4830.669943792345,1020.0,0
M,302.3,311.6,1376,46.7,49,9.300000000000011,6729.207688185241,2288.3,0
L,301.0,311.0,1702,26.7,203,10.0,4758.821719804747,5420.099999999999,0
M,305.2,312.6,1368,51.6,12,7.400000000000034,7392.04185019064,619.2,1
L,301.8,312.6,1574,36.2,181,10.800000000000011,5966.80598301207,6552.200000000001,0
M,303.4,314.1,1518,36.4,53,10.700000000000045,5786.311013087824,1929.1999999999998,0
L,300.4,310.9,1328,61.8,98,10.5,8594.392190572524,6056.4,0
L,303.2,311.7,1431,51.3,57,8.5,7687.50863926076,2924.1,0
M,305.2,314.2,1466,49.0,66,9.0,7522.43888926564,3234.0,0
M,300.7,311.5,1636,29.7,32,10.800000000000011,5088.249125460172,950.4,0
L,302.5,311.8,1333,54.1,147,9.300000000000011,7551.896556380801,7952.7,0
M,301.7,312.2,1622,34.6,8,10.5,5876.9983210214505,276.8,0
L,304.4,313.2,1428,53.7,176,8.800000000000011,8030.287813693943,9451.2,0
H,302.9,312.1,1462,51.0,119,9.200000000000045,7808.1143812320715,6069.0,0
M,304.3,313.3,1418,45.4,59,9.0,6741.56461928936,2678.6,0
M,306.5,314.5,1475,42.9,85,8.0,6626.404304584271,3646.5,0
M,303.3,313.9,1386,48.1,119,10.599999999999966,6981.3100266603105,5723.900000000001,0
M,301.4,311.8,1355,50.6,8,10.400000000000034,7179.900570269233,404.8,0
M,303.7,313.1,1439,41.7,184,9.400000000000034,6283.8450416368405,7672.8,0
M,304.0,313.2,1497,37.6,116,9.199999999999989,5894.381800371314,4361.6,0
M,303.8,314.5,1422,50.7,219,10.699999999999989,7549.81263325392,11103.300000000001,0
L,301.7,310.9,1373,46.9,60,9.199999999999989,6743.292495248835,2814.0,0
M,303.9,313.4,1636,35.3,153,9.5,6047.649633964446,5400.9,0
M,303.8,313.9,1732,26.9,45,10.099999999999966,4878.977166829044,1210.5,0
L,306.7,314.4,1561,33.3,153,7.699999999999989,5443.46900680157,5094.9,0
L,301.1,311.2,1691,30.3,49,10.099999999999966,5365.557508992543,1484.7,0
M,305.3,313.4,1523,43.2,210,8.099999999999966,6889.889680440848,9072.0,0
L,300.6,311.9,1491,40.2,231,11.299999999999955,6276.7136263131915,9286.2,0
M,306.4,315.2,1399,48.4,34,8.800000000000011,7090.7421707603535,1645.6,0
M,303.6,313.1,1463,45.5,196,9.5,6970.827579172832,8918.0,0
M,305.3,314.2,1640,31.5,199,8.899999999999977,5409.822549481623,6268.5,0
L,306.5,315.3,1524,39.4,96,8.800000000000011,6287.960528013043,3782.3999999999996,0
M,305.2,313.3,1356,48.3,36,8.100000000000023,6858.599417611092,1738.8,0
M,306.4,314.7,1561,38.2,45,8.300000000000011,6244.459941736336,1719.0000000000002,0
H,304.3,312.6,1455,44.1,188,8.300000000000011,6719.395447130529,8290.800000000001,0
M,305.6,312.7,2157,17.2,94,7.099999999999966,3885.144802841425,1616.8,0
L,299.5,310.0,1443,41.8,87,10.5,6316.423357454565,3636.6,0
H,299.6,310.2,1386,62.3,100,10.599999999999966,9042.320471121358,6230.0,1
L,303.1,313.8,1547,40.0,201,10.699999999999989,6480.058446804546,8040.0,0
L,300.4,310.7,1533,37.4,115,10.300000000000011,6004.023383981596,4301.0,0
M,305.5,312.9,1429,43.2,191,7.399999999999977,6464.643698850933,8251.2,0
L,305.0,312.4,1407,52.8,154,7.399999999999977,7779.588719937476,8131.2,0
L,305.3,313.5,1412,47.0,164,8.199999999999989,6949.621828761101,7708.0,0
M,305.3,313.5,1526,37.7,171,8.199999999999989,6024.548455985051,6446.700000000001,0
L,302.3,311.7,1775,24.2,125,9.399999999999977,4498.237081164985,3025.0,0
M,301.0,311.1,1507,37.3,217,10.100000000000023,5886.412627006707,8094.099999999999,0
L,301.9,312.7,1706,27.6,103,10.800000000000011,4930.792501662252,2842.8,0
M,305.9,315.0,1924,24.0,17,9.100000000000023,4835.539412405409,408.0,0
M,301.9,312.3,1836,22.8,18,10.400000000000034,4383.652725113054,410.40000000000003,0
L,303.4,311.8,1766,28.2,207,8.400000000000034,5215.1694686652,5837.4,0
L,299.5,310.1,1431,45.2,90,10.600000000000023,6773.3994248457375,4068.0000000000005,0
H,301.7,312.0,1453,40.4,108,10.300000000000011,6147.175289230172,4363.2,0
L,302.7,311.7,1645,30.8,137,9.0,5305.731112892681,4219.6,0
L,302.7,311.7,1422,40.4,140,9.0,6016.024267918309,5656.0,0
M,303.2,313.9,1427,39.7,196,10.699999999999989,5932.573095063453,7781.200000000001,0
L,299.3,309.8,1398,52.7,31,10.5,7715.186070538886,1633.7,0
L,301.2,311.2,1408,40.0,9,10.0,5897.816608339238,360.0,0
M,305.0,313.1,1535,38.6,34,8.100000000000023,6204.750210594961,1312.4,0
L,303.8,314.9,1465,59.1,91,11.099999999999966,9066.793477892823,5378.1,1
M,300.5,311.1,1510,35.5,155,10.600000000000023,5613.502473189362,5502.5,0
L,306.7,315.6,1423,41.2,124,8.900000000000034,6139.467915253365,5108.8,0
M,304.8,313.3,1618,37.8,59,8.5,6404.702111020439,2230.2,0
M,304.1,313.6,2089,19.8,162,9.5,4331.439455210391,3207.6,0
L,300.3,310.7,1396,52.7,212,10.399999999999977,7704.148608349273,11172.400000000001,1
L,301.8,311.1,1511,36.1,157,9.300000000000011,5712.158954487593,5667.7,0
L,301.2,310.5,1658,30.0,3,9.300000000000011,5208.760619651876,90.0,0
L,301.5,310.7,1595,32.3,46,9.199999999999989,5395.00470413219,1485.8,0
L,303.5,313.0,1536,36.2,12,9.5,5822.753487869466,434.40000000000003,0
L,305.3,314.0,1543,33.1,39,8.699999999999989,5348.383469152919,1290.9,0
M,305.0,312.9,1608,33.1,97,7.899999999999977,5573.688022292868,3210.7000000000003,0
M,306.0,313.8,1335,53.6,164,7.800000000000011,7493.326797342374,8790.4,1
L,300.8,312.2,1935,22.1,171,11.399999999999977,4478.18324805957,3779.1000000000004,0
L,303.7,314.8,1590,36.3,93,11.100000000000023,6044.110106241402,3375.8999999999996,0
L,303.5,312.2,1887,24.3,28,8.699999999999989,4801.830123232391,680.4,0
L,301.8,311.1,1631,32.4,38,9.300000000000011,5533.852627445348,1231.2,0
M,305.4,314.4,1313,55.7,102,9.0,7658.58504289671,5681.400000000001,0
L,303.3,312.6,1483,39.9,174,9.300000000000011,6196.445934013971,6942.599999999999,0
L,304.4,313.6,1495,36.3,193,9.200000000000045,5682.984030711255,7005.9,0
H,302.9,313.8,1413,41.8,153,10.900000000000034,6185.104784534512,6395.4,0
M,301.9,311.0,1534,42.9,121,9.100000000000023,6891.460476767641,5190.9,0
M,303.6,313.4,1702,30.3,91,9.799999999999955,5400.460603373926,2757.3,0
L,304.7,313.1,1406,46.0,112,8.400000000000034,6772.854882119115,5152.0,0
L,299.2,309.4,1516,39.1,138,10.199999999999989,6207.326316570904,5395.8,0
L,303.8,313.7,1481,38.5,181,9.899999999999977,5970.96335729032,6968.5,0
M,301.2,311.8,2056,18.7,144,10.600000000000023,4026.1813690365825,2692.7999999999997,0
L,302.0,311.4,1615,30.6,14,9.399999999999977,5175.145578258466,428.40000000000003,0
L,300.1,310.8,1763,25.7,139,10.699999999999989,4744.757856692177,3572.2999999999997,0
L,303.3,314.2,1989,22.3,121,10.899999999999977,4644.813322405974,2698.3,0
M,300.6,311.8,1529,41.9,3,11.199999999999989,6708.881583716515,125.69999999999999,0
L,304.4,313.3,1770,24.1,112,8.900000000000034,4467.030594139326,2699.2000000000003,0
H,301.3,312.0,1427,54.3,89,10.699999999999989,8114.325417177468,4832.7,0
M,305.2,313.3,1408,46.8,49,8.100000000000023,6900.445431756908,2293.2,0
L,300.0,310.2,1447,46.4,8,10.199999999999989,7030.968134538053,371.2,0
H,305.0,313.4,1679,29.0,222,8.399999999999977,5098.909596531354,6438.0,0
L,302.7,311.6,1713,33.5,141,8.900000000000034,6009.395507419235,4723.5,0
L,300.0,310.1,1680,35.8,20,10.100000000000023,6298.264951916816,716.0,0
M,305.3,313.4,1360,44.0,67,8.099999999999966,6266.430146360441,2948.0,1
L,300.6,311.2,1455,48.2,145,10.599999999999966,7344.101146296859,6989.0,0
L,300.7,311.4,1838,27.3,99,10.699999999999989,5254.565040541216,2702.7000000000003,0
L,298.8,309.0,1505,35.2,86,10.199999999999989,5547.633747219096,3027.2000000000003,0
M,302.3,311.8,1471,46.0,42,9.5,7085.9669499268975,1932.0,0
H,300.9,310.3,1635,34.0,142,9.400000000000034,5821.371187101887,4828.0,0
M,305.6,312.7,1563,39.0,97,7.099999999999966,6383.402112829101,3783.0,0
L,302.1,311.1,1260,57.8,152,9.0,7626.530325854582,8785.6,0
L,302.4,313.2,1426,45.7,213,10.800000000000011,6824.397945589012,9734.1,0
M,306.8,315.5,1789,23.5,215,8.699999999999989,4402.575584863176,5052.5,0
L,303.4,312.1,1536,34.5,154,8.700000000000045,5549.30926330101,5313.0,0
H,303.5,314.2,1454,50.3,175,10.699999999999989,7658.80495438246,8802.5,0
L,304.8,312.5,2032,19.0,203,7.699999999999989,4043.0203056598243,3857.0,0
L,301.8,312.1,1523,41.9,165,10.300000000000011,6682.555037279432,6913.5,0
L,303.6,312.2,1593,32.4,76,8.599999999999966,5404.921664942023,2462.4,0
L,301.2,310.3,1575,35.0,137,9.100000000000023,5772.676500971244,4795.0,0
L,305.1,312.6,1753,28.9,176,7.5,5305.280817945667,5086.4,0
L,301.1,311.4,1367,41.9,113,10.299999999999955,5998.064829915288,4734.7,0
M,307.0,315.6,1450,42.8,101,8.600000000000023,6498.908002726084,4322.799999999999,0
L,302.8,312.4,1553,36.6,157,9.599999999999966,5952.249937050437,5746.2,0
L,302.6,313.5,1574,35.0,133,10.899999999999977,5769.011309542057,4655.0,0
L,304.0,313.9,1478,39.5,75,9.899999999999977,6113.644023640857,2962.5,0
H,303.2,312.8,1408,42.5,0,9.600000000000023,6266.430146360441,0.0,0
H,302.4,311.6,1373,44.1,81,9.200000000000045,6340.707868666816,3572.1,0
L,303.2,311.9,1526,35.3,46,8.699999999999989,5641.022824834808,1623.8,0
M,306.7,314.9,1546,33.7,149,8.199999999999989,5455.920185685298,5021.3,0
M,300.4,311.9,1539,42.2,134,11.5,6801.108272050399,5654.8,0
H,305.0,313.0,1841,23.6,119,8.0,4549.82203253693,2808.4,0
M,301.1,311.2,1315,56.8,59,10.099999999999966,7821.7279493976275,3351.2,0
M,306.4,314.2,1353,44.1,192,7.800000000000011,6248.345044651275,8467.2,1
L,302.7,311.9,1445,42.9,55,9.199999999999989,6491.629979745268,2359.5,0
M,306.8,315.2,1507,38.5,180,8.399999999999977,6075.7878321651,6930.0,0
L,303.6,312.9,1494,47.3,118,9.299999999999955,7400.147159236901,5581.4,0
L,299.7,310.4,1420,50.1,138,10.699999999999989,7449.972818722835,6913.8,0
L,300.9,311.3,1386,48.6,75,10.400000000000034,7053.880816958234,3645.0,0
M,301.0,309.9,1463,46.5,182,8.899999999999977,7124.032580912894,8463.0,0
M,300.2,311.0,1353,46.5,185,10.800000000000011,6588.391033475835,8602.5,0
L,301.6,310.9,1397,46.4,36,9.299999999999955,6788.018302660441,1670.3999999999999,0
L,304.5,313.4,1600,39.0,160,8.899999999999977,6534.512719466769,6240.0,0
L,300.2,311.0,1518,44.3,163,10.800000000000011,7042.131260433807,7220.9,0
L,303.9,313.2,1359,46.0,151,9.300000000000011,6546.4507715504105,6946.0,0
L,301.4,311.8,1409,43.1,166,10.400000000000034,6359.410816931187,7154.6,0
H,300.3,311.2,1569,33.9,93,10.899999999999977,5569.949527035095,3152.7,0
H,301.4,311.0,1827,24.3,153,9.600000000000023,4649.148720267926,3717.9,0
L,306.4,314.1,1564,41.9,137,7.7000000000000455,6862.453104599495,5740.3,0
L,303.0,312.1,1738,28.7,51,9.100000000000023,5223.4842172217,1463.7,0
L,300.4,311.2,1545,36.9,125,10.800000000000011,5970.125599249363,4612.5,0
L,303.4,314.3,2261,14.9,5,10.900000000000034,3527.893358250706,74.5,0
M,302.7,311.8,1399,41.9,221,9.100000000000023,6138.473077579728,9259.9,1
M,299.2,309.7,1552,34.8,8,10.5,5655.872086110776,278.4,0
M,303.3,314.1,1359,54.1,81,10.800000000000011,7699.195363932115,4382.1,0
M,303.3,312.4,1447,46.5,28,9.099999999999966,7046.121083103867,1302.0,0
L,305.4,314.3,1255,59.0,138,8.900000000000034,7753.974267835208,8142.0,0
M,299.8,310.0,1443,39.2,13,10.199999999999989,5923.5357801966275,509.6,0
M,305.6,312.9,1451,43.1,35,7.2999999999999545,6548.974517648794,1508.5,0
L,305.7,314.7,1447,47.5,166,9.0,7197.650568762015,7885.0,0
L,305.9,314.8,1578,36.3,141,8.900000000000034,5998.494180911278,5118.299999999999,0
M,301.1,311.4,1459,50.3,115,10.299999999999955,7685.141972795054,5784.5,0
L,301.9,312.2,1407,41.9,207,10.300000000000011,6173.575139495838,8673.3,0
M,301.1,310.4,1377,55.1,42,9.299999999999955,7945.3705642674095,2314.2000000000003,0
H,303.0,313.9,1641,34.5,155,10.899999999999977,5928.656576221978,5347.5,0
M,305.5,314.4,1524,34.8,86,8.899999999999977,5553.833156722179,2992.7999999999997,0
L,299.8,310.5,1510,39.4,29,10.699999999999989,6230.197111089038,1142.6,0
M,303.1,311.7,1687,27.7,95,8.599999999999966,4893.5436847661895,2631.5,0
M,303.4,313.9,1604,31.7,119,10.5,5324.664444618315,3772.2999999999997,0
L,306.1,313.8,1336,52.6,172,7.699999999999989,7359.0341833769235,9047.2,1
M,301.6,312.3,1419,44.9,115,10.699999999999989,6672.020229914395,5163.5,0
M,302.2,310.9,1381,42.5,54,8.699999999999989,6146.264227360631,2295.0,0
L,300.0,310.3,1683,32.3,197,10.300000000000011,5692.660136084312,6363.099999999999,0
L,300.4,311.3,1467,39.0,128,10.900000000000034,5991.3313496610945,4992.0,0
L,305.0,313.1,1583,38.9,94,8.100000000000023,6448.506384586993,3656.6,0
M,305.1,313.5,1574,34.1,215,8.399999999999977,5620.665304439547,7331.5,0
L,299.6,310.0,1485,42.7,204,10.399999999999977,6640.227312260066,8710.800000000001,0
M,305.0,313.0,1823,25.1,87,8.0,4791.693250936808,2183.7000000000003,0
L,300.4,311.2,1429,57.4,96,10.800000000000011,8589.596025788043,5510.4,0
L,300.6,311.1,1382,47.1,11,10.5,6816.439244199918,518.1,0
L,303.0,313.8,1407,47.3,208,10.800000000000011,6969.214894943988,9838.4,0
M,301.4,312.6,1335,57.8,96,11.200000000000045,8080.4904642983065,5548.799999999999,0
L,301.8,311.3,1991,20.7,59,9.5,4315.888571575121,1221.3,0
M,306.6,314.8,1698,31.3,100,8.199999999999989,5565.582713246606,3130.0,0
M,304.8,313.3,1691,33.4,62,8.5,5914.5089373053115,2070.7999999999997,0
L,303.5,313.1,1448,46.3,173,9.600000000000023,7020.663710634277,8009.9,0
M,302.8,312.1,1346,53.2,95,9.300000000000011,7498.688448804501,5054.0,0
L,306.2,313.7,1363,46.7,29,7.5,6665.632324852096,1354.3000000000002,1
M,300.6,311.1,1492,35.5,88,10.5,5546.586549667899,3124.0,0
M,300.3,310.9,1521,38.2,87,10.599999999999966,6084.4481559134965,3323.4,0
L,303.6,314.1,1964,21.4,15,10.5,4401.329419777252,321.0,0
M,304.1,313.8,1389,53.3,8,9.699999999999989,7752.790934602355,426.4,0
L,301.9,312.9,1739,26.3,30,11.0,4789.431304226224,789.0,0
L,302.9,311.8,1471,41.8,109,8.900000000000034,6438.987358846615,4556.2,0
M,301.2,311.5,1413,47.9,97,10.300000000000011,7087.715769837396,4646.3,0
L,300.4,311.5,1505,39.2,209,11.100000000000023,6178.046673039448,8192.800000000001,0
M,305.8,313.5,1507,33.4,82,7.699999999999989,5270.9432102419305,2738.7999999999997,0
M,306.8,315.0,2344,15.2,146,8.199999999999989,3731.039211207333,2219.2,0
H,304.4,312.8,1611,41.5,11,8.400000000000034,7001.196308157533,456.5,0
L,301.0,309.8,1424,46.5,185,8.800000000000011,6934.123305003391,8602.5,0
M,298.3,308.3,1589,36.2,184,10.0,6023.668810042045,6660.8,0
H,301.8,311.0,1359,47.6,85,9.199999999999989,6774.153407082599,4046.0,0
M,300.4,311.3,1359,48.7,220,10.900000000000034,6930.6989690109785,10714.0,0
M,300.5,310.9,1596,36.6,80,10.399999999999977,6117.057887657758,2928.0,0
L,300.2,310.8,1656,30.3,124,10.600000000000023,5254.5022086881445,3757.2000000000003,0
L,303.7,313.1,1616,29.6,47,9.400000000000034,5009.122878491758,1391.2,0
M,299.6,310.0,1566,35.0,201,10.399999999999977,5739.689778108552,7035.0,0
M,301.8,312.2,1453,47.7,101,10.399999999999977,7257.927259808892,4817.700000000001,0
L,299.2,309.8,1711,29.9,42,10.600000000000023,5357.347480191162,1255.8,0
L,302.1,311.0,1647,35.0,74,8.899999999999977,6036.5702838727875,2590.0,0
L,302.8,311.7,1760,25.9,63,8.899999999999977,4773.545317374571,1631.6999999999998,0
M,300.4,310.5,1440,42.4,190,10.100000000000023,6393.769368585947,8056.0,0
L,304.6,312.3,1588,33.9,89,7.699999999999989,5637.399521307668,3017.1,0
M,303.7,314.2,1412,49.1,219,10.5,7260.136846641915,10752.9,0
L,306.8,315.1,1577,41.3,134,8.300000000000011,6820.408122918952,5534.2,0
M,303.7,312.1,1388,51.1,160,8.400000000000034,7427.437127421084,8176.0,0
L,305.2,313.9,1430,43.1,29,8.699999999999989,6454.19266728999,1249.9,0
L,305.4,314.0,1505,37.9,79,8.600000000000023,5973.162472147833,2994.1,0
L,303.2,314.1,1375,56.9,155,10.900000000000034,8193.01184117438,8819.5,0
H,305.9,314.8,1417,48.7,26,8.900000000000034,7226.49038932197,1266.2,0
L,301.3,311.9,1468,46.2,10,10.599999999999966,7102.261343823518,462.0,0
M,301.8,311.1,1500,37.1,210,9.300000000000011,5827.654372409066,7791.0,0
L,303.3,314.3,1547,39.7,121,11.0,6431.458008453513,4803.700000000001,0
M,306.3,314.9,1505,38.9,68,8.599999999999966,6130.765703602921,2645.2,0
L,299.6,309.9,1616,28.0,175,10.299999999999955,4738.359479654365,4900.0,0
L,303.4,313.0,1402,54.3,44,9.600000000000023,7972.16834960253,2389.2,0
L,300.6,312.0,1617,36.2,42,11.399999999999977,6129.812753831332,1520.4,0
H,300.3,310.5,1384,49.1,206,10.199999999999989,7116.168127303408,10114.6,0
L,306.8,315.3,1443,40.7,145,8.5,6150.201690153131,5901.5,0
L,302.0,312.7,1412,44.1,246,10.699999999999989,6520.815375497118,10848.6,0
M,305.3,314.1,1668,33.2,52,8.800000000000011,5799.128711114471,1726.4,0
H,305.8,314.9,1411,53.8,246,9.099999999999966,7949.465106692589,13234.8,1
M,304.5,313.2,1871,21.3,152,8.699999999999989,4173.323096955217,3237.6,0
L,305.4,313.9,1831,26.9,121,8.5,5157.85634668821,3254.8999999999996,0
L,301.0,310.2,1479,42.5,47,9.199999999999989,6582.422007434014,1997.5,0
L,301.7,312.1,1442,55.6,194,10.400000000000034,8395.927310669746,10786.4,0
L,303.1,312.1,1321,46.9,75,9.0,6487.901956463009,3517.5,0
H,303.1,314.0,1383,49.1,33,10.899999999999977,7111.026387327032,1620.3,0
H,300.4,311.1,1420,45.8,120,10.700000000000045,6810.553993962192,5496.0,0
M,302.9,313.8,1389,50.0,55,10.900000000000034,7272.786993060371,2750.0,0
H,299.6,309.9,1406,41.5,189,10.299999999999955,6110.2929914770275,7843.5,0
M,303.8,314.5,1274,67.3,159,10.699999999999989,8978.692747910653,10700.699999999999,0
L,301.1,310.2,1767,27.0,127,9.099999999999966,4996.074797003847,3429.0,0
L,303.4,314.3,1367,57.2,10,10.900000000000034,8188.288980218485,572.0,0
L,304.5,313.2,1408,47.3,79,8.699999999999989,6974.168139361148,3736.7,0
H,303.9,313.9,1387,42.7,121,10.0,6202.017024986338,5166.700000000001,0
L,301.1,310.3,1413,54.1,113,9.199999999999989,8005.123656538688,6113.3,0
H,302.1,311.3,1566,46.6,192,9.199999999999989,7641.986961710244,8947.2,0
L,304.8,313.3,1546,43.4,29,8.5,7026.318577410739,1258.6,0
H,301.5,311.9,1573,33.6,143,10.399999999999977,5534.732273388354,4804.8,0
H,301.9,311.8,1375,42.7,58,9.900000000000034,6148.358622463024,2476.6000000000004,0
M,301.3,310.6,1722,28.6,89,9.300000000000011,5157.364163839148,2545.4,0
L,303.6,313.4,1472,47.6,75,9.799999999999955,7337.420025920224,3570.0,0
L,302.5,312.5,1412,48.9,56,10.0,7230.563987796124,2738.4,0
M,307.0,316.0,1732,26.2,126,9.0,4752.014935721969,3301.2,0
L,301.9,310.8,1855,23.8,33,8.900000000000034,4623.272468777859,785.4,0
L,300.4,310.9,1341,52.2,49,10.5,7330.403802327207,2557.8,0
L,304.0,313.5,1437,56.0,33,9.5,8427.00813398926,1848.0,0
M,300.1,310.9,1615,32.6,184,10.799999999999955,5513.390387294967,5998.400000000001,0
M,304.3,313.4,1512,36.9,159,9.099999999999966,5842.608353440153,5867.099999999999,0
L,304.5,313.1,1453,44.0,208,8.600000000000023,6694.943384310088,9152.0,0
L,305.5,313.7,1227,60.1,167,8.199999999999989,7722.317485862534,10036.7,0
L,302.3,311.6,1495,44.0,55,9.300000000000011,6888.46549177122,2420.0,0
L,301.9,312.6,1442,48.0,181,10.700000000000045,7248.28257036237,8688.0,0
L,305.4,313.9,1450,44.1,56,8.5,6696.304741126643,2469.6,0
L,303.6,314.2,1497,43.6,198,10.599999999999966,6834.974640856098,8632.800000000001,0
M,299.6,310.0,1482,39.9,153,10.399999999999977,6192.267615784697,6104.7,0
L,305.0,312.2,1551,34.8,207,7.199999999999989,5652.227838632612,7203.599999999999,0
M,300.4,310.9,1441,46.8,116,10.5,7062.174621563711,5428.799999999999,0
M,303.4,314.3,1707,30.0,165,10.900000000000034,5362.698659677777,4950.0,0
L,304.0,312.9,1563,34.4,124,8.899999999999977,5630.48801746977,4265.599999999999,0
M,301.5,311.8,1692,26.7,118,10.300000000000011,4730.861545187798,3150.6,0
L,304.3,313.1,1510,38.5,47,8.800000000000011,6087.88296388142,1809.5,0
L,301.9,312.6,1602,38.2,58,10.700000000000045,6408.472022204747,2215.6000000000004,0
M,303.2,312.1,1556,35.8,36,8.900000000000034,5833.393014989623,1288.8,0
L,303.6,312.0,1437,40.0,55,8.399999999999977,6019.291524278044,2200.0,0
H,303.3,312.4,1677,30.1,130,9.099999999999966,5286.01238300365,3913.0,0
M,300.5,311.2,1352,53.0,171,10.699999999999989,7503.79877285434,9063.0,0
L,304.5,312.9,1270,54.2,26,8.399999999999977,7208.27962390666,1409.2,0
M,303.8,313.1,1545,37.5,155,9.300000000000011,6067.200812245288,5812.5,0
L,300.0,310.6,1537,39.0,103,10.600000000000023,6277.216281137766,4017.0,0
L,305.4,314.4,1867,25.9,121,9.0,5063.755174737684,3133.8999999999996,0
L,303.3,312.1,1435,45.4,181,8.800000000000011,6822.387326290714,8217.4,0
L,305.3,313.3,1421,41.4,102,8.0,6160.600361836512,4222.8,0
M,304.2,312.4,1456,50.8,15,8.199999999999989,7745.575743474611,762.0,0
L,301.2,311.4,1605,32.0,79,10.199999999999989,5378.406622945726,2528.0,0
L,304.1,312.5,1513,38.0,17,8.399999999999977,6020.757600849719,646.0,0
M,299.0,309.1,1392,51.3,124,10.100000000000023,7477.995825192855,6361.2,0
L,301.0,311.0,1713,25.3,124,10.0,4538.438995155423,3137.2000000000003,0
L,303.0,313.7,1504,37.9,58,10.699999999999989,5969.193593428798,2198.2,0
L,303.0,314.0,1601,36.9,35,11.0,6186.518501228627,1291.5,0
L,303.9,313.8,1613,32.7,170,9.900000000000034,5523.453955761967,5559.000000000001,0
M,301.9,312.1,1284,55.3,166,10.200000000000045,7435.647156222465,9179.8,0
M,305.6,314.8,1566,36.6,46,9.199999999999989,6002.075596536371,1683.6000000000001,0
L,303.1,313.9,1729,29.3,71,10.799999999999955,5305.071378435428,2080.3,0
L,303.7,312.1,1661,30.3,129,8.400000000000034,5270.367251588773,3908.7000000000003,0
H,302.5,311.6,1548,44.3,40,9.100000000000023,7181.303814987836,1772.0,0
L,303.2,312.2,1771,27.1,104,9.0,5025.9303991884635,2818.4,0
L,303.2,312.3,1353,59.4,26,9.100000000000023,8416.13822340784,1544.3999999999999,0
L,300.9,310.3,1505,37.3,100,9.400000000000034,5878.60053327478,3729.9999999999995,0
L,306.6,314.3,1695,30.7,90,7.699999999999989,5449.249537284176,2763.0,0
L,301.9,311.0,1559,34.3,126,9.100000000000023,5599.75276934215,4321.799999999999,0
L,301.2,311.2,1408,46.3,3,10.0,6826.722724152667,138.89999999999998,0
L,302.0,312.9,1524,39.8,120,10.899999999999977,6351.797690733987,4776.0,0
H,302.1,311.9,1811,24.6,77,9.799999999999955,4665.327922433915,1894.2,0
M,300.4,311.8,1564,36.0,126,11.400000000000034,5896.141092257323,4536.0,0
M,301.8,311.1,1486,41.1,13,9.300000000000011,6395.717156031173,534.3000000000001,0
L,302.9,311.7,1560,38.9,180,8.800000000000011,6354.813619681433,7002.0,0
L,305.0,312.4,1388,51.4,183,7.399999999999977,7471.042433452911,9406.199999999999,0
M,303.2,312.0,1642,28.8,92,8.800000000000011,4952.155331706663,2649.6,0
L,302.2,312.8,1507,41.3,158,10.600000000000023,6517.663310868016,6525.4,0
M,305.5,313.5,1463,43.1,181,8.0,6603.135574996682,7801.1,0
M,305.3,313.5,1546,35.5,70,8.199999999999989,5747.334320232287,2485.0,0
L,305.3,313.8,1682,34.4,127,8.5,6059.16880702761,4368.8,0
L,305.7,314.7,1572,34.4,228,9.0,5662.909253654817,7843.2,0
L,305.5,314.5,1495,38.8,186,9.0,6074.374115470983,7216.799999999999,0
M,299.9,310.2,2008,17.5,3,10.300000000000011,3679.852194904844,52.5,0
L,303.5,312.3,1461,52.5,146,8.800000000000011,8032.267017065703,7665.0,0
H,302.7,311.7,1468,49.6,132,9.0,7624.938585576763,6547.2,0
M,307.2,316.2,2113,18.4,139,9.0,4071.4203032482756,2557.6,0
L,303.9,314.5,1500,44.2,188,10.600000000000023,6942.919764433443,8309.6,0
M,301.2,312.0,1478,36.5,182,10.800000000000011,5649.316629440285,6643.0,0
L,305.1,313.4,1666,30.7,203,8.299999999999955,5356.017539301142,6232.099999999999,0
L,301.3,310.2,1465,49.4,109,8.899999999999977,7578.673397764897,5384.599999999999,0
M,303.8,314.4,1356,44.3,214,10.599999999999966,6290.599465842058,9480.199999999999,0
L,301.8,312.1,1613,27.7,143,10.300000000000011,4678.88913072191,3961.1,0
M,302.2,311.4,1447,39.6,22,9.199999999999989,6000.567632062649,871.2,0
L,300.7,311.2,1694,29.1,102,10.5,5162.202216525676,2968.2000000000003,0
L,301.4,311.7,1345,52.7,196,10.300000000000011,7422.693322514164,10329.2,0
L,300.6,311.1,1491,38.1,152,10.5,5948.825601058024,5791.2,0
M,299.2,309.7,1633,31.1,0,10.5,5318.328899433577,0.0,0
L,301.6,312.4,1615,28.8,199,10.799999999999955,4870.725250125615,5731.2,0
L,303.3,312.9,1742,25.9,7,9.599999999999966,4724.724967537785,181.29999999999998,0
L,304.3,313.3,1390,57.4,164,9.0,8355.170381977174,9413.6,0
M,306.5,315.3,1375,45.7,89,8.800000000000011,6580.327612331621,4067.3,0
M,302.6,313.3,1427,50.4,98,10.699999999999989,7531.5285640100265,4939.2,0
L,305.2,313.3,1350,56.6,76,8.100000000000023,8001.636488693202,4301.6,0
L,305.3,313.5,1591,32.7,171,8.199999999999989,5448.118563928883,5591.700000000001,0
L,304.6,313.4,1706,29.5,193,8.799999999999955,5270.231115907117,5693.5,0
M,304.9,314.0,1492,40.8,150,9.100000000000023,6374.66848525212,6120.0,0
L,304.0,313.4,1578,38.4,49,9.399999999999977,6345.514505426807,1881.6,0
L,305.2,313.6,1470,39.6,97,8.400000000000034,6095.946385025634,3841.2000000000003,0
M,303.6,312.8,1614,32.7,0,9.199999999999989,5526.8782917543795,0.0,0
L,301.2,310.9,1478,42.9,183,9.699999999999989,6639.881737068171,7850.7,0
L,299.4,309.7,1748,25.3,144,10.300000000000011,4631.168338313882,3643.2000000000003,0
L,303.6,312.8,1648,30.5,217,9.199999999999989,5263.633771334578,6618.5,1
L,301.4,310.6,1491,50.0,156,9.200000000000045,7806.857744170636,7800.0,0
L,300.0,310.4,1595,31.7,170,10.399999999999977,5294.7878984826775,5389.0,0
L,304.2,313.2,1676,32.4,98,9.0,5686.534030409812,3175.2,0
M,303.8,312.2,1482,39.0,171,8.399999999999977,6052.5924064060955,6669.0,0
L,301.9,311.5,1601,32.3,202,9.600000000000023,5415.299392674381,6524.599999999999,0
L,303.3,313.1,1806,24.4,88,9.800000000000011,4614.622617004975,2147.2,0
L,300.4,311.0,1295,52.1,130,10.600000000000023,7065.389518045885,6773.0,0
L,300.6,311.7,1611,33.1,155,11.099999999999966,5584.08669397625,5130.5,0
L,300.8,310.9,1374,47.1,150,10.099999999999966,6776.98084047083,7065.0,0
L,301.8,312.3,1461,39.4,141,10.5,6028.025151855023,5555.4,0
H,302.9,312.3,1400,48.7,119,9.400000000000034,7139.792904058403,5795.3,0
M,301.7,312.1,1800,24.8,78,10.400000000000034,4674.689868541612,1934.4,0
L,303.0,311.5,1454,51.7,2,8.5,7871.9724879040405,103.4,0
L,304.9,313.3,1465,44.3,57,8.400000000000034,6796.259747388358,2525.1,0
L,303.2,314.0,1528,36.1,125,10.800000000000011,5776.425468204528,4512.5,0
L,300.7,311.8,1559,36.9,145,11.100000000000023,6024.223824744179,5350.5,0
L,300.9,309.8,1502,36.7,12,8.900000000000034,5772.508949363053,440.40000000000003,0
L,300.3,311.2,1352,53.8,91,10.899999999999977,7617.063659991763,4895.8,0
L,303.4,312.3,1513,32.9,117,8.900000000000034,5212.708554419888,3849.2999999999997,0
L,302.8,312.0,1545,32.2,18,9.199999999999989,5209.703097447955,579.6,0
L,300.5,310.8,2564,12.8,127,10.300000000000011,3436.8185872231384,1625.6000000000001,1
M,304.1,313.2,1621,31.0,108,9.099999999999966,5262.272414518023,3348.0,0
L,303.1,313.9,1660,31.4,38,10.799999999999955,5458.412515857146,1193.2,0
M,303.0,312.0,1425,40.8,178,9.0,6088.406562657018,7262.4,0
L,306.7,315.2,1572,37.2,192,8.5,6123.843727789512,7142.400000000001,0
M,300.5,310.9,1403,44.3,25,10.399999999999977,6508.636467976701,1107.5,0
L,306.3,313.8,1393,47.4,18,7.5,6914.456934991918,853.1999999999999,0
L,303.3,313.8,1332,60.5,112,10.5,8438.946186072902,6776.0,0
H,299.9,310.4,1557,36.5,63,10.5,5951.2760433278245,2299.5,0
L,301.5,312.5,1804,26.1,22,11.0,4930.666837956109,574.2,0
L,301.1,311.4,2136,15.9,78,10.299999999999955,3556.534211275933,1240.2,0
L,303.3,314.2,1571,31.2,123,10.899999999999977,5132.859741141147,3837.6,0
L,301.2,310.4,1769,27.2,188,9.199999999999989,5038.779513141644,5113.599999999999,0
M,303.0,312.7,1443,58.7,68,9.699999999999989,8870.192609631173,3991.6000000000004,0
L,307.3,316.0,1802,25.4,170,8.699999999999989,4793.106967630923,4318.0,0
M,302.1,311.4,1397,52.4,112,9.299999999999955,7665.77929007343,5868.8,0
L,300.4,311.7,1420,45.6,193,11.300000000000011,6780.813583508209,8800.800000000001,0
H,304.6,312.9,1369,45.4,156,8.299999999999955,6508.605052050166,7082.4,0
H,302.2,311.3,1908,21.3,104,9.100000000000023,4255.852735965021,2215.2000000000003,0
L,305.5,314.4,1306,59.7,172,8.899999999999977,8164.810811120657,10268.4,0
L,306.5,314.8,1946,21.1,112,8.300000000000011,4299.855977066302,2363.2000000000003,0
M,299.9,310.3,1840,24.6,157,10.400000000000034,4740.03499573628,3862.2000000000003,0
L,302.0,312.9,1713,28.0,116,10.899999999999977,5022.778334559361,3248.0,0
L,302.0,312.5,1360,48.1,37,10.5,6850.347500907663,1779.7,0
M,303.5,313.9,1312,51.4,60,10.399999999999977,7061.965182053472,3084.0,0
M,301.8,313.1,1640,33.8,9,11.300000000000011,5804.825465792979,304.2,0
L,304.5,313.1,1522,41.0,114,8.600000000000023,6534.722158977009,4674.0,0
H,302.1,313.1,1791,28.0,168,11.0,5251.486279740698,4704.0,0
L,302.7,311.5,1412,49.2,85,8.800000000000011,7274.923276064813,4182.0,0
L,300.6,312.0,1574,30.9,151,11.399999999999977,5093.212841852844,4665.9,0
L,298.8,308.9,1325,56.2,65,10.099999999999966,7797.956564985465,3653.0,0
L,301.3,312.1,1420,44.1,197,10.800000000000011,6557.760505103334,8687.7,0
L,303.0,312.2,1554,32.0,117,9.199999999999989,5207.5039825904405,3744.0,0
M,305.1,314.0,1341,50.8,99,8.899999999999977,7133.8029340655585,5029.2,0
H,302.1,312.5,1431,49.5,205,10.399999999999977,7417.77149402354,10147.5,0
L,303.8,313.7,1397,48.7,111,9.899999999999977,7124.493347835421,5405.700000000001,0
L,303.1,314.0,1659,31.1,203,10.899999999999977,5403.005293423334,6313.3,0
M,300.9,311.6,1338,49.6,56,10.700000000000045,6949.705604565197,2777.6,0
M,302.3,313.2,1440,45.5,146,10.899999999999977,6861.238355440108,6643.0,0
L,301.0,311.2,1511,45.8,114,10.199999999999989,7247.004989349911,5221.2,0
L,303.7,313.1,1447,40.7,82,9.400000000000034,6167.2500662866105,3337.4,0
M,304.4,312.5,1651,29.8,44,8.100000000000023,5152.191007936237,1311.2,0
L,300.3,311.1,1511,35.7,120,10.800000000000011,5648.866334493271,4284.0,0
H,305.1,312.6,1844,24.6,171,7.5,4750.339419640054,4206.6,0
L,304.3,313.0,1503,48.6,72,8.699999999999989,7649.338288519643,3499.2000000000003,0
L,301.8,311.8,1450,44.8,63,10.0,6802.595292573098,2822.3999999999996,0
L,307.0,315.8,1519,36.7,117,8.800000000000011,5837.843604582209,4293.900000000001,0
M,302.5,311.8,1675,29.2,132,9.300000000000011,5121.843222902559,3854.4,0
M,302.1,312.6,1570,30.9,226,10.5,5080.269480120054,6983.4,0
L,303.4,312.0,1711,29.2,215,8.600000000000023,5231.924629484345,6278.0,0
M,303.2,312.3,1466,45.7,41,9.100000000000023,7015.825657947749,1873.7,0
H,301.6,312.0,1523,34.2,119,10.399999999999977,5454.495997015671,4069.8,0
L,305.1,313.9,1549,44.6,31,8.799999999999955,7234.6061703437435,1382.6000000000001,0
M,307.1,316.1,1441,43.7,131,9.0,6594.381003468679,5724.700000000001,0
L,304.6,312.5,1566,30.3,79,7.899999999999977,4968.9314364768325,2393.7000000000003,0
L,304.0,313.8,1349,47.0,71,9.800000000000011,6639.546633851788,3337.0,0
L,305.3,313.4,1891,22.7,135,8.099999999999966,4495.168792339979,3064.5,0
L,300.8,310.0,1581,33.1,116,9.199999999999989,5480.099977142428,3839.6000000000004,0
M,303.1,314.1,1433,51.4,76,11.0,7713.259227044683,3906.4,0
L,306.9,315.2,1339,62.3,156,8.300000000000011,8735.690556155481,9718.8,0
L,303.6,312.7,1378,47.3,71,9.099999999999966,6825.570806846351,3358.2999999999997,0
L,305.8,314.6,1487,36.6,84,8.800000000000011,5699.288896583387,3074.4,0
L,305.9,314.9,2030,19.1,192,9.0,4060.299065254568,3667.2000000000003,0
L,302.7,311.8,1445,42.6,0,9.100000000000023,6446.233965900896,0.0,0
H,307.1,315.9,1696,29.6,65,8.799999999999955,5257.099258615112,1924.0,0
L,300.4,311.3,1353,49.4,188,10.900000000000034,6999.279936638843,9287.199999999999,0
H,299.7,309.9,1661,34.2,109,10.199999999999989,5948.731353278417,3727.8,0
H,299.9,310.4,1547,32.6,79,10.5,5281.247634145706,2575.4,0
M,300.9,310.1,1609,30.3,64,9.200000000000045,5105.370805422237,1939.2,0
L,303.3,314.3,1418,45.9,53,11.0,6815.8109256692,2432.7,0
M,305.3,314.4,1508,42.3,159,9.099999999999966,6679.905627474905,6725.7,0
L,305.2,314.0,1481,40.4,93,8.800000000000011,6265.634276221531,3757.2,0
L,303.3,312.7,1369,48.8,36,9.399999999999977,6996.033624230134,1756.8,0
H,301.8,312.7,1455,44.9,107,10.899999999999977,6841.289242089812,4804.3,0
L,302.7,311.8,1592,34.2,8,9.100000000000023,5701.613675147044,273.6,0
L,301.0,310.7,1514,37.9,9,9.699999999999989,6008.882380619149,341.09999999999997,0
H,304.4,312.9,1610,38.6,16,8.5,6507.913901666376,617.6,0
M,301.6,311.9,1464,36.9,179,10.299999999999955,5657.128723172212,6605.099999999999,0
L,303.0,314.0,1749,28.3,83,11.0,5183.2823032312635,2348.9,0
L,305.5,313.9,1559,37.6,209,8.399999999999977,6138.504493506264,7858.400000000001,0
M,304.8,313.5,1756,26.7,33,8.699999999999989,4909.806662736271,881.1,0
L,305.3,314.0,1448,49.6,28,8.699999999999989,7521.056588498061,1388.8,0
M,303.7,312.3,1490,38.8,173,8.600000000000023,6054.05848297777,6712.4,0
L,306.5,314.2,1959,22.3,157,7.699999999999989,4574.755806230921,3501.1,0
L,303.4,313.6,1487,37.4,162,10.200000000000045,5823.863517273734,6058.8,0
L,303.3,314.3,1413,46.0,182,11.0,6806.574643267645,8372.0,0
M,303.1,312.0,1462,42.8,50,8.899999999999977,6552.692068955542,2140.0,0
M,303.6,312.0,1530,40.2,93,8.399999999999977,6440.893258389794,3738.6000000000004,0
L,306.0,313.7,1374,48.2,65,7.699999999999989,6935.254278358684,3133.0,1
L,305.2,312.6,1458,45.1,15,7.400000000000034,6885.931273697324,676.5,0
L,302.1,310.7,1568,33.3,123,8.599999999999966,5467.879181719963,4095.8999999999996,0
H,301.3,311.5,1823,25.9,181,10.199999999999989,4944.416541803319,4687.9,0
L,300.5,311.0,1530,38.5,93,10.5,6168.517175323558,3580.5,0
L,307.1,316.1,1382,46.7,134,9.0,6758.550163569769,6257.8,0
H,306.3,314.3,1806,27.7,44,8.0,5238.731413567123,1218.8,0
H,303.5,311.9,1502,34.3,40,8.399999999999977,5395.015176107703,1372.0,0
M,303.4,314.0,1476,32.6,144,10.600000000000023,5038.86328894574,4694.400000000001,0
L,305.1,313.7,1460,46.9,198,8.599999999999966,7170.580512063583,9286.199999999999,0
H,302.5,311.7,1872,22.6,162,9.199999999999989,4430.39962379847,3661.2000000000003,0
H,305.2,314.1,1357,44.2,142,8.900000000000034,6281.028080224121,6276.400000000001,0
M,303.7,312.0,1633,31.3,90,8.300000000000011,5352.530371455658,2817.0,0
M,301.9,312.3,1947,21.7,105,10.400000000000034,4424.399181830113,2278.5,0
H,300.9,311.2,1545,35.9,120,10.300000000000011,5808.333577589488,4308.0,0
L,301.2,311.1,1353,54.1,38,9.900000000000034,7665.203331420272,2055.8,0
L,304.9,312.2,1424,42.8,140,7.300000000000011,6382.375859228928,5992.0,0
L,306.9,315.9,1442,48.5,174,9.0,7323.785513803645,8439.0,0
L,303.0,312.3,1372,39.6,105,9.300000000000011,5689.5499593572595,4158.0,0
L,302.1,313.1,1326,49.7,78,11.0,6901.262245846841,3876.6000000000004,0
L,305.0,313.5,1632,34.2,18,8.5,5844.870300150738,615.6,0
H,303.7,312.8,1369,50.7,12,9.100000000000023,7268.420179271881,608.4000000000001,0
L,303.2,312.0,2183,17.8,39,8.800000000000011,4069.1374125866673,694.2,0
H,300.5,311.0,1671,28.0,158,10.5,4899.627902538641,4424.0,0
L,305.6,314.4,1453,39.1,84,8.799999999999955,5949.370143784647,3284.4,0
L,305.9,313.7,1751,23.8,196,7.800000000000011,4364.070130905678,4664.8,0
M,307.3,315.9,1624,32.1,53,8.599999999999966,5459.0827222899115,1701.3000000000002,0
L,304.6,313.3,1392,42.4,3,8.699999999999989,6180.643722966414,127.19999999999999,0
L,303.9,312.9,1788,27.8,90,9.0,5205.242035879856,2502.0,0
M,301.0,310.2,1487,41.3,160,9.199999999999989,6431.164793139177,6608.0,0
L,300.5,311.4,1581,30.4,155,10.899999999999977,5033.082758463135,4712.0,0
M,302.5,313.2,1424,41.3,101,10.699999999999989,6158.694462293334,4171.299999999999,0
H,303.8,314.2,1468,38.7,39,10.399999999999977,5949.296839956063,1509.3000000000002,0
M,305.2,314.1,1592,37.7,79,8.900000000000034,6285.112150673788,2978.3,0
M,306.7,314.8,1756,26.4,190,8.100000000000023,4854.640295739235,5016.0,0
H,304.0,313.4,1495,37.3,21,9.399999999999977,5839.540064615147,783.3,0
H,299.4,310.0,1403,52.8,94,10.600000000000023,7757.471907656203,4963.2,0
L,305.6,312.9,1478,47.7,189,7.2999999999999545,7382.805567789086,9015.300000000001,0
H,302.4,311.5,1607,33.7,130,9.100000000000023,5671.192586284783,4381.0,0
L,306.4,314.2,1295,51.3,51,7.800000000000011,6956.899851741917,2616.2999999999997,1
M,301.3,312.0,1543,49.9,199,10.699999999999989,8062.970849266787,9930.1,0
L,304.1,313.3,1470,49.3,116,9.199999999999989,7589.145373276863,5718.799999999999,0
L,303.4,313.7,1406,43.6,22,10.300000000000011,6419.488540443335,959.2,0
L,302.7,312.1,1553,36.8,174,9.400000000000034,5984.775892990603,6403.2,0
L,305.2,314.0,1482,45.6,87,8.800000000000011,7076.877275182511,3967.2000000000003,0
M,305.4,312.8,1378,54.3,165,7.400000000000034,7835.697564730589,8959.5,1
M,300.7,311.6,1732,28.1,167,10.900000000000034,5096.626705869746,4692.7,0
L,301.8,310.8,1634,27.9,12,9.0,4774.0270282481215,334.79999999999995,0
L,306.5,314.5,1366,54.5,30,8.0,7796.071609393311,1635.0,1
L,300.2,310.6,1431,49.7,210,10.400000000000034,7447.742287938786,10437.0,1
L,306.4,315.4,1389,54.1,109,9.0,7869.155526491322,5896.900000000001,0
H,303.9,313.2,1403,40.6,207,9.300000000000011,5965.025747175036,8404.2,0
L,305.4,313.8,1503,38.2,120,8.400000000000034,6012.4428522932185,4584.0,0
M,301.7,312.4,1458,40.2,137,10.699999999999989,6137.792399171451,5507.400000000001,0
M,301.1,311.5,2042,17.8,129,10.399999999999977,3806.311771187345,2296.2000000000003,0
L,301.0,311.4,1390,53.9,88,10.399999999999977,7845.70877332003,4743.2,0
L,303.6,314.4,1472,44.2,126,10.799999999999955,6813.318595497351,5569.200000000001,0
L,300.3,310.7,1896,24.4,47,10.399999999999977,4844.587199247748,1146.8,0
L,306.8,315.7,1336,47.8,176,8.899999999999977,6687.487337745568,8412.8,0
L,303.6,313.1,1508,34.8,62,9.5,5495.525197071553,2157.6,0
M,304.4,313.1,1431,40.6,101,8.700000000000045,6084.071164795065,4100.6,0
L,303.8,313.6,1480,41.1,176,9.800000000000011,6369.893264418664,7233.6,0
M,304.5,313.0,1503,38.2,200,8.5,6012.4428522932185,7640.000000000001,0
M,302.2,311.5,1881,23.9,137,9.300000000000011,4707.770839183911,3274.2999999999997,0
L,303.4,314.0,1492,44.6,149,10.600000000000023,6968.387608878544,6645.400000000001,0
L,300.8,312.2,1547,37.3,25,11.399999999999977,6042.654501645239,932.4999999999999,0
L,303.4,312.2,1488,35.7,177,8.800000000000011,5562.880943564519,6318.900000000001,0
L,304.3,313.1,1556,39.0,72,8.800000000000011,6354.813619681433,2808.0,0
L,303.1,312.1,1565,34.8,32,9.0,5703.24730332691,1113.6,0
L,303.4,313.1,1384,48.7,24,9.700000000000045,7058.195270869164,1168.8000000000002,0
L,302.7,311.7,1326,64.8,71,9.0,8998.024014705741,4600.8,0
M,301.1,311.1,1425,41.9,11,10.0,6252.554778807085,460.9,0
L,300.5,310.8,1437,42.3,29,10.300000000000011,6365.40078692403,1226.6999999999998,0
L,306.7,315.2,1989,22.4,166,8.5,4665.642081699273,3718.3999999999996,0
M,300.4,310.8,1550,47.8,18,10.400000000000034,7758.686656815592,860.4,0
L,303.4,313.8,1495,51.2,175,10.400000000000034,8015.668935879237,8960.0,0
M,299.7,310.3,1672,32.4,113,10.600000000000023,5672.962350146304,3661.2,0
L,303.1,311.8,1685,27.1,203,8.699999999999989,4781.870537906584,5501.3,0
M,303.8,313.2,1572,36.2,167,9.399999999999977,5959.224272741407,6045.400000000001,0
L,305.4,314.4,1290,70.0,139,9.0,9456.193887305277,9730.0,1
L,300.0,310.2,1867,22.8,118,10.199999999999989,4457.668648031629,2690.4,0
L,304.8,313.7,1822,26.2,204,8.899999999999977,4998.944118294126,5344.8,0
L,303.7,314.2,1910,19.7,13,10.5,3940.290225887438,256.09999999999997,0
L,298.6,308.7,1650,28.2,35,10.099999999999966,4872.610205717769,987.0,0
L,304.4,312.9,1559,39.4,199,8.5,6432.369070323053,7840.599999999999,0
L,301.7,311.0,1668,35.2,77,9.300000000000011,6148.473814193656,2710.4,0
M,302.9,312.9,1820,26.6,175,10.0,5069.6927848529685,4655.0,0
L,301.8,312.2,1609,40.4,169,10.399999999999977,6807.161073896315,6827.599999999999,0
L,300.3,311.2,1531,36.7,116,10.899999999999977,5883.962184736907,4257.200000000001,0
L,304.8,312.7,2825,5.8,215,7.899999999999977,1715.8331876356253,1247.0,1
L,300.5,311.0,1712,26.8,136,10.5,4804.709916498181,3644.8,0
L,302.8,312.2,1457,51.9,89,9.399999999999977,7918.729858564969,4619.099999999999,0
M,300.9,310.0,1642,32.4,126,9.100000000000023,5571.174748169995,4082.3999999999996,0
L,301.9,312.6,1577,41.4,80,10.700000000000045,6836.922428301323,3312.0,0
H,304.7,312.6,1660,29.3,72,7.900000000000034,5093.3594495100115,2109.6,0
H,303.6,314.2,1535,33.3,92,10.599999999999966,5352.802642818968,3063.6,0
H,306.6,314.9,1480,50.7,2,8.299999999999955,7857.751545158791,101.4,0
M,303.1,311.7,1457,44.3,98,8.599999999999966,6759.147066173951,4341.4,0
L,303.7,313.6,2437,13.8,163,9.900000000000034,3521.7881965272295,2249.4,0
H,298.6,308.8,1509,35.8,60,10.199999999999989,5657.191555025283,2148.0,0
M,300.6,310.8,1467,36.7,68,10.199999999999989,5637.99642391185,2495.6000000000004,0
M,301.7,312.0,1394,46.0,113,10.300000000000011,6715.049577293063,5198.0,0
M,307.2,315.9,1329,54.5,75,8.699999999999989,7584.904223194517,4087.5,0
L,301.4,310.5,1508,47.9,25,9.100000000000023,7564.243015509407,1197.5,0
M,305.5,314.5,1451,43.2,189,9.0,6564.169354116658,8164.8,0
L,301.7,312.6,1433,54.6,66,10.900000000000034,8193.462136121396,3603.6,0
L,300.6,310.9,1353,57.5,88,10.299999999999955,8146.935148921731,5060.0,0
L,302.8,311.7,1491,47.5,216,8.899999999999977,7416.514856962104,10260.0,0
L,305.0,313.6,1635,36.0,23,8.600000000000023,6163.804786343174,828.0,0
M,301.4,310.3,1617,31.6,173,8.900000000000034,5350.886271300279,5466.8,0
L,304.6,312.4,1397,43.7,102,7.7999999999999545,6393.025858324597,4457.400000000001,0
M,305.6,314.1,1227,68.2,187,8.5,8763.095716070298,12753.4,1
L,301.7,312.2,1881,21.7,29,10.5,4274.419548547736,629.3,0
M,303.2,312.3,1487,39.2,122,9.100000000000023,6104.156413827016,4782.400000000001,0
L,302.5,311.8,1577,36.6,14,9.300000000000011,6044.235769947547,512.4,0
L,304.6,312.9,1561,35.3,156,8.299999999999955,5770.4040822851475,5506.799999999999,0
L,302.8,313.3,1553,32.2,161,10.5,5236.678906366778,5184.200000000001,0
L,305.3,314.0,1530,37.8,57,8.699999999999989,6056.362317590402,2154.6,0
L,302.7,312.8,1505,37.7,4,10.100000000000023,5941.6418258568165,150.8,0
L,304.2,313.3,1233,64.6,45,9.100000000000023,8341.116990840115,2906.9999999999995,0
L,303.0,314.0,1591,32.0,79,11.0,5331.492172652118,2528.0,0
L,300.3,310.7,1754,29.4,123,10.399999999999977,5400.146444108566,3616.2,0
L,303.8,313.0,1434,44.5,89,9.199999999999989,6682.481733450849,3960.5,0
L,300.6,312.1,1501,49.8,222,11.5,7827.780751243544,11055.599999999999,1
M,304.9,313.2,1472,47.0,73,8.300000000000011,7244.931538198542,3431.0,0
L,301.6,312.1,1390,50.3,196,10.5,7321.691118701252,9858.8,0
L,299.3,309.8,1567,31.4,5,10.5,5152.609886956715,157.0,0
L,303.6,314.5,1490,42.2,3,10.899999999999977,6584.568762413967,126.60000000000001,0
L,300.5,311.1,1437,43.3,34,10.600000000000023,6515.883075030982,1472.1999999999998,0
L,305.4,313.8,1392,50.5,51,8.400000000000034,7361.379905891603,2575.5,0
L,304.0,314.7,1602,35.9,67,10.699999999999989,6022.621612490848,2405.2999999999997,0
L,304.3,312.5,1550,41.5,197,8.199999999999989,6736.098248072114,8175.5,0
L,303.6,312.7,1447,45.9,17,9.099999999999966,6955.203391708979,780.3,0
L,305.0,313.1,1392,50.0,84,8.100000000000023,7288.49495632832,4200.0,0
L,305.2,313.3,1340,47.8,54,8.100000000000023,6707.5097549244465,2581.2,0
L,302.3,311.5,1419,46.6,158,9.199999999999989,6924.6356951895505,7362.8,0
L,304.2,312.8,1497,45.7,76,8.600000000000023,7164.182135025772,3473.2000000000003,0
M,305.3,313.5,1541,36.6,143,8.199999999999989,5906.257020601884,5233.8,0
L,300.8,311.4,1530,37.6,106,10.599999999999966,6024.318072523787,3985.6000000000004,0
L,299.8,310.6,1356,48.3,201,10.800000000000011,6858.599417611092,9708.3,0
L,301.9,312.7,1562,42.5,179,10.800000000000011,6951.8209436186135,7607.5,0
L,299.6,309.9,1389,42.7,48,10.299999999999955,6210.960092073557,2049.6000000000004,0
L,300.8,309.8,1412,50.7,24,9.0,7496.719717408252,1216.8000000000002,0
M,299.2,309.3,1526,42.3,129,10.100000000000023,6759.639249023014,5456.7,0
L,302.2,310.9,1402,47.7,24,8.699999999999989,7003.175511529295,1144.8000000000002,0
L,302.9,311.9,1363,60.9,57,9.0,8692.441297291061,3471.2999999999997,0
L,300.6,312.0,2001,20.5,220,11.399999999999977,4295.656714886003,4510.0,0
L,305.2,313.2,1567,36.4,100,8.0,5973.089168319249,3640.0,0
L,302.6,313.6,1521,37.2,131,11.0,5925.169408376493,4873.200000000001,0
L,301.0,310.9,1911,22.0,13,9.899999999999977,4402.627944740736,286.0,0
L,303.4,313.7,1705,28.7,20,10.300000000000011,5124.304137147871,574.0,0
L,305.5,313.7,1545,40.1,165,8.199999999999989,6487.860068560961,6616.5,0
L,300.0,310.6,1455,43.5,122,10.600000000000023,6627.975100911066,5307.0,0
M,301.2,310.3,1578,34.5,127,9.100000000000023,5701.048188469397,4381.5,0
L,302.0,311.6,1394,45.1,179,9.600000000000023,6583.668172519938,8072.900000000001,0
H,307.2,316.0,1627,32.2,91,8.800000000000011,5486.205138865904,2930.2000000000003,0
L,300.7,311.2,1829,24.9,17,10.5,4769.157559635057,423.29999999999995,0
M,306.9,315.5,1475,41.0,11,8.600000000000023,6332.927190861425,451.0,0
M,300.4,311.5,1497,41.8,144,11.100000000000023,6552.7967887106615,6019.2,0
L,305.9,314.8,1530,34.9,185,8.900000000000034,5591.720764124472,6456.5,0
L,299.0,309.2,1917,21.0,127,10.199999999999989,4215.703181852144,2667.0,0
L,304.0,314.1,1440,43.3,131,10.100000000000023,6529.486171221025,5672.299999999999,0
M,306.8,315.1,1684,29.3,167,8.300000000000011,5166.998381310157,4893.1,0
H,301.5,310.4,1260,54.2,141,8.899999999999977,7151.521516631805,7642.200000000001,0
M,303.6,312.3,1532,42.5,130,8.699999999999989,6818.303255841048,5525.0,0
H,303.7,312.0,1667,30.5,29,8.300000000000011,5324.318869426421,884.5,0
M,304.1,313.6,1592,35.7,174,9.5,5951.684450372791,6211.8,0
L,302.0,312.7,1372,48.0,174,10.699999999999989,6896.424193160314,8352.0,0
M,301.6,312.5,1512,37.5,27,10.899999999999977,5937.610115284709,1012.5,0
L,305.0,313.3,1615,29.0,235,8.300000000000011,4904.549731029265,6815.0,1
M,306.4,313.9,1606,29.6,122,7.5,4978.125830976339,3611.2000000000003,0
M,306.8,314.9,1597,33.4,203,8.099999999999966,5585.730794131628,6780.2,0
M,301.7,310.9,1441,43.2,132,9.199999999999989,6518.930419904965,5702.400000000001,0
L,304.9,313.4,1799,24.2,54,8.5,4559.058314938483,1306.8,0
L,306.0,313.7,1664,29.8,186,7.699999999999989,5192.759441069593,5542.8,0
L,305.8,313.6,1550,32.3,76,7.800000000000011,5242.794540065765,2454.7999999999997,0
L,305.3,312.7,1394,55.4,57,7.399999999999977,8087.2553604790355,3157.7999999999997,0
M,302.6,311.7,1651,30.8,92,9.099999999999966,5325.083323638795,2833.6,0
L,304.9,313.3,1735,31.5,66,8.400000000000034,5723.196416677205,2079.0,0
M,303.9,314.0,1836,21.8,12,10.100000000000023,4191.387254713359,261.6,0
L,303.5,313.9,1445,41.5,66,10.399999999999977,6279.781915138197,2739.0,0
M,303.7,314.3,1407,42.4,224,10.600000000000023,6247.245487222518,9497.6,0
M,301.2,310.8,1639,33.3,191,9.600000000000023,5715.468098749374,6360.299999999999,0
M,303.7,314.4,1366,55.1,36,10.699999999999989,7881.899920689384,1983.6000000000001,0
M,304.8,312.8,1409,52.5,26,8.0,7746.382085589032,1365.0,0
L,300.7,312.1,1480,47.9,18,11.400000000000034,7423.79287994292,862.1999999999999,0
L,301.4,311.3,1458,40.1,111,9.900000000000034,6122.524258875004,4451.1,0
H,298.5,308.4,1593,37.2,197,9.899999999999977,6205.65080048899,7328.400000000001,0
M,305.2,314.0,1443,47.0,90,8.800000000000011,7102.198511970445,4230.0,0
L,305.6,312.9,1359,57.2,67,7.2999999999999545,8140.369220275728,3832.4,1
L,302.9,312.9,1408,38.4,144,10.0,5661.903944005669,5529.599999999999,0
L,301.4,311.6,1423,48.0,135,10.200000000000045,7152.778153693241,6480.0,0
L,304.9,313.2,1370,50.3,20,8.300000000000011,7216.343045050874,1006.0,0
M,306.7,315.4,1566,32.6,9,8.699999999999989,5346.111050466823,293.40000000000003,0
L,303.7,312.6,1351,46.9,165,8.900000000000034,6635.24265191637,7738.5,0
L,301.0,311.6,1822,23.5,122,10.600000000000023,4483.785754958472,2867.0,0
L,303.7,314.5,1550,32.4,5,10.800000000000011,5259.026102109314,162.0,0
L,303.9,313.2,1427,44.1,141,9.300000000000011,6590.087493508773,6218.1,0
L,301.9,312.8,1484,43.8,124,10.900000000000034,6806.700306973788,5431.2,0
L,307.1,315.8,1470,39.9,70,8.699999999999989,6142.127797033404,2793.0,0
L,303.8,314.5,1382,49.3,177,10.699999999999989,7134.82918766573,8726.1,0
L,302.8,312.9,1698,28.3,103,10.099999999999966,5032.1402806670585,2914.9,0
H,304.9,312.8,1653,32.4,100,7.900000000000034,5608.496868894642,3240.0,0
M,305.9,314.8,1809,25.0,180,8.900000000000034,4735.950925286613,4500.0,0
L,300.0,310.8,1492,48.1,137,10.800000000000011,7515.234170113406,6589.7,0
L,303.0,313.0,1412,52.4,142,10.0,7748.089017597483,7440.8,0
H,305.3,314.2,1456,45.4,130,8.899999999999977,6922.227140821798,5902.0,0
L,302.6,311.6,1407,50.6,85,9.0,7455.439189940081,4301.0,0
L,303.0,312.6,1465,40.9,60,9.600000000000023,6274.650647137334,2454.0,0
M,303.1,313.9,1575,29.8,210,10.799999999999955,4915.021706541231,6258.0,0
H,303.6,314.6,1354,46.9,138,11.0,6649.976721461706,6472.2,0
L,304.2,313.1,1437,51.2,112,8.900000000000034,7704.693151075897,5734.400000000001,0
M,303.2,312.6,1550,38.7,45,9.400000000000034,6281.614510852792,1741.5000000000002,0
L,303.9,313.5,2003,20.2,138,9.600000000000023,4237.024123994506,2787.6,0
M,303.7,312.0,1622,30.5,14,8.300000000000011,5180.591005524689,427.0,0
L,303.8,314.4,1560,31.8,21,10.599999999999966,5194.937611976082,667.8000000000001,0
L,304.8,313.2,1547,41.7,72,8.399999999999977,6755.46093079374,3002.4,0
M,305.4,312.9,1586,34.3,149,7.5,5696.7337345584665,5110.7,0
M,303.8,313.4,1522,41.7,115,9.599999999999966,6646.290586081494,4795.5,0
L,302.0,312.7,1682,28.8,49,10.699999999999989,5072.792489604511,1411.2,0
L,300.9,311.7,1478,39.7,10,10.800000000000011,6144.599183254229,397.0,0
L,302.8,311.6,1772,24.8,113,8.800000000000011,4601.97247058652,2802.4,0
L,303.3,314.1,1374,47.4,197,10.800000000000011,6820.146323531153,9337.8,0
M,303.3,313.8,1506,40.7,98,10.5,6418.71361425545,3988.6000000000004,0
M,300.8,309.8,1804,26.0,222,9.0,4911.775394132522,5772.0,0
L,302.7,313.1,1737,26.1,144,10.400000000000034,4747.543402178359,3758.4,0
L,300.7,311.7,1391,44.5,159,11.0,6482.100482029379,7075.5,0
L,301.8,310.7,1443,53.4,21,8.899999999999977,8069.306394451526,1121.3999999999999,0
L,300.3,311.2,1492,43.6,189,10.899999999999977,6812.145734240012,8240.4,0
L,306.3,313.9,1658,30.5,7,7.599999999999966,5295.573296646075,213.5,0
L,301.0,311.1,1430,57.0,43,10.100000000000023,8535.707239803467,2451.0,0
M,301.2,311.5,1723,26.6,168,10.300000000000011,4799.4948726932225,4468.8,0
M,304.9,313.5,1467,48.1,43,8.600000000000023,7389.308664582016,2068.3,0
L,304.4,312.6,1937,21.8,205,8.200000000000045,4421.959211535825,4469.0,0
L,307.0,315.5,1397,42.4,113,8.5,6202.844311051783,4791.2,0
L,301.4,312.0,1450,47.9,112,10.600000000000023,7273.310591835969,5364.8,0
L,302.2,312.7,1609,33.2,156,10.5,5594.003654786082,5179.200000000001,0
L,303.5,313.9,1400,45.1,29,10.399999999999977,6612.005338255318,1307.9,0
M,301.2,311.9,1693,34.4,73,10.699999999999989,6098.794762364889,2511.2,0
H,305.5,313.8,1393,47.5,130,8.300000000000011,6929.044396880087,6175.0,0
L,300.5,311.0,1373,39.9,110,10.5,5736.830928793785,4389.0,0
L,304.1,313.8,1630,29.5,51,9.699999999999989,5035.44942492884,1504.5,0
L,301.9,311.2,1504,41.8,165,9.300000000000011,6583.437789058674,6896.999999999999,0
L,305.7,313.0,1642,30.8,195,7.300000000000011,5296.055007519625,6006.0,0
L,301.5,311.9,1418,45.1,148,10.399999999999977,6697.016835461458,6674.8,0
M,305.3,314.2,1494,37.1,114,8.899999999999977,5804.34375491943,4229.400000000001,0
M,303.6,312.3,1447,42.9,12,8.699999999999989,6500.614934734535,514.8,0
L,301.3,310.9,1528,37.3,160,9.599999999999966,5968.439611191936,5968.0,0
M,305.6,313.5,1329,48.6,111,7.899999999999977,6763.786151325753,5394.6,1
M,304.0,313.6,1420,47.4,167,9.600000000000023,7048.477277594059,7915.8,0
L,304.1,312.6,1489,45.8,42,8.5,7141.489364091341,1923.6,0
M,306.6,314.5,1645,35.7,81,7.899999999999977,6149.8246990347,2891.7000000000003,0
H,300.9,310.2,1618,35.9,92,9.300000000000011,6082.772639831581,3302.7999999999997,0
M,302.3,311.3,1648,28.4,188,9.0,4901.21964281646,5339.2,0
L,302.4,311.6,1957,22.1,55,9.200000000000045,4529.09799299875,1215.5,0
L,306.7,315.1,1396,44.1,136,8.400000000000034,6446.925116284686,5997.6,0
L,301.4,311.9,1385,43.2,119,10.5,6265.592388319484,5140.8,0
L,305.8,314.7,1746,27.4,44,8.899999999999977,5009.83497282657,1205.6,0
H,301.6,310.9,1407,50.5,164,9.299999999999955,7440.705120394745,8282.0,0
H,300.8,310.3,1662,30.7,48,9.5,5343.157953372448,1473.6,0
L,301.5,311.3,1305,58.7,26,9.800000000000011,8021.899761308857,1526.2,0
M,302.2,312.9,1502,39.8,34,10.699999999999989,6260.105073151213,1353.1999999999998,0
L,306.5,315.4,1275,64.4,113,8.899999999999977,8598.539092875264,7277.200000000001,0
H,303.8,312.4,2041,19.2,194,8.599999999999966,4103.673987825131,3724.7999999999997,0
L,298.7,308.7,1464,46.2,92,10.0,7082.909133077404,4250.400000000001,0
L,300.2,310.4,1309,49.6,167,10.199999999999989,6799.076708801078,8283.2,0
L,304.0,314.6,1675,30.7,200,10.600000000000023,5384.951607640704,6140.0,0
L,302.3,311.7,2280,15.4,207,9.399999999999977,3676.920041761494,3187.8,0
L,298.6,308.7,1428,44.5,51,10.099999999999966,6654.5215588339,2269.5,0
L,303.5,314.4,1432,43.1,16,10.899999999999977,6463.219510181306,689.6,0
M,301.7,312.3,1570,42.1,200,10.600000000000023,6921.661654144152,8420.0,0
L,303.2,311.9,1558,38.3,51,8.699999999999989,6248.774395647265,1953.3,0
L,303.0,313.0,1517,42.2,186,10.0,6703.886451397308,7849.200000000001,0
L,301.6,312.6,1721,27.2,5,11.0,4902.057400857417,136.0,0
L,304.2,313.1,1389,45.3,64,8.900000000000034,6589.145015712696,2899.2,0
L,300.1,310.3,1428,43.7,179,10.199999999999989,6534.889710585201,7822.3,0
M,300.3,310.8,1459,59.6,207,10.5,9106.052914087184,12337.2,1
M,305.0,313.2,2157,17.8,17,8.199999999999989,4020.673109917289,302.6,0
H,307.1,315.8,1689,32.5,134,8.699999999999989,5748.329157905924,4355.0,0
L,305.5,314.5,2052,18.9,40,9.0,4061.32531885474,756.0,0
M,303.8,313.2,1452,43.0,139,9.399999999999977,6538.282630651077,5977.0,0
M,304.7,313.3,1671,31.6,137,8.600000000000023,5529.580061436467,4329.2,0
L,303.7,312.3,1596,31.5,123,8.600000000000023,5264.680968885775,3874.5,0
L,304.8,312.8,1482,41.4,63,8.0,6425.0596314157,2608.2,0
L,298.5,308.6,1573,35.1,129,10.100000000000023,5781.818535593191,4527.900000000001,0
M,306.4,314.3,1515,42.6,204,7.900000000000034,6758.508275667722,8690.4,0
M,302.7,312.7,1440,42.8,30,10.0,6454.08794753487,1284.0,0
L,298.8,308.9,1356,48.0,99,10.099999999999966,6815.999421228415,4752.0,0
H,303.0,312.6,1714,28.7,55,9.600000000000023,5151.353249895279,1578.5,0
M,301.7,312.6,1506,50.7,53,10.900000000000034,7995.793126357526,2687.1000000000004,0
L,298.9,309.1,1414,50.2,51,10.200000000000045,7433.301433707786,2560.2000000000003,0
M,303.2,312.0,1458,46.9,23,8.800000000000011,7160.757799033358,1078.7,0
M,301.4,311.6,1467,39.6,78,10.200000000000045,6083.505678117419,3088.8,0
M,300.8,310.0,1405,46.9,113,9.199999999999989,6900.455903732421,5299.7,0
L,301.1,311.1,1439,44.9,205,10.0,6766.058570011849,9204.5,0
H,305.3,314.2,1449,44.5,152,8.899999999999977,6752.382169993221,6764.0,0
L,306.5,314.2,1620,31.0,141,7.699999999999989,5259.026102109314,4371.0,0
L,301.9,312.8,1496,36.3,161,10.900000000000034,5686.785357822099,5844.299999999999,0
L,303.7,313.4,1521,39.4,61,9.699999999999989,6275.582652957899,2403.4,0
L,302.6,313.5,1552,33.2,139,10.899999999999977,5395.831990197637,4614.8,0
L,300.5,310.9,1441,44.5,4,10.399999999999977,6715.1019371706225,178.0,0
L,301.7,312.8,1451,40.0,86,11.100000000000023,6077.934587145053,3440.0,0
L,303.8,313.8,1782,26.9,116,10.0,5019.8252374649865,3120.3999999999996,0
L,303.7,313.3,1925,22.0,74,9.600000000000023,4434.881629317591,1628.0,0
L,300.4,311.1,1459,41.3,196,10.700000000000045,6310.066868318802,8094.799999999999,0
L,305.0,312.2,1414,36.3,209,7.199999999999989,5375.07653473292,7586.7,0
L,304.4,313.2,1616,36.5,121,8.800000000000011,6176.7900359780115,4416.5,0
H,301.1,311.0,1392,44.8,111,9.899999999999977,6530.491480870174,4972.799999999999,0
L,302.0,310.9,1571,38.6,5,8.899999999999977,6350.268782309241,193.0,0
L,303.2,312.9,1808,25.8,35,9.699999999999989,4884.799585213697,903.0,0
M,300.3,311.0,1710,27.7,138,10.699999999999989,4960.260640752924,3822.6,0
L,301.6,312.0,1450,44.3,7,10.399999999999977,6726.673470111345,310.09999999999997,0
M,303.0,313.0,1790,25.7,123,10.0,4817.422894769708,3161.1,0
M,304.7,312.4,1457,39.2,192,7.699999999999989,5981.0059818062955,7526.400000000001,0
L,303.0,313.6,1425,47.8,179,10.600000000000023,7132.986119975625,8556.199999999999,0
L,304.4,313.3,1389,52.7,125,8.900000000000034,7665.517490685631,6587.5,0
M,301.3,311.6,1488,40.6,176,10.300000000000011,6326.413622092982,7145.6,0
L,304.3,313.6,1624,40.9,0,9.300000000000011,6955.653686655992,0.0,0
L,305.3,312.6,1388,49.9,48,7.300000000000011,7253.015903293779,2395.2,0
M,301.0,310.0,1427,45.1,95,9.0,6739.522584064528,4284.5,0
M,306.4,315.4,1422,39.9,63,9.0,5941.568522028231,2513.7,0
L,303.4,313.6,1589,35.5,191,10.200000000000045,5907.189026422448,6780.5,0
L,303.4,314.2,1373,47.2,3,10.800000000000011,6786.426562382623,141.60000000000002,0
L,303.2,312.7,1415,49.6,21,9.5,7349.651293318201,1041.6000000000001,0
M,300.3,311.0,1524,49.3,176,10.699999999999989,7867.930305356421,8676.8,0
M,304.7,312.3,1284,68.2,111,7.600000000000023,9170.183292122463,7570.200000000001,1
L,304.5,312.9,1425,54.4,7,8.399999999999977,8117.875416876025,380.8,0
L,305.0,313.3,1447,42.7,229,8.300000000000011,6470.309037602906,9778.300000000001,0
M,301.6,312.5,1541,36.9,12,10.899999999999977,5954.6689633937,442.79999999999995,0
L,306.7,315.5,1753,29.0,42,8.800000000000011,5323.6381910181435,1218.0,0
H,306.3,313.9,1651,30.6,50,7.599999999999966,5290.504860498284,1530.0,0
L,299.2,309.3,1389,53.3,132,10.100000000000023,7752.790934602355,7035.599999999999,0
L,303.4,312.9,1486,46.3,48,9.5,7204.907647791808,2222.3999999999996,0
M,302.1,310.7,1435,45.2,45,8.599999999999966,6792.332756571373,2034.0000000000002,0
M,302.5,311.4,1448,42.9,74,8.899999999999977,6505.107412229168,3174.6,0
L,300.6,311.9,1958,22.1,108,11.299999999999955,4531.412299586894,2386.8,0
L,300.5,311.0,1446,41.9,32,10.5,6344.697691336874,1340.8,0
L,302.9,311.9,1858,22.5,22,9.0,4377.809362777377,495.0,0
L,304.7,312.6,2695,12.6,10,7.900000000000034,3555.968724598287,126.0,0
M,300.2,311.0,1364,54.0,43,10.800000000000011,7713.238283093659,2322.0,0
M,304.4,313.0,1563,39.9,83,8.600000000000023,6530.711392355925,3311.7,0
M,305.5,312.9,1581,32.7,181,7.399999999999977,5413.875204004755,5918.700000000001,0
M,301.0,310.1,1301,58.5,155,9.100000000000023,7970.063482524625,9067.5,0
L,301.0,310.2,1442,43.6,148,9.199999999999989,6583.856668079154,6452.8,0
L,300.8,311.7,1372,47.3,15,10.899999999999977,6795.851340343392,709.5,0
L,300.3,311.1,1297,45.9,184,10.800000000000011,6234.207877710121,8445.6,0
M,300.5,311.1,1255,60.7,77,10.600000000000023,7977.393865383002,4673.900000000001,0
L,304.7,313.0,1567,39.1,114,8.300000000000011,6416.147980255018,4457.400000000001,0
H,301.6,312.2,1672,27.5,54,10.599999999999966,4815.014340401956,1485.0,0
M,301.2,311.4,1592,35.2,142,10.199999999999989,5868.327525297542,4998.400000000001,0
H,300.6,311.5,1354,55.6,46,10.899999999999977,7883.554492820275,2557.6,0
L,301.8,313.1,1803,25.4,209,11.300000000000011,4795.766849410962,5308.599999999999,0
M,305.5,312.9,1509,37.6,45,7.399999999999977,5941.631353881304,1692.0,0
L,301.2,310.9,1512,34.9,181,9.699999999999989,5525.935813958302,6316.9,0
L,301.9,312.1,1663,33.7,195,10.200000000000045,5868.819708146605,6571.500000000001,0
L,303.7,312.9,1543,47.3,203,9.199999999999989,7642.856135677735,9601.9,0
L,306.4,315.2,1534,35.5,98,8.800000000000011,5702.723704551312,3479.0,0
L,302.3,311.8,1528,37.8,45,9.5,6048.445504103356,1700.9999999999998,0
L,303.3,313.1,1433,53.8,86,9.800000000000011,8073.4114088522165,4626.8,0
L,303.9,314.0,1505,41.1,129,10.100000000000023,6477.492812804115,5301.900000000001,0
M,305.6,314.1,1518,39.0,184,8.5,6199.6189425940975,7176.0,0
L,305.0,312.9,1464,47.2,159,7.899999999999977,7236.218854572586,7504.8,0
L,303.1,312.6,1569,43.5,17,9.5,7147.280366549458,739.5,0
L,304.3,313.1,1426,40.7,54,8.800000000000011,6077.746091585838,2197.8,0
M,301.0,310.0,1431,52.9,92,9.0,7927.274990582731,4866.8,0
L,301.1,310.1,1354,43.3,155,9.0,6139.530747106436,6711.5,0
M,300.4,311.2,1798,23.0,135,10.800000000000011,4330.58075321841,3105.0,0
L,305.7,313.0,1351,41.8,10,7.300000000000011,5913.713067166402,418.0,1
M,303.1,313.9,1342,48.5,203,10.799999999999955,6815.894701473295,9845.5,0
L,305.2,313.3,1744,29.7,16,8.100000000000023,5424.148211981992,475.2,0
L,300.3,310.8,1471,38.2,37,10.5,5884.433423634946,1413.4,0
L,304.5,313.6,1426,52.1,121,9.100000000000023,7780.112318713075,6304.1,0
H,306.3,315.1,1692,29.0,125,8.800000000000011,5138.388944211465,3625.0,0
M,300.0,310.4,1882,24.2,97,10.399999999999977,4769.3984150718325,2347.4,0
M,301.3,311.8,1376,57.0,198,10.5,8213.379833545156,11286.0,0
L,299.3,309.9,1472,39.9,51,10.599999999999966,6150.484433491953,2034.8999999999999,0
M,305.2,313.4,1771,27.6,54,8.199999999999989,5118.659742346922,1490.4,0
L,303.5,312.3,1345,62.7,153,8.800000000000011,8831.174028873587,9593.1,0
L,306.6,314.9,1363,53.1,7,8.299999999999955,7579.123692711912,371.7,0
M,302.7,312.8,1661,34.5,6,10.100000000000023,6000.913207254543,207.0,0
M,302.4,311.6,1461,48.6,70,9.200000000000045,7435.584324369394,3402.0,0
M,303.6,311.9,1452,39.4,78,8.299999999999955,5990.891526689591,3073.2,0
L,301.4,310.4,1446,45.3,23,9.0,6859.541895407169,1041.8999999999999,0
L,304.7,313.2,1532,39.8,92,8.5,6385.140460764086,3661.6,0
M,303.2,312.9,1530,35.7,80,9.699999999999989,5719.897744390937,2856.0,0
L,306.5,314.1,1428,46.2,139,7.600000000000023,6908.739236362386,6421.8,0
L,301.1,310.7,1521,39.3,151,9.599999999999966,6259.654778204198,5934.299999999999,0
L,302.9,312.7,1288,69.6,62,9.800000000000011,9387.581503750875,4315.2,1
H,302.6,312.6,1531,36.8,62,10.0,5899.994779245727,2281.6,0
H,301.3,311.1,1432,49.5,91,9.800000000000011,7422.955121901963,4504.5,0
M,306.8,315.2,1919,20.2,131,8.399999999999977,4059.3356435074666,2646.2,0
L,304.1,312.6,1417,46.9,35,8.5,6959.392181913765,1641.5,0
L,299.6,310.1,1671,28.8,108,10.5,5039.617271182603,3110.4,0
H,301.2,310.1,1460,48.6,204,8.900000000000034,7430.494944270578,9914.4,0
M,305.3,313.5,1578,33.5,158,8.199999999999989,5535.800414890574,5293.0,0
L,303.3,314.1,1560,37.7,107,10.800000000000011,6158.778238097431,4033.9,0
M,304.8,313.4,1346,44.6,142,8.599999999999966,6286.494451441367,6333.2,0
L,302.3,313.0,1281,59.8,15,10.699999999999989,8021.931177235393,897.0,0
L,300.8,309.8,1327,61.0,186,9.0,8476.750017671098,11346.0,1
M,304.3,313.6,1834,25.4,22,9.300000000000011,4878.223184592182,558.8,0
L,305.5,312.8,1551,37.3,168,7.300000000000011,6058.278689109092,6266.4,0
L,303.5,314.4,1576,31.1,149,10.899999999999977,5132.692189532957,4633.900000000001,0
M,302.8,312.2,1556,37.7,124,9.399999999999977,6142.986499025386,4674.8,0
L,302.4,311.6,1464,40.5,215,9.200000000000045,6209.043720554867,8707.5,0
M,302.6,313.1,1633,34.2,151,10.5,5848.451715775831,5164.200000000001,0
H,300.7,310.7,1489,43.0,151,10.0,6704.891761046456,6493.0,0
L,303.3,314.2,1579,33.6,59,10.899999999999977,5555.843776020477,1982.4,0
L,302.8,312.1,1447,43.1,12,9.300000000000011,6530.920831866166,517.2,0
L,304.7,313.0,2465,13.7,149,8.300000000000011,3536.43849026847,2041.3,0
M,307.1,316.0,1587,33.6,108,8.899999999999977,5583.992446196642,3628.8,0
L,301.0,311.1,1313,50.8,170,10.100000000000023,6984.849554383353,8636.0,0
L,303.6,313.0,1470,37.7,98,9.399999999999977,5803.464108976425,3694.6000000000004,0
M,301.0,311.0,1682,33.0,58,10.0,5812.574727671835,1914.0,0
L,300.4,310.7,1419,50.0,52,10.300000000000011,7429.86662573986,2600.0,0
H,300.3,310.9,1864,23.1,90,10.599999999999966,4509.065103844358,2079.0,0
M,302.7,311.5,1465,49.0,158,8.800000000000011,7517.307621264777,7742.0,0
M,303.3,312.4,1494,38.5,33,9.099999999999966,6023.37559472771,1270.5,0
H,305.0,312.4,1735,27.2,192,7.399999999999977,4941.9346836069835,5222.4,0
L,305.3,313.7,1633,36.4,114,8.399999999999977,6224.66790801872,4149.599999999999,0
L,304.1,314.7,1397,54.9,81,10.599999999999966,8031.513034828842,4446.9,0
L,301.1,310.4,1517,40.8,50,9.299999999999955,6481.482635474174,2039.9999999999998,0
L,299.9,310.4,1359,56.5,110,10.5,8040.749317230396,6215.0,0
M,304.3,314.0,1648,32.4,0,9.699999999999989,5591.532268565257,0.0,0
H,303.9,314.5,1397,42.7,212,10.600000000000023,6246.732360422433,9052.400000000001,0
H,305.1,313.4,1452,42.5,198,8.299999999999955,6462.256088434204,8415.0,0
M,305.5,312.8,1710,27.3,186,7.300000000000011,4888.632328251077,5077.8,0
L,305.7,314.9,1360,47.8,11,9.199999999999989,6807.6218408188415,525.8,0
L,304.6,313.1,1834,23.5,146,8.5,4513.316725902217,3431.0,0
M,304.1,313.7,1591,35.0,208,9.599999999999966,5831.319563838254,7280.0,0
L,302.5,311.8,1523,41.5,181,9.300000000000011,6618.759762460536,7511.5,0
M,301.9,311.8,1581,30.7,65,9.900000000000034,5082.75133831639,1995.5,0
L,300.3,311.2,1556,36.7,114,10.899999999999977,5980.042560059195,4183.8,0
L,305.6,314.5,1781,28.5,196,8.899999999999977,5315.41769024125,5586.0,0
L,299.8,310.5,1666,29.8,41,10.699999999999989,5199.000738474725,1221.8,0
L,301.7,312.4,1593,42.5,146,10.699999999999989,7089.789220988765,6205.0,0
M,304.7,313.6,1489,41.4,108,8.900000000000034,6455.407416449379,4471.2,0
L,303.4,312.5,1282,66.1,40,9.100000000000023,8873.972992790992,2644.0,0
L,304.7,313.3,1493,47.6,145,8.600000000000023,7442.097893137837,6902.0,0
M,305.1,313.5,1351,60.3,207,8.399999999999977,8531.026266749619,12482.099999999999,1
L,303.5,313.0,2633,12.2,17,9.5,3363.8708058067828,207.39999999999998,1
M,302.7,313.1,1572,38.0,139,10.400000000000034,6255.539291827996,5282.0,0
M,301.1,310.2,1419,47.4,142,9.099999999999966,7043.513561201386,6730.8,0
L,300.1,310.8,1773,23.8,169,10.699999999999989,4418.9013946863315,4022.2000000000003,0
H,301.8,312.3,1490,35.9,171,10.5,5601.564421105721,6138.9,0
M,304.8,312.0,1732,30.1,220,7.199999999999989,5459.375937604247,6622.0,0
L,304.7,313.7,1521,36.7,130,9.0,5845.530034607992,4771.0,0
L,301.2,310.3,1528,31.1,194,9.100000000000023,4976.366539090328,6033.400000000001,0
M,303.7,314.2,1701,30.8,44,10.5,5486.351746523072,1355.2,0
L,302.3,311.6,1470,41.1,118,9.300000000000011,6326.853445064484,4849.8,0
L,303.7,314.9,1470,38.6,56,11.199999999999989,5942.008344999735,2161.6,0
L,304.1,314.8,1682,29.7,83,10.699999999999989,5231.317254904651,2465.1,0
L,302.2,310.9,1509,39.4,0,8.699999999999989,6226.071152737323,0.0,0
L,307.1,315.7,1412,47.5,150,8.599999999999966,7023.55397587558,7125.0,0
L,303.3,311.8,1345,53.5,192,8.5,7535.3717790229175,10272.0,0
L,301.8,311.6,1477,42.4,158,9.800000000000011,6558.053720417668,6699.2,0
L,305.2,313.8,1530,37.3,207,8.600000000000023,5976.251704923862,7721.099999999999,1
L,302.7,312.9,1614,36.2,108,10.199999999999989,6118.4401884253375,3909.6000000000004,0
L,305.4,313.4,1349,46.1,148,8.0,6512.40637916101,6822.8,1
M,300.3,310.8,1657,31.1,8,10.5,5396.491724654891,248.8,0
L,301.5,312.2,1634,37.8,78,10.699999999999989,6468.036618916809,2948.3999999999996,0
M,305.7,313.6,1297,60.7,125,7.900000000000034,8244.366409085063,7587.5,1
M,305.9,313.6,1926,21.8,58,7.7000000000000455,4396.847414258131,1264.4,0
L,302.3,311.1,1314,48.2,65,8.800000000000011,6632.404746552627,3133.0,0
M,299.4,310.0,1684,31.4,72,10.600000000000023,5537.329323315321,2260.7999999999997,0
H,302.4,311.8,1534,37.5,39,9.400000000000034,6024.003913258428,1462.5,0
L,304.4,313.3,1362,53.2,4,8.900000000000034,7587.825904362356,212.8,0
M,306.9,315.2,1485,43.3,174,8.300000000000011,6733.532614071682,7534.2,0
L,306.9,315.6,1491,37.2,195,8.700000000000045,5808.302161662953,7254.000000000001,0
L,304.1,312.6,1564,36.8,7,8.5,6027.166449863042,257.59999999999997,0
H,301.8,311.1,1524,37.7,170,9.300000000000011,6016.652586449029,6409.000000000001,0
L,301.1,310.7,1654,32.1,25,9.599999999999966,5559.927846470144,802.5,0
L,303.9,313.4,1228,66.4,109,9.5,8538.765056652963,7237.6,0
M,301.8,311.1,1598,35.1,52,9.300000000000011,5873.7101207106925,1825.2,0
L,305.3,313.5,1428,47.9,174,8.199999999999989,7162.956913890871,8334.6,0
L,303.3,312.7,1492,52.3,2,9.399999999999977,8171.450043595242,104.6,0
L,300.6,311.1,1576,32.7,83,10.5,5396.7535240426905,2714.1000000000004,0
M,304.1,314.8,1852,25.9,131,10.699999999999989,5023.071549873695,3392.8999999999996,0
L,301.2,311.5,1489,40.6,89,10.300000000000011,6330.6652441508395,3613.4,0
L,305.8,313.1,1470,41.1,205,7.300000000000011,6326.853445064484,8425.5,0
M,300.5,312.0,1553,42.4,60,11.5,6895.502659315261,2544.0,0
M,299.8,309.9,1472,43.9,30,10.099999999999966,6767.074351636509,1317.0,0
L,305.0,313.2,1657,31.9,37,8.199999999999989,5535.3082320415115,1180.3,0
M,304.2,313.2,1527,41.1,53,9.0,6572.180415383312,2178.3,0
L,303.3,312.0,1474,38.7,35,8.699999999999989,5973.612767094848,1354.5,0
L,300.9,310.3,1286,59.5,55,9.400000000000034,8012.841502491006,3272.5,0
L,301.8,312.4,1739,30.6,83,10.599999999999966,5572.494217084503,2539.8,0
L,302.4,313.2,1551,41.2,3,10.800000000000011,6691.718015852403,123.60000000000001,0
L,299.3,309.9,1648,34.0,60,10.599999999999966,5867.657318864776,2040.0,0
L,304.5,313.1,1481,46.8,20,8.600000000000023,7258.210003147715,936.0,0
L,304.4,313.6,1462,37.1,41,9.200000000000045,5680.02046164137,1521.1000000000001,0
L,301.2,310.8,1805,31.6,96,9.600000000000023,5973.005392515153,3033.6000000000004,0
L,303.5,313.1,1543,36.2,30,9.600000000000023,5849.289473816788,1086.0,0
L,304.7,313.7,1589,37.9,75,9.0,6306.548284546782,2842.5,0
M,300.3,310.8,1544,41.7,6,10.5,6742.360489428271,250.20000000000002,0
M,304.7,312.6,1644,34.6,5,7.900000000000034,5956.710998618535,173.0,0
H,301.8,311.3,1445,49.9,4,9.5,7550.870302780627,199.6,0
H,303.2,312.4,1906,22.9,165,9.199999999999989,4570.7450396098375,3778.4999999999995,0
L,301.0,311.0,1404,46.6,201,10.0,6851.436586360908,9366.6,0
H,303.5,312.0,1635,34.2,62,8.5,5855.614547026016,2120.4,0
L,301.4,312.1,1710,27.3,163,10.700000000000045,4888.632328251077,4449.900000000001,1
M,305.3,314.0,1530,42.3,21,8.699999999999989,6777.35783158926,888.3,0
L,303.4,312.6,1503,42.2,196,9.200000000000045,6642.018020072613,8271.2,0
M,303.7,313.8,1487,39.8,50,10.100000000000023,6197.587379344776,1989.9999999999998,0
L,300.4,311.1,1488,36.4,71,10.700000000000045,5671.9570404971555,2584.4,0
L,306.9,315.1,1426,53.4,172,8.200000000000045,7974.241800753899,9184.8,0
L,302.3,313.1,1480,45.1,107,10.800000000000011,6989.8342147270505,4825.7,0
L,304.4,313.1,2137,18.0,99,8.700000000000045,4028.1501004328325,1782.0,0
L,300.4,311.1,1476,42.3,107,10.700000000000045,6538.156966944933,4526.099999999999,0
M,302.5,313.3,1754,31.3,114,10.800000000000011,5749.135500020346,3568.2000000000003,0
M,298.4,308.4,1518,40.6,178,10.0,6453.962283828728,7226.8,0
L,304.0,313.8,1342,50.9,60,9.800000000000011,7153.176088762696,3054.0,0
L,307.4,316.1,1568,39.1,0,8.700000000000045,6420.242522680197,0.0,0
L,305.0,313.0,1978,22.0,106,8.0,4556.984863787115,2332.0,0
M,303.7,312.1,1439,43.0,61,8.400000000000034,6479.744287539187,2623.0,0
M,300.2,310.9,1378,41.9,97,10.699999999999989,6046.330165049939,4064.2999999999997,0
H,304.2,313.4,1598,35.9,71,9.199999999999989,6007.5838556556655,2548.9,0
M,301.8,313.0,1678,32.8,4,11.199999999999989,5763.607770177881,131.2,0
H,301.8,312.5,1530,38.3,53,10.699999999999989,6136.472930256942,2029.8999999999999,0
L,302.9,313.4,1292,51.1,173,10.5,6913.723896706081,8840.300000000001,0
M,304.9,313.9,1465,39.9,153,9.0,6121.236205887032,6104.7,0
L,303.8,315.0,1423,47.3,123,11.199999999999989,7048.466805618547,5817.9,0
M,301.6,312.6,1458,41.9,61,11.0,6397.350784211038,2555.9,0
M,306.9,315.7,1570,40.7,74,8.800000000000011,6691.48763239114,3011.8,0
L,301.9,312.6,1394,42.7,179,10.700000000000045,6233.317759791605,7643.3,0
L,303.8,314.5,1477,37.3,164,10.699999999999989,5769.231221027808,6117.2,0
L,303.1,313.8,1470,45.2,40,10.699999999999989,6957.999409170673,1808.0,0
L,303.1,313.0,1627,29.2,95,9.899999999999977,4975.068014126844,2774.0,0
L,301.7,312.6,1641,31.1,49,10.900000000000034,5344.3831745073485,1523.9,0
L,305.1,313.5,1586,35.1,142,8.399999999999977,5829.602159854292,4984.2,0
L,301.3,311.7,1562,37.6,137,10.399999999999977,6150.316881883762,5151.2,0
M,301.7,311.9,1375,48.3,157,10.199999999999989,6954.700736884404,7583.099999999999,0
H,300.5,311.3,1824,24.0,179,10.800000000000011,4584.212000118226,4296.0,0
L,302.1,310.8,1524,34.1,128,8.699999999999989,5442.118121960527,4364.8,0
L,304.2,312.9,1390,49.9,74,8.699999999999989,7263.466934854721,3692.6,0
M,303.3,312.1,1524,38.4,54,8.800000000000011,6128.367621210681,2073.6,0
L,306.3,313.8,1350,48.1,32,7.5,6799.977298695107,1539.2,1
L,301.6,311.9,1667,35.6,185,10.299999999999955,6214.6148115272335,6586.0,0
L,305.6,312.8,1479,40.4,105,7.199999999999989,6257.172920007863,4242.0,0
M,302.2,311.0,1526,37.3,135,8.800000000000011,5960.62751746001,5035.5,0
M,302.4,311.1,1541,39.1,109,8.700000000000045,6309.689877200372,4261.900000000001,0
L,304.4,313.2,1376,50.6,25,8.800000000000011,7291.175782059384,1265.0,0
L,305.5,312.9,1349,55.1,187,7.399999999999977,7783.808926068799,10303.7,1
L,303.6,314.7,1308,54.7,52,11.099999999999966,7492.447151399369,2844.4,0
M,306.3,314.3,1536,40.6,205,8.0,6530.491480870175,8323.0,0
L,299.8,310.1,1588,37.6,126,10.300000000000011,6252.690914488741,4737.6,0
M,301.7,312.5,1459,40.2,69,10.800000000000011,6142.002133327261,2773.8,0
H,301.6,311.9,1362,45.3,56,10.299999999999955,6461.06228322584,2536.7999999999997,0
L,300.2,311.2,1463,49.9,146,11.0,7644.929586829106,7285.4,0
L,303.6,314.2,1556,34.9,76,10.599999999999966,5686.743469920051,2652.4,0
M,303.7,313.1,1349,54.5,19,9.400000000000034,7699.048756274946,1035.5,0
L,301.0,310.2,1606,30.8,17,9.199999999999989,5179.941743042947,523.6,0
L,303.5,314.1,1534,37.7,90,10.600000000000023,6056.13193412914,3393.0000000000005,0
M,303.4,312.2,1685,32.3,167,8.800000000000011,5699.425032265041,5394.099999999999,0
L,298.8,308.9,1399,47.6,84,10.099999999999966,6973.539820830432,3998.4,0
L,304.1,312.7,1657,34.1,52,8.599999999999966,5917.0536273547195,1773.2,0
L,304.0,313.5,1634,31.2,182,9.5,5338.69689180435,5678.4,0
M,298.7,308.8,1347,50.4,46,10.100000000000023,7109.298511367559,2318.4,0
L,303.4,312.3,1549,38.9,150,8.900000000000034,6310.004036465731,5835.0,0
M,303.0,313.9,1537,35.4,120,10.899999999999977,5697.780932109664,4248.0,0
L,303.2,312.3,1557,33.8,19,9.100000000000023,5511.044664780286,642.1999999999999,0
L,301.9,311.2,1356,50.7,185,9.300000000000011,7199.399388672513,9379.5,0
M,305.2,313.9,1372,55.1,9,8.699999999999989,7916.520271731943,495.90000000000003,0
M,301.4,310.7,1463,37.6,188,9.300000000000011,5760.50806542634,7068.8,0
L,306.9,315.2,1602,33.9,165,8.300000000000011,5687.0995170874585,5593.5,0
H,300.9,310.0,1880,23.3,146,9.100000000000023,4587.144153261576,3401.8,0
H,303.9,314.5,2129,17.8,173,10.600000000000023,3968.480783965651,3079.4,0
M,304.4,312.5,1689,32.1,207,8.100000000000023,5677.580491347082,6644.700000000001,0
M,301.9,312.4,1449,44.1,112,10.5,6691.686599925867,4939.2,0
H,306.4,314.7,1554,36.8,85,8.300000000000011,5988.629579979007,3127.9999999999995,0
L,304.1,313.1,1417,47.6,10,9.0,7063.263707016955,476.0,0
L,299.1,309.6,1898,22.7,20,10.5,4511.808761428493,454.0,0
L,301.5,310.6,1662,28.6,48,9.100000000000023,4977.665064053812,1372.8000000000002,0
L,305.6,314.6,1782,26.8,198,9.0,5001.164177102663,5306.400000000001,0
L,300.4,310.7,1471,46.5,25,10.300000000000011,7162.988329817407,1162.5,0
L,301.3,310.5,1578,37.8,101,9.199999999999989,6246.365841279513,3817.7999999999997,0
H,299.9,310.3,1549,37.8,104,10.400000000000034,6131.572045717342,3931.2,0
M,303.9,313.0,1702,29.3,32,9.100000000000023,5222.227580160265,937.6,0
L,303.2,314.0,1492,41.8,128,10.800000000000011,6530.910359890653,5350.4,0
L,305.1,314.0,1444,44.9,97,8.899999999999977,6789.568155036212,4355.3,0
L,302.6,311.6,1369,51.4,164,9.0,7368.77312060305,8429.6,0
M,305.2,313.1,1355,51.5,126,7.900000000000034,7307.606311637657,6489.0,1
M,301.0,310.7,2090,19.0,143,9.699999999999989,4158.42147580169,2717.0,0
L,305.6,314.1,1453,37.0,135,8.5,5629.838754988029,4995.0,0
M,303.3,313.6,1477,44.2,166,10.300000000000011,6836.461661378797,7337.200000000001,0
L,303.3,312.9,1336,54.4,52,9.599999999999966,7610.864250488679,2828.7999999999997,0
M,300.5,311.9,1678,34.4,148,11.399999999999977,6044.759368723145,5091.2,0
L,303.5,314.0,1499,37.6,73,10.5,5902.256725956312,2744.8,0
L,303.7,312.7,1387,50.6,83,9.0,7349.462797758985,4199.8,0
L,306.0,313.8,1365,56.2,146,7.800000000000011,8033.366574494459,8205.2,1
L,303.0,311.9,2010,20.0,55,8.899999999999977,4209.734155810323,1100.0,0
L,300.9,310.0,1602,38.3,21,9.100000000000023,6425.248126974916,804.3,0
M,304.7,312.5,1391,50.6,195,7.800000000000011,7370.6580761952055,9867.0,0
L,299.9,310.4,1626,29.9,177,10.5,5091.202222554546,5292.3,0
L,303.7,312.0,1479,43.6,240,8.300000000000011,6752.7905770381885,10464.0,0
L,303.7,313.0,1357,52.6,199,9.300000000000011,7474.707624882099,10467.4,0
L,306.0,315.2,1551,41.8,111,9.199999999999989,6789.170219966758,4639.799999999999,0
L,301.9,311.2,1433,44.7,108,9.300000000000011,6707.834386165319,4827.6,0
L,302.8,311.6,1612,35.4,205,8.800000000000011,5975.81188195236,7257.0,0
L,302.7,311.8,1434,38.5,127,9.100000000000023,5781.472960401296,4889.5,0
L,303.6,313.0,1570,38.3,14,9.399999999999977,6296.903595100261,536.1999999999999,0
L,303.2,311.9,1527,37.0,194,8.699999999999989,5916.561444505657,7178.0,0
M,302.7,311.6,1352,46.1,102,8.900000000000034,6526.889121294059,4702.2,0
M,301.7,312.1,1686,26.2,189,10.400000000000034,4625.806686851754,4951.8,0
H,303.4,313.9,1445,52.4,105,10.5,7929.170418150398,5502.0,0
M,304.8,313.2,1309,43.3,68,8.399999999999977,5935.4843042557795,2944.3999999999996,0
L,303.4,314.3,1272,59.2,198,10.900000000000034,7885.648887922668,11721.6,1
M,300.1,310.4,1662,26.9,183,10.299999999999955,4681.7898679387245,4922.7,0
M,300.5,311.9,1433,48.3,139,11.399999999999977,7248.062658876618,6713.7,0
H,303.7,312.0,2007,19.7,2,8.300000000000011,4140.399205945596,39.4,0
L,304.5,313.6,1469,49.5,107,9.100000000000023,7614.749353403619,5296.5,0
L,302.0,311.1,1429,37.7,126,9.100000000000023,5641.598783487967,4750.200000000001,0
L,307.0,315.7,1314,47.1,144,8.699999999999989,6481.042812502671,6782.400000000001,0
L,306.0,313.5,1359,44.2,115,7.5,6290.285306576699,5083.0,1
M,305.7,314.5,1944,21.4,71,8.800000000000011,4356.509364586038,1519.3999999999999,0
L,300.1,310.3,1536,40.4,92,10.199999999999989,6498.321572097414,3716.7999999999997,0
H,301.0,310.1,1593,32.2,118,9.100000000000023,5371.557950960901,3799.6000000000004,0
M,305.4,314.4,1398,50.1,188,9.0,7334.550704629946,9418.800000000001,0
H,304.5,313.4,1524,40.4,124,8.899999999999977,6447.553434815404,5009.599999999999,0
H,301.8,312.1,1516,40.2,152,10.300000000000011,6381.95698020845,6110.400000000001,0
M,301.0,311.2,1494,42.6,96,10.199999999999989,6664.825982737674,4089.6000000000004,0
L,303.8,313.3,1634,29.2,149,9.5,4996.472732073302,4350.8,0
L,306.1,313.7,1394,45.3,144,7.599999999999966,6612.864040247298,6523.2,0
L,304.3,313.2,1761,24.3,174,8.899999999999977,4481.199177007017,4228.2,0
L,300.9,311.9,1558,35.7,39,11.0,5824.575611608549,1392.3000000000002,0
M,302.8,311.7,1372,58.2,65,8.899999999999977,8361.914334206882,3783.0,0
M,305.2,313.7,1471,41.9,166,8.5,6454.391634824718,6955.4,0
L,304.0,314.0,1559,31.8,195,10.0,5191.607523763277,6201.0,0
M,299.7,310.0,1515,42.1,55,10.300000000000011,6679.183061164579,2315.5,0
L,301.1,310.2,1289,48.3,42,9.099999999999966,6519.715818068361,2028.6,0
M,301.1,310.2,1424,47.7,103,9.099999999999966,7113.068422551866,4913.1,0
L,303.9,313.3,1708,29.1,14,9.400000000000034,5204.865044761425,407.40000000000003,0
L,301.4,310.5,1540,37.8,7,9.100000000000023,6095.946385025633,264.59999999999997,0
L,303.4,312.0,1349,50.4,30,8.600000000000023,7119.854262683619,1512.0,0
L,305.6,314.8,1647,31.8,52,9.199999999999989,5484.655286490132,1653.6000000000001,0
M,304.6,312.9,1377,44.9,161,8.299999999999955,6474.5397157097395,7228.9,0
L,304.5,313.0,1593,32.9,155,8.5,5488.330949894832,5099.5,0
L,301.0,310.0,1618,35.2,31,9.0,5964.167045183055,1091.2,0
L,301.4,310.8,1422,42.7,186,9.400000000000034,6358.520699012669,7942.200000000001,0
L,301.1,310.6,1484,40.4,59,9.5,6278.326310542034,2383.6,0
M,305.4,312.6,1379,48.9,107,7.2000000000000455,7061.577718959528,5232.3,1
L,304.4,313.8,2323,15.9,50,9.400000000000034,3867.8974591732176,795.0,0
L,304.8,312.1,1432,43.7,138,7.300000000000011,6553.194723780117,6030.6,0
L,304.0,313.4,1479,44.3,194,9.399999999999977,6861.206939513571,8594.199999999999,0
L,303.8,312.4,1312,65.3,192,8.599999999999966,8971.718412219681,12537.599999999999,1
H,301.2,311.5,1524,39.1,100,10.300000000000011,6240.082655972335,3910.0,0
L,303.3,314.3,1488,38.4,51,11.0,5983.603031733263,1958.3999999999999,0
L,302.4,311.8,1377,43.6,28,9.400000000000034,6287.080882070038,1220.8,0
L,305.9,314.7,1571,40.6,139,8.800000000000011,6679.298252895212,5643.400000000001,0
L,304.8,312.5,1642,32.6,201,7.699999999999989,5605.564715751292,6552.6,0
L,301.2,311.3,1666,31.5,30,10.100000000000023,5495.588028924625,945.0,0
L,304.2,314.9,1480,53.5,97,10.699999999999989,8291.71021037466,5189.5,0
L,300.7,309.7,1668,32.7,31,9.0,5711.792435344675,1013.7,0
L,300.5,310.9,1440,35.9,13,10.399999999999977,5413.592460665931,466.7,0
H,302.8,313.4,1427,47.2,168,10.599999999999966,7053.336274231613,7929.6,0
M,304.5,313.1,1447,41.9,140,8.600000000000023,6349.085449076388,5866.0,0
L,300.8,312.3,1533,36.8,198,11.5,5907.7021532225335,7286.4,0
H,304.2,313.2,1656,26.2,64,9.0,4543.496959327702,1676.8,0
M,301.2,311.3,1607,31.9,39,10.100000000000023,5368.2802226256545,1244.1,0
L,301.0,311.2,1506,47.0,208,10.199999999999989,7412.273706879758,9776.0,0
H,303.3,314.3,2141,18.5,204,11.0,4147.792420657044,3774.0,0
L,301.4,311.4,1628,34.9,93,10.0,5949.883270584733,3245.7,0
H,302.0,312.6,1432,50.0,45,10.600000000000023,7497.934466567639,2250.0,0
H,306.0,315.0,1698,30.0,89,9.0,5334.424325795469,2670.0,0
L,300.2,311.0,1574,35.8,95,10.800000000000011,5900.874425188732,3400.9999999999995,0
L,301.7,312.7,1363,45.5,28,11.0,6494.35269337838,1274.0,0
L,301.6,312.2,1356,54.0,6,10.599999999999966,7667.999348881966,324.0,0
L,301.3,311.7,1383,52.1,26,10.399999999999977,7545.508651318501,1354.6000000000001,0
L,301.2,310.0,1470,51.3,180,8.800000000000011,7897.021453328663,9234.0,0
L,301.1,310.1,1460,46.5,143,9.0,7109.424175073702,6649.5,0
L,304.1,314.2,1408,46.3,135,10.099999999999966,6826.722724152667,6250.5,0
H,302.9,312.6,1447,51.4,185,9.700000000000045,7788.615562828792,9509.0,0
L,304.0,314.0,1444,39.8,197,10.0,6018.36999043299,7840.599999999999,0
L,301.7,312.1,1516,38.5,61,10.400000000000034,6112.073227314062,2348.5,0
L,301.8,310.9,1737,27.7,130,9.099999999999966,5038.580545606917,3601.0,0
L,305.3,314.4,1434,51.9,173,9.099999999999966,7793.725886878629,8978.699999999999,0
L,300.2,310.6,1662,31.3,0,10.400000000000034,5447.584493177773,0.0,0
M,305.7,314.9,1422,44.5,49,9.199999999999989,6626.5613842169505,2180.5,0
L,303.3,314.3,1746,26.3,187,11.0,4808.7102111437525,4918.1,0
L,300.2,310.6,1474,44.3,152,10.400000000000034,6838.011513754567,6733.599999999999,0
H,301.8,313.0,1294,55.8,202,11.199999999999989,7561.310862366057,11271.599999999999,0
L,304.3,313.5,1576,30.4,151,9.199999999999989,5017.165355684947,4590.4,0
H,301.1,312.0,1530,40.2,65,10.899999999999977,6440.893258389794,2613.0,0
M,301.3,310.9,1486,44.2,196,9.599999999999966,6878.119179965397,8663.2,0
L,303.8,313.0,1482,39.0,47,9.199999999999989,6052.5924064060955,1833.0,0
L,304.4,313.1,1557,38.2,157,8.700000000000045,6228.458763154052,5997.400000000001,0
L,303.0,313.8,1520,39.2,43,10.800000000000011,6239.6218890498085,1685.6000000000001,0
L,302.7,311.9,1399,39.9,91,9.199999999999989,5845.4672027549195,3630.9,0
M,303.8,313.9,1852,22.2,53,10.099999999999966,4305.48989989174,1176.6,0
L,303.9,315.2,1416,43.8,112,11.300000000000011,6494.802988325394,4905.599999999999,0
L,305.7,314.9,1423,51.9,60,9.199999999999989,7733.941378680816,3114.0,0
L,300.9,311.1,1757,27.5,118,10.200000000000045,5059.79676799416,3245.0,0
L,301.4,311.4,1496,37.9,194,10.0,5937.442563676517,7352.599999999999,0
H,306.9,315.7,1680,29.1,201,8.800000000000011,5119.539388289927,5849.1,0
M,304.5,313.1,1638,31.9,137,8.600000000000023,5471.837588463486,4370.3,0
M,306.4,314.0,1560,36.4,114,7.600000000000023,5946.40657471476,4149.599999999999,0
H,304.7,312.6,1462,38.3,49,7.900000000000034,5863.740800023301,1876.6999999999998,0
M,299.9,310.5,1641,33.3,67,10.600000000000023,5722.442434440343,2231.1,0
M,301.9,311.4,1750,29.9,50,9.5,5479.461186636197,1495.0,0
M,305.3,312.6,1731,33.4,112,7.300000000000011,6054.414530145176,3740.7999999999997,0
L,301.3,311.9,1378,52.3,12,10.599999999999966,7547.0899196208065,627.5999999999999,0
L,303.2,312.7,1378,43.9,193,9.5,6334.937810159721,8472.699999999999,0
L,305.6,314.6,1344,51.0,206,9.0,7177.910894921959,10506.0,0
M,304.1,313.6,1615,37.7,153,9.5,6375.914650338045,5768.1,0
L,302.6,311.5,1472,48.8,72,8.899999999999977,7522.397001363591,3513.6,0
M,304.3,312.5,1696,32.4,202,8.199999999999989,5754.392431727351,6544.799999999999,0
H,301.9,312.7,1771,26.8,216,10.800000000000011,4970.292793293388,5788.8,0
L,305.3,314.1,1784,26.4,79,8.800000000000011,4932.049138723688,2085.6,0
L,306.8,315.1,1793,28.1,170,8.300000000000011,5276.1268381203545,4777.0,0
M,302.6,311.9,1642,30.3,80,9.299999999999955,5210.080088566384,2424.0,0
M,305.2,313.8,1658,31.0,2,8.600000000000023,5382.385973640273,62.0,0
L,304.5,313.2,1423,44.0,222,8.699999999999989,6556.713307552137,9768.0,0
M,303.1,313.8,1518,40.2,130,10.699999999999989,6390.37644852007,5226.0,0
L,305.0,313.3,1454,36.6,0,8.300000000000011,5572.808376349863,0.0,0
L,305.6,313.5,1660,38.0,99,7.899999999999977,6605.722152948138,3762.0,0
L,306.4,314.4,1377,41.6,34,8.0,5998.682676470495,1414.4,1
M,300.3,310.6,1369,52.0,214,10.300000000000011,7454.78992745834,11128.0,0
M,303.0,313.9,1352,61.8,10,10.899999999999977,8749.712531366004,618.0,0
M,301.9,312.1,1472,46.0,199,10.200000000000045,7090.7840586624025,9154.0,0
L,300.5,311.9,1803,24.7,98,11.399999999999977,4663.60004647444,2420.6,0
L,305.2,313.1,1462,43.6,0,7.900000000000034,6675.172294543497,0.0,0
L,301.9,312.4,1500,44.2,115,10.5,6942.919764433443,5083.0,0
L,304.0,313.4,1740,28.9,129,9.399999999999977,5265.937605947211,3728.1,0
M,307.0,315.7,1437,53.9,7,8.699999999999989,8110.995328964664,377.3,0
L,305.3,313.4,1596,33.5,104,8.099999999999966,5598.946427227729,3484.0,0
H,303.4,313.8,2026,20.3,26,10.400000000000034,4306.893144610343,527.8000000000001,0
M,305.5,313.5,1387,52.1,116,8.0,7567.332248285437,6043.6,0
M,302.7,312.1,1477,42.7,163,9.400000000000034,6604.45504391119,6960.1,0
L,303.3,312.8,2158,16.8,32,9.5,3796.5518900101933,537.6,0
L,304.5,313.0,1466,48.1,189,8.5,7384.2716443607615,9090.9,0
M,302.2,310.7,1674,28.2,14,8.5,4943.484535982754,394.8,0
H,300.6,311.1,1480,39.8,19,10.5,6168.412455568438,756.1999999999999,0
H,300.4,311.2,1726,26.8,158,10.800000000000011,4844.000768619078,4234.400000000001,0
L,302.4,311.8,1401,59.0,38,9.400000000000034,8656.030238435957,2242.0,0
L,301.4,312.2,1518,39.8,165,10.800000000000011,6326.790613211411,6566.999999999999,0
L,300.2,311.0,1513,42.9,212,10.800000000000011,6797.11844938034,9094.8,0
L,301.0,310.8,1362,56.8,216,9.800000000000011,8101.28780766507,12268.8,1
M,298.6,308.6,1651,28.1,110,10.0,4858.274071241888,3091.0,0
H,299.4,310.0,1596,35.1,75,10.600000000000023,5866.358793901293,2632.5,0
M,301.1,311.0,1372,51.1,116,9.899999999999977,7341.81825563525,5927.6,0
L,307.2,315.8,1668,35.7,180,8.600000000000023,6235.810089963453,6426.000000000001,0
H,301.6,310.8,1377,52.1,181,9.199999999999989,7512.773255868095,9430.1,0
L,300.4,311.2,1638,31.9,131,10.800000000000011,5471.837588463486,4178.9,0
M,306.7,315.4,1406,41.9,48,8.699999999999989,6169.187381756325,2011.1999999999998,0
M,302.0,311.4,1449,39.6,105,9.399999999999977,6008.861436668125,4158.0,0
L,304.9,312.9,1884,23.4,163,8.0,4616.6332363032725,3814.2,0
M,303.9,312.4,1465,42.9,209,8.5,6581.479529637937,8966.1,0
L,305.6,314.9,1628,33.0,15,9.299999999999955,5625.964124048602,495.0,0
L,302.6,313.4,1472,40.9,137,10.799999999999955,6304.631913028092,5603.3,0
M,304.1,313.1,1310,48.8,103,9.0,6694.524505289609,5026.4,0
L,304.9,312.1,1446,43.2,225,7.2000000000000455,6541.549887010811,9720.0,0
L,303.9,313.2,1740,25.3,164,9.300000000000011,4609.973059877662,4149.2,0
M,300.3,310.8,1501,38.2,2,10.5,6004.442263002076,76.4,0
L,299.5,310.0,1566,35.1,206,10.5,5756.0888917602915,7230.6,0
L,301.9,311.1,1771,24.1,213,9.200000000000045,4469.554340237711,5133.3,0
H,300.7,310.1,1538,38.3,63,9.400000000000034,6168.559063225605,2412.8999999999996,0
M,300.0,310.2,1498,47.1,199,10.199999999999989,7388.58609827169,9372.9,0
L,303.0,311.8,1395,56.5,122,8.800000000000011,8253.749299143783,6893.0,0
L,303.8,313.2,1633,27.8,0,9.399999999999977,4754.004611069243,0.0,0
L,302.1,310.7,1319,60.3,36,8.599999999999966,8328.959027270723,2170.7999999999997,0
H,300.7,311.8,1400,48.9,147,11.100000000000023,7169.114435491908,7188.3,0
L,304.1,314.2,1816,24.5,7,10.099999999999966,4659.191344783902,171.5,0
L,304.3,313.1,1436,44.2,76,8.800000000000011,6646.68852115095,3359.2000000000003,0
L,301.3,311.3,1454,49.0,166,10.0,7460.8636732552795,8134.0,0
M,305.6,313.0,1542,39.9,184,7.399999999999977,6442.966709541162,7341.599999999999,0
L,300.1,311.0,1425,40.0,35,10.899999999999977,5969.026041820606,1400.0,0
